call_id,timestamp,customer_id,agent_id,call_duration_sec,wait_time_sec,call_status,csat_score,issue_category
CALL-2026040001,2026-04-01 08:15:00,CUST-8694,AGT-124,372,103,Dropped,1,Billing & Payment
CALL-2026040002,2026-04-01 08:45:00,CUST-9502,AGT-103,146,11,Answered,5,Network Outage
CALL-2026040003,2026-04-01 09:00:00,CUST-4810,AGT-107,513,13,Answered,4,Technical Support
CALL-2026040004,2026-04-01 09:15:00,CUST-8069,AGT-107,221,89,Answered,4,Billing & Payment
CALL-2026040005,2026-04-01 10:15:00,CUST-9567,AGT-118,276,77,Answered,5,Technical Support
CALL-2026040006,2026-04-01 10:15:00,CUST-2828,AGT-105,301,127,Answered,5,Technical Support
CALL-2026040007,2026-04-01 10:30:00,CUST-9202,AGT-113,266,274,Dropped,1,General Inquiry
CALL-2026040008,2026-04-01 10:45:00,CUST-4564,AGT-114,220,64,Answered,4,Technical Support
CALL-2026040009,2026-04-01 10:45:00,CUST-7402,AGT-124,246,40,Answered,5,Billing & Payment
CALL-2026040010,2026-04-01 12:00:00,CUST-9194,AGT-103,174,75,Answered,5,Technical Support
CALL-2026040011,2026-04-01 12:45:00,CUST-2933,AGT-105,224,407,Dropped,3,Technical Support
CALL-2026040012,2026-04-01 13:15:00,CUST-1954,AGT-102,245,113,Answered,5,Billing & Payment
CALL-2026040013,2026-04-01 14:00:00,CUST-9228,AGT-116,278,44,Answered,5,Account Management
CALL-2026040014,2026-04-01 14:00:00,CUST-3745,AGT-103,386,233,Answered,1,Billing & Payment
CALL-2026040015,2026-04-01 14:45:00,CUST-5311,AGT-119,256,80,Answered,4,Network Outage
CALL-2026040016,2026-04-01 15:00:00,CUST-5286,AGT-106,255,138,Missed,1,Technical Support
CALL-2026040017,2026-04-01 16:30:00,CUST-6150,AGT-123,300,112,Answered,5,Technical Support
CALL-2026040018,2026-04-01 16:45:00,CUST-9780,AGT-112,266,30,Answered,5,Technical Support
CALL-2026040019,2026-04-01 17:00:00,CUST-3064,AGT-108,414,70,Answered,5,Technical Support
CALL-2026040020,2026-04-01 17:30:00,CUST-6352,AGT-102,299,70,Dropped,1,Billing & Payment
CALL-2026040021,2026-04-01 17:30:00,CUST-8059,AGT-104,247,31,Answered,4,Technical Support
CALL-2026040022,2026-04-01 18:00:00,CUST-5569,AGT-124,295,133,Missed,3,Technical Support
CALL-2026040023,2026-04-01 18:00:00,CUST-9954,AGT-103,382,39,Answered,3,Account Management
CALL-2026040024,2026-04-01 18:30:00,CUST-4356,AGT-104,238,46,Answered,5,Billing & Payment
CALL-2026040025,2026-04-01 19:30:00,CUST-2098,AGT-120,236,98,Answered,5,Network Outage
CALL-2026040026,2026-04-01 19:30:00,CUST-1988,AGT-121,248,126,Missed,2,General Inquiry
CALL-2026040027,2026-04-01 19:45:00,CUST-6626,AGT-101,209,87,Answered,5,Billing & Payment
CALL-2026040028,2026-04-01 20:30:00,CUST-6390,AGT-112,337,216,Answered,3,Billing & Payment
CALL-2026040029,2026-04-01 20:30:00,CUST-4380,AGT-108,337,121,Answered,3,Network Outage
CALL-2026040030,2026-04-01 20:30:00,CUST-5473,AGT-103,399,47,Answered,5,Technical Support
CALL-2026040031,2026-04-01 21:30:00,CUST-2875,AGT-104,320,25,Answered,5,Account Management
CALL-2026040032,2026-04-01 21:30:00,CUST-1583,AGT-111,190,19,Answered,5,General Inquiry
CALL-2026040033,2026-04-01 21:30:00,CUST-2389,AGT-115,350,30,Answered,3,Account Management
CALL-2026040034,2026-04-01 21:45:00,CUST-1213,AGT-119,318,26,Missed,1,Technical Support
CALL-2026040035,2026-04-01 23:00:00,CUST-9783,AGT-122,260,82,Answered,5,Account Management
CALL-2026040036,2026-04-01 23:00:00,CUST-2949,AGT-101,282,36,Answered,5,Network Outage
CALL-2026040037,2026-04-01 23:30:00,CUST-1089,AGT-114,289,113,Dropped,1,Account Management
CALL-2026040038,2026-04-01 23:30:00,CUST-1634,AGT-106,255,67,Answered,4,Account Management
CALL-2026040039,2026-04-02 00:00:00,CUST-9907,AGT-108,326,68,Answered,5,General Inquiry
CALL-2026040040,2026-04-02 00:30:00,CUST-1207,AGT-104,397,101,Answered,3,Account Management
CALL-2026040041,2026-04-02 01:00:00,CUST-8867,AGT-110,435,87,Answered,5,Billing & Payment
CALL-2026040042,2026-04-02 02:30:00,CUST-4638,AGT-114,376,22,Answered,5,Billing & Payment
CALL-2026040043,2026-04-02 02:30:00,CUST-1306,AGT-112,283,86,Answered,5,Account Management
CALL-2026040044,2026-04-02 02:45:00,CUST-7236,AGT-122,290,27,Answered,5,Technical Support
CALL-2026040045,2026-04-02 03:15:00,CUST-1158,AGT-124,139,35,Answered,4,Billing & Payment
CALL-2026040046,2026-04-02 03:45:00,CUST-2394,AGT-122,460,39,Answered,5,Billing & Payment
CALL-2026040047,2026-04-02 04:15:00,CUST-8904,AGT-103,429,41,Answered,5,Network Outage
CALL-2026040048,2026-04-02 04:30:00,CUST-5648,AGT-122,394,45,Answered,4,Network Outage
CALL-2026040049,2026-04-02 06:15:00,CUST-9321,AGT-107,163,39,Answered,4,Technical Support
CALL-2026040050,2026-04-02 06:15:00,CUST-8062,AGT-115,384,139,Answered,4,Technical Support
CALL-2026040051,2026-04-02 06:30:00,CUST-6724,AGT-110,477,19,Dropped,1,Account Management
CALL-2026040052,2026-04-02 07:00:00,CUST-8029,AGT-120,166,65,Answered,5,Billing & Payment
CALL-2026040053,2026-04-02 07:30:00,CUST-4568,AGT-124,252,62,Answered,4,Network Outage
CALL-2026040054,2026-04-02 07:45:00,CUST-1968,AGT-105,314,12,Answered,4,General Inquiry
CALL-2026040055,2026-04-02 08:15:00,CUST-6178,AGT-105,200,62,Answered,5,Technical Support
CALL-2026040056,2026-04-02 08:30:00,CUST-1125,AGT-102,425,226,Answered,1,Billing & Payment
CALL-2026040057,2026-04-02 09:15:00,CUST-7570,AGT-118,214,55,Answered,5,Billing & Payment
CALL-2026040058,2026-04-02 09:45:00,CUST-7812,AGT-106,325,21,Answered,5,Network Outage
CALL-2026040059,2026-04-02 10:30:00,CUST-7089,AGT-118,313,349,Answered,3,Technical Support
CALL-2026040060,2026-04-02 10:45:00,CUST-4072,AGT-119,325,345,Dropped,1,General Inquiry
CALL-2026040061,2026-04-02 11:30:00,CUST-9125,AGT-102,274,38,Answered,5,General Inquiry
CALL-2026040062,2026-04-02 12:00:00,CUST-4230,AGT-109,309,219,Answered,4,Technical Support
CALL-2026040063,2026-04-02 12:30:00,CUST-5114,AGT-106,351,408,Answered,1,General Inquiry
CALL-2026040064,2026-04-02 13:00:00,CUST-1454,AGT-121,244,112,Answered,5,Billing & Payment
CALL-2026040065,2026-04-02 13:00:00,CUST-3875,AGT-101,427,114,Answered,4,Technical Support
CALL-2026040066,2026-04-02 13:15:00,CUST-7228,AGT-108,370,147,Answered,4,Billing & Payment
CALL-2026040067,2026-04-02 13:45:00,CUST-1011,AGT-105,489,186,Answered,3,Billing & Payment
CALL-2026040068,2026-04-02 14:30:00,CUST-7570,AGT-113,345,131,Dropped,1,Network Outage
CALL-2026040069,2026-04-02 15:15:00,CUST-7542,AGT-104,262,13,Answered,4,General Inquiry
CALL-2026040070,2026-04-02 15:30:00,CUST-8151,AGT-121,329,32,Answered,5,Technical Support
CALL-2026040071,2026-04-02 15:45:00,CUST-8311,AGT-110,225,85,Answered,4,Account Management
CALL-2026040072,2026-04-02 15:45:00,CUST-8052,AGT-107,137,104,Answered,5,Technical Support
CALL-2026040073,2026-04-02 16:15:00,CUST-6203,AGT-104,322,111,Answered,3,Technical Support
CALL-2026040074,2026-04-02 16:15:00,CUST-8285,AGT-121,75,25,Answered,5,Network Outage
CALL-2026040075,2026-04-02 16:30:00,CUST-6752,AGT-110,347,36,Answered,5,General Inquiry
CALL-2026040076,2026-04-02 16:30:00,CUST-8227,AGT-107,216,16,Answered,4,Account Management
CALL-2026040077,2026-04-02 16:30:00,CUST-1482,AGT-112,390,24,Answered,4,Network Outage
CALL-2026040078,2026-04-02 16:45:00,CUST-2100,AGT-102,426,64,Answered,4,Technical Support
CALL-2026040079,2026-04-02 17:15:00,CUST-7780,AGT-107,373,10,Answered,4,Account Management
CALL-2026040080,2026-04-02 18:00:00,CUST-7764,AGT-114,233,72,Answered,4,Technical Support
CALL-2026040081,2026-04-02 18:15:00,CUST-6472,AGT-106,211,14,Answered,4,Billing & Payment
CALL-2026040082,2026-04-02 18:30:00,CUST-8397,AGT-108,283,55,Answered,4,Account Management
CALL-2026040083,2026-04-02 19:45:00,CUST-6249,AGT-123,278,37,Answered,5,Billing & Payment
CALL-2026040084,2026-04-02 20:30:00,CUST-4374,AGT-123,290,16,Answered,5,Billing & Payment
CALL-2026040085,2026-04-02 20:30:00,CUST-4719,AGT-120,212,38,Answered,3,Billing & Payment
CALL-2026040086,2026-04-02 20:45:00,CUST-7549,AGT-118,351,130,Answered,5,Network Outage
CALL-2026040087,2026-04-02 21:00:00,CUST-3785,AGT-114,175,25,Answered,4,Technical Support
CALL-2026040088,2026-04-02 22:15:00,CUST-3496,AGT-111,141,29,Dropped,2,Network Outage
CALL-2026040089,2026-04-02 22:15:00,CUST-9453,AGT-103,100,61,Answered,4,Network Outage
CALL-2026040090,2026-04-02 22:30:00,CUST-9785,AGT-113,389,136,Answered,5,Billing & Payment
CALL-2026040091,2026-04-03 00:00:00,CUST-8693,AGT-109,240,11,Dropped,1,Billing & Payment
CALL-2026040092,2026-04-03 00:15:00,CUST-6656,AGT-102,231,128,Dropped,1,Technical Support
CALL-2026040093,2026-04-03 01:00:00,CUST-5917,AGT-114,184,51,Answered,3,Technical Support
CALL-2026040094,2026-04-03 01:15:00,CUST-8137,AGT-104,252,207,Answered,4,Technical Support
CALL-2026040095,2026-04-03 01:45:00,CUST-9734,AGT-114,284,29,Answered,4,Network Outage
CALL-2026040096,2026-04-03 02:45:00,CUST-7488,AGT-102,259,94,Answered,4,Billing & Payment
CALL-2026040097,2026-04-03 03:00:00,CUST-6078,AGT-119,216,14,Answered,5,Technical Support
CALL-2026040098,2026-04-03 05:00:00,CUST-9800,AGT-104,356,25,Answered,4,Account Management
CALL-2026040099,2026-04-03 05:15:00,CUST-4292,AGT-120,358,123,Answered,5,Account Management
CALL-2026040100,2026-04-03 05:30:00,CUST-2549,AGT-107,340,97,Answered,4,Account Management
CALL-2026040101,2026-04-03 06:30:00,CUST-8898,AGT-121,230,28,Answered,4,Technical Support
CALL-2026040102,2026-04-03 06:30:00,CUST-7356,AGT-118,315,23,Answered,3,Account Management
CALL-2026040103,2026-04-03 07:15:00,CUST-9656,AGT-103,123,72,Answered,4,Technical Support
CALL-2026040104,2026-04-03 07:15:00,CUST-9737,AGT-120,279,73,Answered,5,Technical Support
CALL-2026040105,2026-04-03 07:30:00,CUST-4493,AGT-110,382,143,Answered,4,Network Outage
CALL-2026040106,2026-04-03 08:15:00,CUST-8177,AGT-118,179,149,Answered,5,Technical Support
CALL-2026040107,2026-04-03 08:15:00,CUST-1775,AGT-122,282,67,Answered,5,Account Management
CALL-2026040108,2026-04-03 09:15:00,CUST-7230,AGT-105,212,12,Answered,5,Technical Support
CALL-2026040109,2026-04-03 09:15:00,CUST-9599,AGT-103,207,198,Answered,1,Technical Support
CALL-2026040110,2026-04-03 10:00:00,CUST-6330,AGT-107,396,108,Answered,5,Network Outage
CALL-2026040111,2026-04-03 10:15:00,CUST-6439,AGT-110,334,45,Answered,4,Technical Support
CALL-2026040112,2026-04-03 10:15:00,CUST-2827,AGT-104,398,215,Answered,1,Network Outage
CALL-2026040113,2026-04-03 10:30:00,CUST-9561,AGT-110,285,92,Answered,5,Network Outage
CALL-2026040114,2026-04-03 10:30:00,CUST-9714,AGT-110,304,503,Answered,1,Billing & Payment
CALL-2026040115,2026-04-03 11:00:00,CUST-6946,AGT-114,260,200,Dropped,1,Billing & Payment
CALL-2026040116,2026-04-03 11:30:00,CUST-6341,AGT-123,255,83,Answered,5,Network Outage
CALL-2026040117,2026-04-03 13:45:00,CUST-8165,AGT-121,163,278,Answered,1,General Inquiry
CALL-2026040118,2026-04-03 14:00:00,CUST-9853,AGT-111,301,169,Answered,4,Technical Support
CALL-2026040119,2026-04-03 15:45:00,CUST-5558,AGT-120,391,24,Answered,5,Network Outage
CALL-2026040120,2026-04-03 16:00:00,CUST-2724,AGT-101,281,31,Answered,5,Billing & Payment
CALL-2026040121,2026-04-03 16:15:00,CUST-6926,AGT-112,267,95,Answered,4,Account Management
CALL-2026040122,2026-04-03 17:00:00,CUST-1514,AGT-101,169,22,Answered,5,Technical Support
CALL-2026040123,2026-04-03 18:00:00,CUST-3520,AGT-110,419,111,Answered,5,Account Management
CALL-2026040124,2026-04-03 18:30:00,CUST-3979,AGT-122,365,119,Answered,3,Network Outage
CALL-2026040125,2026-04-03 18:45:00,CUST-4489,AGT-121,239,33,Answered,5,Billing & Payment
CALL-2026040126,2026-04-03 18:45:00,CUST-3179,AGT-115,206,86,Dropped,1,Billing & Payment
CALL-2026040127,2026-04-03 19:00:00,CUST-2828,AGT-106,384,81,Answered,5,Billing & Payment
CALL-2026040128,2026-04-03 20:15:00,CUST-3563,AGT-114,228,16,Answered,5,Account Management
CALL-2026040129,2026-04-03 20:30:00,CUST-4959,AGT-124,350,108,Answered,3,Account Management
CALL-2026040130,2026-04-03 21:15:00,CUST-1663,AGT-113,230,250,Answered,3,Account Management
CALL-2026040131,2026-04-03 22:00:00,CUST-9623,AGT-113,204,33,Answered,5,Technical Support
CALL-2026040132,2026-04-03 22:15:00,CUST-2019,AGT-122,267,42,Answered,5,Account Management
CALL-2026040133,2026-04-03 22:15:00,CUST-3010,AGT-115,387,119,Answered,4,Billing & Payment
CALL-2026040134,2026-04-03 23:15:00,CUST-9329,AGT-118,105,82,Answered,5,Technical Support
CALL-2026040135,2026-04-03 23:45:00,CUST-3757,AGT-117,227,101,Answered,4,General Inquiry
CALL-2026040136,2026-04-04 01:00:00,CUST-9895,AGT-105,162,69,Answered,5,Account Management
CALL-2026040137,2026-04-04 01:30:00,CUST-3978,AGT-101,255,10,Dropped,1,Network Outage
CALL-2026040138,2026-04-04 02:00:00,CUST-7868,AGT-124,190,29,Answered,4,Technical Support
CALL-2026040139,2026-04-04 02:45:00,CUST-4291,AGT-114,252,29,Answered,3,Technical Support
CALL-2026040140,2026-04-04 03:00:00,CUST-6347,AGT-124,421,68,Answered,4,Technical Support
CALL-2026040141,2026-04-04 06:00:00,CUST-1689,AGT-101,350,15,Answered,4,Network Outage
CALL-2026040142,2026-04-04 07:00:00,CUST-7342,AGT-121,199,42,Answered,5,Technical Support
CALL-2026040143,2026-04-04 07:00:00,CUST-3361,AGT-121,306,73,Answered,5,Technical Support
CALL-2026040144,2026-04-04 07:15:00,CUST-7588,AGT-109,157,86,Answered,3,Technical Support
CALL-2026040145,2026-04-04 09:15:00,CUST-1597,AGT-123,235,246,Dropped,2,Billing & Payment
CALL-2026040146,2026-04-04 11:15:00,CUST-5624,AGT-102,154,140,Answered,4,Technical Support
CALL-2026040147,2026-04-04 11:30:00,CUST-2537,AGT-122,67,229,Answered,2,Network Outage
CALL-2026040148,2026-04-04 14:00:00,CUST-9535,AGT-115,189,325,Answered,1,Billing & Payment
CALL-2026040149,2026-04-04 15:15:00,CUST-2854,AGT-117,236,27,Answered,5,Technical Support
CALL-2026040150,2026-04-04 15:45:00,CUST-7519,AGT-108,194,137,Answered,4,Network Outage
CALL-2026040151,2026-04-04 16:00:00,CUST-7823,AGT-117,359,14,Answered,4,Technical Support
CALL-2026040152,2026-04-04 17:30:00,CUST-5869,AGT-107,272,113,Answered,5,Account Management
CALL-2026040153,2026-04-04 17:45:00,CUST-3551,AGT-112,312,30,Answered,5,Billing & Payment
CALL-2026040154,2026-04-04 18:15:00,CUST-5654,AGT-115,403,55,Answered,5,General Inquiry
CALL-2026040155,2026-04-04 18:15:00,CUST-3822,AGT-116,249,151,Answered,5,Network Outage
CALL-2026040156,2026-04-04 18:30:00,CUST-1687,AGT-111,243,106,Missed,2,Billing & Payment
CALL-2026040157,2026-04-04 19:15:00,CUST-8183,AGT-101,383,258,Answered,3,Billing & Payment
CALL-2026040158,2026-04-04 19:30:00,CUST-9438,AGT-105,408,54,Answered,5,Account Management
CALL-2026040159,2026-04-04 19:45:00,CUST-7788,AGT-103,295,127,Answered,4,Technical Support
CALL-2026040160,2026-04-04 20:00:00,CUST-6569,AGT-115,398,32,Answered,5,Account Management
CALL-2026040161,2026-04-04 20:15:00,CUST-1587,AGT-116,258,114,Answered,4,Account Management
CALL-2026040162,2026-04-04 20:15:00,CUST-6433,AGT-111,246,68,Answered,5,Account Management
CALL-2026040163,2026-04-04 20:30:00,CUST-2674,AGT-115,235,11,Answered,3,Technical Support
CALL-2026040164,2026-04-04 21:15:00,CUST-2958,AGT-106,306,25,Answered,4,Network Outage
CALL-2026040165,2026-04-04 21:15:00,CUST-7659,AGT-115,326,24,Answered,5,Billing & Payment
CALL-2026040166,2026-04-04 22:15:00,CUST-2787,AGT-113,296,73,Answered,3,Network Outage
CALL-2026040167,2026-04-05 00:45:00,CUST-4674,AGT-102,292,47,Answered,5,Billing & Payment
CALL-2026040168,2026-04-05 01:00:00,CUST-6626,AGT-120,379,42,Answered,5,Technical Support
CALL-2026040169,2026-04-05 01:15:00,CUST-5757,AGT-116,328,226,Answered,4,Account Management
CALL-2026040170,2026-04-05 01:45:00,CUST-8230,AGT-109,359,116,Answered,5,Billing & Payment
CALL-2026040171,2026-04-05 02:30:00,CUST-5493,AGT-124,259,56,Answered,4,Account Management
CALL-2026040172,2026-04-05 02:45:00,CUST-2762,AGT-109,248,91,Answered,5,Technical Support
CALL-2026040173,2026-04-05 03:00:00,CUST-8804,AGT-114,330,280,Dropped,1,Billing & Payment
CALL-2026040174,2026-04-05 03:00:00,CUST-6154,AGT-111,482,126,Answered,3,General Inquiry
CALL-2026040175,2026-04-05 04:15:00,CUST-8851,AGT-101,179,54,Answered,4,Account Management
CALL-2026040176,2026-04-05 05:00:00,CUST-1405,AGT-108,270,45,Answered,5,General Inquiry
CALL-2026040177,2026-04-05 05:15:00,CUST-2846,AGT-107,199,26,Answered,5,Technical Support
CALL-2026040178,2026-04-05 05:45:00,CUST-5005,AGT-106,196,10,Answered,5,Network Outage
CALL-2026040179,2026-04-05 06:30:00,CUST-5378,AGT-108,152,48,Answered,4,Technical Support
CALL-2026040180,2026-04-05 06:45:00,CUST-2455,AGT-113,46,63,Answered,5,Billing & Payment
CALL-2026040181,2026-04-05 08:00:00,CUST-5976,AGT-108,377,16,Answered,5,Technical Support
CALL-2026040182,2026-04-05 08:15:00,CUST-6482,AGT-122,228,40,Answered,5,General Inquiry
CALL-2026040183,2026-04-05 09:00:00,CUST-1855,AGT-121,278,52,Answered,5,Billing & Payment
CALL-2026040184,2026-04-05 09:15:00,CUST-2356,AGT-114,376,39,Answered,5,Technical Support
CALL-2026040185,2026-04-05 09:30:00,CUST-7132,AGT-113,236,32,Answered,3,Account Management
CALL-2026040186,2026-04-05 09:45:00,CUST-6806,AGT-120,293,17,Answered,4,Account Management
CALL-2026040187,2026-04-05 10:00:00,CUST-1593,AGT-105,268,127,Answered,4,Technical Support
CALL-2026040188,2026-04-05 10:45:00,CUST-6889,AGT-109,286,424,Dropped,1,Account Management
CALL-2026040189,2026-04-05 10:45:00,CUST-5658,AGT-122,320,60,Answered,5,Technical Support
CALL-2026040190,2026-04-05 10:45:00,CUST-1386,AGT-116,183,338,Dropped,1,General Inquiry
CALL-2026040191,2026-04-05 11:00:00,CUST-3282,AGT-101,264,121,Answered,3,Technical Support
CALL-2026040192,2026-04-05 11:15:00,CUST-2130,AGT-118,146,44,Answered,5,Billing & Payment
CALL-2026040193,2026-04-05 11:15:00,CUST-4259,AGT-112,116,341,Dropped,1,Network Outage
CALL-2026040194,2026-04-05 11:45:00,CUST-2141,AGT-104,217,164,Answered,4,Billing & Payment
CALL-2026040195,2026-04-05 12:00:00,CUST-1006,AGT-104,266,288,Dropped,1,Technical Support
CALL-2026040196,2026-04-05 12:00:00,CUST-2442,AGT-111,318,312,Dropped,1,Billing & Payment
CALL-2026040197,2026-04-05 12:00:00,CUST-9767,AGT-105,416,361,Answered,1,Billing & Payment
CALL-2026040198,2026-04-05 12:15:00,CUST-7980,AGT-124,463,166,Answered,3,General Inquiry
CALL-2026040199,2026-04-05 12:45:00,CUST-8597,AGT-122,135,126,Answered,4,General Inquiry
CALL-2026040200,2026-04-05 13:00:00,CUST-5009,AGT-105,199,113,Answered,4,Network Outage
CALL-2026040201,2026-04-05 13:15:00,CUST-7789,AGT-104,298,171,Answered,3,General Inquiry
CALL-2026040202,2026-04-05 15:00:00,CUST-4807,AGT-116,209,245,Answered,2,Network Outage
CALL-2026040203,2026-04-05 16:15:00,CUST-9556,AGT-122,375,119,Answered,4,Technical Support
CALL-2026040204,2026-04-05 16:15:00,CUST-1340,AGT-114,237,26,Answered,5,Account Management
CALL-2026040205,2026-04-05 16:30:00,CUST-4456,AGT-124,233,19,Answered,5,General Inquiry
CALL-2026040206,2026-04-05 16:45:00,CUST-9017,AGT-108,330,104,Answered,5,Billing & Payment
CALL-2026040207,2026-04-05 19:00:00,CUST-3567,AGT-105,302,56,Answered,5,Billing & Payment
CALL-2026040208,2026-04-05 20:30:00,CUST-7538,AGT-107,322,104,Answered,5,Technical Support
CALL-2026040209,2026-04-05 21:15:00,CUST-1882,AGT-119,275,15,Answered,4,Billing & Payment
CALL-2026040210,2026-04-05 22:15:00,CUST-9125,AGT-124,427,65,Dropped,1,Billing & Payment
CALL-2026040211,2026-04-05 23:30:00,CUST-4536,AGT-119,469,46,Answered,5,Network Outage
CALL-2026040212,2026-04-06 00:00:00,CUST-5258,AGT-116,174,13,Answered,5,General Inquiry
CALL-2026040213,2026-04-06 00:45:00,CUST-4935,AGT-108,333,138,Answered,5,Technical Support
CALL-2026040214,2026-04-06 01:00:00,CUST-3767,AGT-118,30,79,Answered,5,Billing & Payment
CALL-2026040215,2026-04-06 01:00:00,CUST-6929,AGT-121,199,107,Dropped,1,Billing & Payment
CALL-2026040216,2026-04-06 01:00:00,CUST-8537,AGT-108,218,15,Answered,3,General Inquiry
CALL-2026040217,2026-04-06 01:30:00,CUST-4363,AGT-105,352,19,Answered,5,Account Management
CALL-2026040218,2026-04-06 01:45:00,CUST-4747,AGT-103,347,15,Answered,3,Account Management
CALL-2026040219,2026-04-06 01:45:00,CUST-8427,AGT-106,378,57,Answered,3,Billing & Payment
CALL-2026040220,2026-04-06 02:45:00,CUST-3130,AGT-106,449,14,Answered,5,Technical Support
CALL-2026040221,2026-04-06 02:45:00,CUST-8823,AGT-106,135,14,Answered,4,Technical Support
CALL-2026040222,2026-04-06 04:30:00,CUST-3951,AGT-123,211,41,Dropped,1,General Inquiry
CALL-2026040223,2026-04-06 04:45:00,CUST-2588,AGT-107,285,71,Answered,5,Technical Support
CALL-2026040224,2026-04-06 05:15:00,CUST-1182,AGT-123,304,46,Answered,5,Network Outage
CALL-2026040225,2026-04-06 05:30:00,CUST-9851,AGT-118,322,85,Answered,5,Technical Support
CALL-2026040226,2026-04-06 05:30:00,CUST-2228,AGT-123,325,40,Answered,5,Account Management
CALL-2026040227,2026-04-06 06:15:00,CUST-8927,AGT-102,201,29,Answered,5,Account Management
CALL-2026040228,2026-04-06 06:30:00,CUST-2809,AGT-122,260,13,Answered,3,Account Management
CALL-2026040229,2026-04-06 06:30:00,CUST-7468,AGT-112,255,32,Answered,5,Account Management
CALL-2026040230,2026-04-06 06:45:00,CUST-5523,AGT-104,210,143,Answered,5,Network Outage
CALL-2026040231,2026-04-06 07:15:00,CUST-7091,AGT-119,60,79,Answered,5,Technical Support
CALL-2026040232,2026-04-06 08:15:00,CUST-7318,AGT-123,267,135,Answered,4,Technical Support
CALL-2026040233,2026-04-06 09:00:00,CUST-1522,AGT-117,263,182,Answered,4,Account Management
CALL-2026040234,2026-04-06 09:45:00,CUST-2124,AGT-122,123,51,Answered,4,General Inquiry
CALL-2026040235,2026-04-06 09:45:00,CUST-6777,AGT-114,254,10,Answered,4,Network Outage
CALL-2026040236,2026-04-06 10:00:00,CUST-5424,AGT-106,309,411,Answered,2,Billing & Payment
CALL-2026040237,2026-04-06 10:00:00,CUST-2772,AGT-102,313,510,Missed,1,Billing & Payment
CALL-2026040238,2026-04-06 11:00:00,CUST-1539,AGT-108,227,185,Answered,1,Billing & Payment
CALL-2026040239,2026-04-06 12:00:00,CUST-2548,AGT-117,346,160,Answered,4,Technical Support
CALL-2026040240,2026-04-06 12:45:00,CUST-2815,AGT-102,233,53,Answered,4,Technical Support
CALL-2026040241,2026-04-06 13:30:00,CUST-3158,AGT-106,278,192,Missed,1,Billing & Payment
CALL-2026040242,2026-04-06 13:30:00,CUST-4923,AGT-123,256,296,Dropped,3,Network Outage
CALL-2026040243,2026-04-06 13:30:00,CUST-4866,AGT-122,258,294,Answered,1,Technical Support
CALL-2026040244,2026-04-06 14:00:00,CUST-2524,AGT-101,297,75,Answered,5,Account Management
CALL-2026040245,2026-04-06 15:30:00,CUST-1719,AGT-111,312,57,Answered,5,Account Management
CALL-2026040246,2026-04-06 15:30:00,CUST-9835,AGT-108,349,25,Answered,4,Technical Support
CALL-2026040247,2026-04-06 16:00:00,CUST-2102,AGT-123,471,62,Answered,5,Account Management
CALL-2026040248,2026-04-06 16:15:00,CUST-1277,AGT-109,318,87,Answered,5,Technical Support
CALL-2026040249,2026-04-06 16:45:00,CUST-8468,AGT-119,163,109,Answered,4,Technical Support
CALL-2026040250,2026-04-06 17:00:00,CUST-2072,AGT-115,422,30,Answered,5,General Inquiry
CALL-2026040251,2026-04-06 17:15:00,CUST-5781,AGT-118,138,170,Answered,4,Account Management
CALL-2026040252,2026-04-06 18:00:00,CUST-2946,AGT-102,278,51,Answered,3,Technical Support
CALL-2026040253,2026-04-06 18:45:00,CUST-3645,AGT-118,486,21,Answered,4,Billing & Payment
CALL-2026040254,2026-04-06 19:00:00,CUST-1492,AGT-111,139,18,Missed,1,Account Management
CALL-2026040255,2026-04-06 19:15:00,CUST-5958,AGT-112,136,23,Answered,5,General Inquiry
CALL-2026040256,2026-04-06 19:15:00,CUST-1619,AGT-119,321,36,Answered,4,Account Management
CALL-2026040257,2026-04-06 20:45:00,CUST-3895,AGT-102,316,39,Answered,4,General Inquiry
CALL-2026040258,2026-04-06 22:00:00,CUST-8594,AGT-107,327,203,Answered,3,Network Outage
CALL-2026040259,2026-04-06 22:00:00,CUST-3468,AGT-110,403,38,Answered,5,Network Outage
CALL-2026040260,2026-04-06 22:15:00,CUST-5967,AGT-102,300,109,Answered,4,Billing & Payment
CALL-2026040261,2026-04-06 22:45:00,CUST-5444,AGT-103,594,10,Answered,5,Network Outage
CALL-2026040262,2026-04-06 23:00:00,CUST-3451,AGT-121,148,13,Answered,4,Technical Support
CALL-2026040263,2026-04-06 23:15:00,CUST-5369,AGT-113,404,59,Answered,4,Technical Support
CALL-2026040264,2026-04-07 00:30:00,CUST-4699,AGT-123,167,24,Answered,3,Billing & Payment
CALL-2026040265,2026-04-07 01:30:00,CUST-6520,AGT-122,289,29,Answered,5,Network Outage
CALL-2026040266,2026-04-07 03:30:00,CUST-7242,AGT-112,332,29,Answered,5,Network Outage
CALL-2026040267,2026-04-07 03:45:00,CUST-7297,AGT-108,152,96,Answered,4,Billing & Payment
CALL-2026040268,2026-04-07 04:30:00,CUST-1614,AGT-114,299,14,Answered,5,Technical Support
CALL-2026040269,2026-04-07 04:30:00,CUST-3468,AGT-101,236,109,Answered,5,Billing & Payment
CALL-2026040270,2026-04-07 04:45:00,CUST-4075,AGT-103,366,47,Answered,4,Billing & Payment
CALL-2026040271,2026-04-07 04:45:00,CUST-1580,AGT-121,342,10,Answered,5,Network Outage
CALL-2026040272,2026-04-07 05:30:00,CUST-7534,AGT-107,49,31,Answered,3,Billing & Payment
CALL-2026040273,2026-04-07 06:15:00,CUST-6934,AGT-104,389,25,Answered,4,General Inquiry
CALL-2026040274,2026-04-07 07:30:00,CUST-9497,AGT-105,353,111,Answered,4,Account Management
CALL-2026040275,2026-04-07 07:30:00,CUST-4450,AGT-115,226,261,Dropped,1,Network Outage
CALL-2026040276,2026-04-07 07:30:00,CUST-4273,AGT-102,408,62,Dropped,1,Network Outage
CALL-2026040277,2026-04-07 08:15:00,CUST-3832,AGT-104,295,70,Answered,5,General Inquiry
CALL-2026040278,2026-04-07 09:00:00,CUST-3610,AGT-104,184,45,Answered,4,General Inquiry
CALL-2026040279,2026-04-07 10:30:00,CUST-2914,AGT-106,339,243,Answered,3,General Inquiry
CALL-2026040280,2026-04-07 10:45:00,CUST-3524,AGT-109,317,103,Missed,2,Billing & Payment
CALL-2026040281,2026-04-07 12:00:00,CUST-8742,AGT-117,279,178,Answered,4,Account Management
CALL-2026040282,2026-04-07 12:45:00,CUST-2567,AGT-104,340,34,Answered,3,Billing & Payment
CALL-2026040283,2026-04-07 14:00:00,CUST-2293,AGT-102,360,78,Answered,5,Billing & Payment
CALL-2026040284,2026-04-07 14:00:00,CUST-3240,AGT-105,331,387,Answered,3,Account Management
CALL-2026040285,2026-04-07 14:45:00,CUST-9850,AGT-112,332,410,Dropped,1,Technical Support
CALL-2026040286,2026-04-07 14:45:00,CUST-4093,AGT-119,370,43,Answered,5,Billing & Payment
CALL-2026040287,2026-04-07 15:30:00,CUST-8951,AGT-123,246,10,Answered,4,General Inquiry
CALL-2026040288,2026-04-07 16:00:00,CUST-1139,AGT-117,292,43,Answered,5,General Inquiry
CALL-2026040289,2026-04-07 16:15:00,CUST-1887,AGT-101,179,44,Answered,4,Technical Support
CALL-2026040290,2026-04-07 17:30:00,CUST-9643,AGT-101,391,76,Answered,4,Account Management
CALL-2026040291,2026-04-07 17:45:00,CUST-9319,AGT-122,318,288,Missed,1,Account Management
CALL-2026040292,2026-04-07 18:00:00,CUST-6693,AGT-110,264,221,Answered,2,Technical Support
CALL-2026040293,2026-04-07 19:30:00,CUST-2988,AGT-118,180,42,Answered,4,Account Management
CALL-2026040294,2026-04-07 19:45:00,CUST-9399,AGT-102,130,74,Missed,1,Technical Support
CALL-2026040295,2026-04-07 19:45:00,CUST-2518,AGT-106,243,43,Answered,5,Technical Support
CALL-2026040296,2026-04-07 20:00:00,CUST-3849,AGT-122,448,27,Answered,5,General Inquiry
CALL-2026040297,2026-04-07 20:15:00,CUST-5195,AGT-102,260,185,Answered,2,Network Outage
CALL-2026040298,2026-04-07 20:45:00,CUST-5120,AGT-113,304,10,Answered,4,Billing & Payment
CALL-2026040299,2026-04-07 21:00:00,CUST-8331,AGT-119,245,40,Answered,5,General Inquiry
CALL-2026040300,2026-04-07 22:15:00,CUST-5937,AGT-118,317,33,Dropped,1,Account Management
CALL-2026040301,2026-04-07 22:15:00,CUST-4676,AGT-109,303,345,Dropped,2,Billing & Payment
CALL-2026040302,2026-04-07 22:45:00,CUST-9560,AGT-121,142,90,Answered,4,Network Outage
CALL-2026040303,2026-04-07 23:30:00,CUST-7136,AGT-114,273,27,Answered,5,Technical Support
CALL-2026040304,2026-04-07 23:45:00,CUST-5426,AGT-116,215,191,Answered,3,Technical Support
CALL-2026040305,2026-04-08 00:00:00,CUST-5370,AGT-104,323,57,Answered,5,General Inquiry
CALL-2026040306,2026-04-08 00:15:00,CUST-1690,AGT-114,168,162,Answered,5,Billing & Payment
CALL-2026040307,2026-04-08 01:15:00,CUST-6488,AGT-101,259,75,Answered,4,Network Outage
CALL-2026040308,2026-04-08 01:15:00,CUST-6307,AGT-106,410,45,Answered,5,Billing & Payment
CALL-2026040309,2026-04-08 01:30:00,CUST-8697,AGT-102,163,102,Answered,4,Billing & Payment
CALL-2026040310,2026-04-08 02:00:00,CUST-5970,AGT-122,318,24,Answered,5,Technical Support
CALL-2026040311,2026-04-08 03:00:00,CUST-9312,AGT-101,413,17,Dropped,2,General Inquiry
CALL-2026040312,2026-04-08 03:15:00,CUST-3668,AGT-115,287,17,Answered,4,Account Management
CALL-2026040313,2026-04-08 04:00:00,CUST-3330,AGT-124,255,27,Answered,5,Account Management
CALL-2026040314,2026-04-08 04:30:00,CUST-3591,AGT-123,293,33,Answered,5,General Inquiry
CALL-2026040315,2026-04-08 04:45:00,CUST-3854,AGT-116,375,16,Answered,4,Network Outage
CALL-2026040316,2026-04-08 05:15:00,CUST-1086,AGT-117,87,47,Answered,3,Billing & Payment
CALL-2026040317,2026-04-08 05:45:00,CUST-2700,AGT-123,242,81,Answered,3,Technical Support
CALL-2026040318,2026-04-08 05:45:00,CUST-5545,AGT-105,253,53,Answered,3,Account Management
CALL-2026040319,2026-04-08 06:30:00,CUST-9912,AGT-111,308,138,Answered,4,Account Management
CALL-2026040320,2026-04-08 06:45:00,CUST-8178,AGT-114,200,26,Answered,4,Technical Support
CALL-2026040321,2026-04-08 07:45:00,CUST-4453,AGT-124,137,58,Answered,5,Account Management
CALL-2026040322,2026-04-08 08:15:00,CUST-7318,AGT-110,110,51,Answered,5,Technical Support
CALL-2026040323,2026-04-08 08:45:00,CUST-5188,AGT-116,348,81,Answered,5,General Inquiry
CALL-2026040324,2026-04-08 10:15:00,CUST-7160,AGT-107,279,290,Dropped,2,Technical Support
CALL-2026040325,2026-04-08 10:15:00,CUST-1192,AGT-117,198,380,Dropped,1,Account Management
CALL-2026040326,2026-04-08 10:45:00,CUST-4893,AGT-109,433,355,Dropped,2,Billing & Payment
CALL-2026040327,2026-04-08 11:00:00,CUST-7773,AGT-109,247,158,Answered,3,Billing & Payment
CALL-2026040328,2026-04-08 11:00:00,CUST-5637,AGT-108,389,89,Answered,3,Technical Support
CALL-2026040329,2026-04-08 11:00:00,CUST-3565,AGT-112,293,274,Missed,1,Technical Support
CALL-2026040330,2026-04-08 12:00:00,CUST-7476,AGT-113,386,77,Dropped,1,General Inquiry
CALL-2026040331,2026-04-08 12:00:00,CUST-1002,AGT-122,200,198,Answered,1,Account Management
CALL-2026040332,2026-04-08 12:15:00,CUST-7239,AGT-111,411,362,Answered,2,Network Outage
CALL-2026040333,2026-04-08 13:00:00,CUST-2505,AGT-124,321,42,Answered,5,Billing & Payment
CALL-2026040334,2026-04-08 14:30:00,CUST-3854,AGT-120,411,230,Answered,2,Technical Support
CALL-2026040335,2026-04-08 14:30:00,CUST-5678,AGT-109,236,119,Answered,4,Billing & Payment
CALL-2026040336,2026-04-08 14:45:00,CUST-9995,AGT-110,217,210,Answered,2,Account Management
CALL-2026040337,2026-04-08 15:15:00,CUST-4340,AGT-111,181,23,Answered,4,Technical Support
CALL-2026040338,2026-04-08 15:30:00,CUST-7859,AGT-110,209,22,Answered,5,Billing & Payment
CALL-2026040339,2026-04-08 15:45:00,CUST-7539,AGT-119,220,74,Answered,4,Network Outage
CALL-2026040340,2026-04-08 16:30:00,CUST-3725,AGT-103,356,33,Answered,4,Account Management
CALL-2026040341,2026-04-08 17:00:00,CUST-1922,AGT-104,335,13,Answered,5,Network Outage
CALL-2026040342,2026-04-08 17:15:00,CUST-4940,AGT-120,327,43,Answered,4,Billing & Payment
CALL-2026040343,2026-04-08 17:15:00,CUST-2093,AGT-121,368,114,Answered,4,Network Outage
CALL-2026040344,2026-04-08 17:15:00,CUST-1365,AGT-124,312,148,Missed,2,Billing & Payment
CALL-2026040345,2026-04-08 17:30:00,CUST-3378,AGT-101,384,14,Answered,5,Account Management
CALL-2026040346,2026-04-08 17:45:00,CUST-5460,AGT-103,206,31,Answered,5,Account Management
CALL-2026040347,2026-04-08 18:15:00,CUST-3964,AGT-119,258,10,Answered,3,Billing & Payment
CALL-2026040348,2026-04-08 18:15:00,CUST-1919,AGT-118,232,32,Answered,5,Account Management
CALL-2026040349,2026-04-08 18:15:00,CUST-8609,AGT-103,131,42,Answered,5,General Inquiry
CALL-2026040350,2026-04-08 19:00:00,CUST-9210,AGT-111,147,18,Answered,5,Account Management
CALL-2026040351,2026-04-08 19:15:00,CUST-7039,AGT-111,147,35,Missed,3,General Inquiry
CALL-2026040352,2026-04-08 20:30:00,CUST-6232,AGT-110,292,63,Answered,4,Account Management
CALL-2026040353,2026-04-08 20:45:00,CUST-3961,AGT-123,298,16,Answered,5,Network Outage
CALL-2026040354,2026-04-08 21:00:00,CUST-3904,AGT-109,338,58,Answered,5,Technical Support
CALL-2026040355,2026-04-08 21:15:00,CUST-7336,AGT-115,161,12,Dropped,1,Technical Support
CALL-2026040356,2026-04-08 21:30:00,CUST-5529,AGT-116,481,21,Answered,4,Technical Support
CALL-2026040357,2026-04-08 22:00:00,CUST-5627,AGT-106,180,50,Answered,4,Billing & Payment
CALL-2026040358,2026-04-08 22:00:00,CUST-4875,AGT-122,251,63,Answered,3,Account Management
CALL-2026040359,2026-04-08 22:30:00,CUST-8175,AGT-108,155,158,Answered,5,Technical Support
CALL-2026040360,2026-04-08 23:00:00,CUST-1975,AGT-113,337,79,Answered,5,General Inquiry
CALL-2026040361,2026-04-08 23:45:00,CUST-4327,AGT-109,302,11,Missed,1,General Inquiry
CALL-2026040362,2026-04-09 00:45:00,CUST-4805,AGT-114,353,14,Missed,2,Billing & Payment
CALL-2026040363,2026-04-09 01:00:00,CUST-4135,AGT-110,220,15,Answered,4,General Inquiry
CALL-2026040364,2026-04-09 02:15:00,CUST-5145,AGT-106,264,14,Answered,5,General Inquiry
CALL-2026040365,2026-04-09 02:45:00,CUST-8972,AGT-108,242,10,Answered,4,Technical Support
CALL-2026040366,2026-04-09 03:30:00,CUST-7711,AGT-110,236,36,Answered,3,Technical Support
CALL-2026040367,2026-04-09 03:30:00,CUST-3148,AGT-122,236,99,Answered,5,Network Outage
CALL-2026040368,2026-04-09 04:15:00,CUST-4373,AGT-105,254,100,Answered,4,Billing & Payment
CALL-2026040369,2026-04-09 04:15:00,CUST-7059,AGT-116,308,134,Answered,5,Technical Support
CALL-2026040370,2026-04-09 05:15:00,CUST-7324,AGT-124,276,22,Answered,5,Billing & Payment
CALL-2026040371,2026-04-09 05:30:00,CUST-6067,AGT-108,416,23,Dropped,1,Account Management
CALL-2026040372,2026-04-09 05:30:00,CUST-8124,AGT-118,312,74,Answered,5,Billing & Payment
CALL-2026040373,2026-04-09 06:00:00,CUST-7587,AGT-107,313,106,Answered,5,Technical Support
CALL-2026040374,2026-04-09 06:30:00,CUST-3535,AGT-113,216,112,Answered,5,Network Outage
CALL-2026040375,2026-04-09 06:30:00,CUST-2881,AGT-114,91,25,Answered,4,Account Management
CALL-2026040376,2026-04-09 06:45:00,CUST-2445,AGT-124,357,29,Answered,4,Technical Support
CALL-2026040377,2026-04-09 06:45:00,CUST-3785,AGT-116,286,167,Answered,4,Technical Support
CALL-2026040378,2026-04-09 07:30:00,CUST-5482,AGT-112,320,121,Answered,4,Account Management
CALL-2026040379,2026-04-09 08:00:00,CUST-4416,AGT-109,507,54,Answered,5,Technical Support
CALL-2026040380,2026-04-09 08:15:00,CUST-3985,AGT-118,336,38,Answered,4,Technical Support
CALL-2026040381,2026-04-09 08:30:00,CUST-4968,AGT-115,292,30,Dropped,2,Technical Support
CALL-2026040382,2026-04-09 09:15:00,CUST-5876,AGT-107,331,98,Answered,5,Technical Support
CALL-2026040383,2026-04-09 09:30:00,CUST-1721,AGT-117,411,174,Answered,5,Account Management
CALL-2026040384,2026-04-09 09:45:00,CUST-2647,AGT-123,201,25,Answered,4,Account Management
CALL-2026040385,2026-04-09 09:45:00,CUST-4435,AGT-121,92,12,Answered,4,Technical Support
CALL-2026040386,2026-04-09 10:15:00,CUST-3786,AGT-111,435,78,Answered,5,Billing & Payment
CALL-2026040387,2026-04-09 10:15:00,CUST-8117,AGT-108,389,64,Answered,5,Technical Support
CALL-2026040388,2026-04-09 10:45:00,CUST-8850,AGT-117,236,176,Answered,5,Technical Support
CALL-2026040389,2026-04-09 12:00:00,CUST-5485,AGT-122,288,33,Answered,4,Technical Support
CALL-2026040390,2026-04-09 13:45:00,CUST-7999,AGT-117,396,92,Answered,5,Billing & Payment
CALL-2026040391,2026-04-09 14:15:00,CUST-9464,AGT-106,309,98,Answered,4,Account Management
CALL-2026040392,2026-04-09 14:15:00,CUST-3105,AGT-113,328,256,Dropped,1,Technical Support
CALL-2026040393,2026-04-09 14:45:00,CUST-2517,AGT-119,270,104,Answered,4,Billing & Payment
CALL-2026040394,2026-04-09 15:00:00,CUST-7603,AGT-108,208,46,Answered,4,General Inquiry
CALL-2026040395,2026-04-09 15:15:00,CUST-1183,AGT-112,356,35,Answered,3,Technical Support
CALL-2026040396,2026-04-09 15:15:00,CUST-2096,AGT-120,270,61,Dropped,2,Network Outage
CALL-2026040397,2026-04-09 15:45:00,CUST-4354,AGT-116,244,47,Answered,5,Network Outage
CALL-2026040398,2026-04-09 17:00:00,CUST-7995,AGT-112,331,32,Answered,4,General Inquiry
CALL-2026040399,2026-04-09 17:00:00,CUST-4672,AGT-102,390,35,Answered,5,Technical Support
CALL-2026040400,2026-04-09 17:00:00,CUST-3341,AGT-115,256,18,Answered,5,General Inquiry
CALL-2026040401,2026-04-09 19:30:00,CUST-3672,AGT-111,328,89,Answered,5,Billing & Payment
CALL-2026040402,2026-04-09 19:30:00,CUST-9383,AGT-103,297,59,Dropped,1,Billing & Payment
CALL-2026040403,2026-04-09 19:30:00,CUST-5298,AGT-105,214,14,Answered,4,Technical Support
CALL-2026040404,2026-04-09 19:45:00,CUST-8616,AGT-108,257,74,Answered,4,Technical Support
CALL-2026040405,2026-04-09 19:45:00,CUST-2625,AGT-113,274,31,Answered,3,Account Management
CALL-2026040406,2026-04-09 19:45:00,CUST-2587,AGT-112,320,24,Missed,1,Billing & Payment
CALL-2026040407,2026-04-09 21:00:00,CUST-7837,AGT-110,85,113,Answered,5,Network Outage
CALL-2026040408,2026-04-09 21:30:00,CUST-5624,AGT-122,250,15,Answered,4,Technical Support
CALL-2026040409,2026-04-09 21:45:00,CUST-3821,AGT-103,323,38,Answered,4,Technical Support
CALL-2026040410,2026-04-09 22:15:00,CUST-2015,AGT-103,321,78,Answered,4,Technical Support
CALL-2026040411,2026-04-09 22:30:00,CUST-7049,AGT-115,320,41,Missed,1,Billing & Payment
CALL-2026040412,2026-04-09 22:45:00,CUST-5621,AGT-114,191,42,Answered,5,Technical Support
CALL-2026040413,2026-04-09 23:00:00,CUST-8658,AGT-115,344,14,Answered,5,Account Management
CALL-2026040414,2026-04-09 23:30:00,CUST-2895,AGT-124,95,38,Answered,4,Account Management
CALL-2026040415,2026-04-09 23:30:00,CUST-5895,AGT-104,230,77,Answered,4,Billing & Payment
CALL-2026040416,2026-04-10 00:00:00,CUST-9378,AGT-116,298,12,Answered,4,Network Outage
CALL-2026040417,2026-04-10 00:15:00,CUST-3284,AGT-102,437,25,Dropped,1,Account Management
CALL-2026040418,2026-04-10 00:45:00,CUST-4847,AGT-107,281,158,Answered,5,General Inquiry
CALL-2026040419,2026-04-10 01:15:00,CUST-5066,AGT-110,236,12,Answered,5,Billing & Payment
CALL-2026040420,2026-04-10 03:30:00,CUST-3710,AGT-105,401,182,Answered,1,Technical Support
CALL-2026040421,2026-04-10 04:00:00,CUST-4164,AGT-123,307,44,Answered,5,Billing & Payment
CALL-2026040422,2026-04-10 04:30:00,CUST-3671,AGT-124,134,29,Answered,5,Technical Support
CALL-2026040423,2026-04-10 04:45:00,CUST-6054,AGT-104,304,24,Answered,4,Technical Support
CALL-2026040424,2026-04-10 05:00:00,CUST-3197,AGT-116,307,46,Answered,5,Account Management
CALL-2026040425,2026-04-10 05:15:00,CUST-3123,AGT-123,193,43,Answered,5,Billing & Payment
CALL-2026040426,2026-04-10 05:30:00,CUST-3931,AGT-123,223,20,Answered,4,Billing & Payment
CALL-2026040427,2026-04-10 07:00:00,CUST-4096,AGT-110,204,15,Answered,5,Network Outage
CALL-2026040428,2026-04-10 07:45:00,CUST-9307,AGT-116,259,25,Answered,5,Technical Support
CALL-2026040429,2026-04-10 09:00:00,CUST-5780,AGT-107,226,25,Answered,5,Technical Support
CALL-2026040430,2026-04-10 09:30:00,CUST-2553,AGT-103,270,62,Answered,5,Technical Support
CALL-2026040431,2026-04-10 10:00:00,CUST-9622,AGT-115,310,189,Answered,1,Technical Support
CALL-2026040432,2026-04-10 10:00:00,CUST-3330,AGT-115,273,452,Answered,2,Technical Support
CALL-2026040433,2026-04-10 10:45:00,CUST-8143,AGT-112,217,62,Answered,3,Billing & Payment
CALL-2026040434,2026-04-10 11:00:00,CUST-1089,AGT-116,183,39,Answered,4,Technical Support
CALL-2026040435,2026-04-10 11:00:00,CUST-7543,AGT-114,30,39,Answered,4,Network Outage
CALL-2026040436,2026-04-10 11:00:00,CUST-6555,AGT-119,246,72,Answered,5,Technical Support
CALL-2026040437,2026-04-10 11:15:00,CUST-9476,AGT-120,190,106,Answered,5,Account Management
CALL-2026040438,2026-04-10 11:30:00,CUST-1044,AGT-119,258,68,Answered,4,Account Management
CALL-2026040439,2026-04-10 12:00:00,CUST-3581,AGT-120,237,93,Answered,5,Network Outage
CALL-2026040440,2026-04-10 12:00:00,CUST-9339,AGT-109,151,50,Answered,5,Billing & Payment
CALL-2026040441,2026-04-10 12:30:00,CUST-4748,AGT-122,360,86,Answered,4,Account Management
CALL-2026040442,2026-04-10 13:00:00,CUST-1287,AGT-102,444,136,Answered,5,Billing & Payment
CALL-2026040443,2026-04-10 15:30:00,CUST-6983,AGT-116,129,11,Answered,3,Account Management
CALL-2026040444,2026-04-10 15:45:00,CUST-4398,AGT-115,232,12,Dropped,3,Network Outage
CALL-2026040445,2026-04-10 16:00:00,CUST-1320,AGT-115,332,96,Answered,4,Technical Support
CALL-2026040446,2026-04-10 16:45:00,CUST-8498,AGT-113,244,19,Dropped,3,Technical Support
CALL-2026040447,2026-04-10 17:15:00,CUST-8984,AGT-116,189,10,Answered,4,Technical Support
CALL-2026040448,2026-04-10 18:00:00,CUST-1297,AGT-108,249,74,Answered,4,Billing & Payment
CALL-2026040449,2026-04-10 19:15:00,CUST-2269,AGT-116,220,17,Missed,1,Technical Support
CALL-2026040450,2026-04-10 20:30:00,CUST-7155,AGT-108,310,11,Answered,5,Technical Support
CALL-2026040451,2026-04-10 21:30:00,CUST-6807,AGT-120,387,100,Answered,5,Billing & Payment
CALL-2026040452,2026-04-10 21:45:00,CUST-6197,AGT-102,362,142,Answered,5,Technical Support
CALL-2026040453,2026-04-10 22:00:00,CUST-1279,AGT-121,129,15,Dropped,1,Technical Support
CALL-2026040454,2026-04-10 22:30:00,CUST-7135,AGT-106,375,30,Answered,5,Account Management
CALL-2026040455,2026-04-10 23:00:00,CUST-5535,AGT-101,141,67,Answered,3,Network Outage
CALL-2026040456,2026-04-11 00:00:00,CUST-6060,AGT-104,325,18,Answered,3,Billing & Payment
CALL-2026040457,2026-04-11 00:00:00,CUST-8148,AGT-123,211,35,Answered,5,Account Management
CALL-2026040458,2026-04-11 01:15:00,CUST-7010,AGT-114,305,10,Answered,4,Technical Support
CALL-2026040459,2026-04-11 01:15:00,CUST-6229,AGT-122,291,111,Answered,4,Technical Support
CALL-2026040460,2026-04-11 01:30:00,CUST-2985,AGT-113,363,25,Answered,4,General Inquiry
CALL-2026040461,2026-04-11 01:45:00,CUST-8754,AGT-107,376,45,Missed,1,General Inquiry
CALL-2026040462,2026-04-11 02:00:00,CUST-3240,AGT-121,288,40,Answered,5,Billing & Payment
CALL-2026040463,2026-04-11 02:30:00,CUST-3076,AGT-116,299,70,Answered,5,Technical Support
CALL-2026040464,2026-04-11 02:30:00,CUST-4144,AGT-107,187,51,Answered,5,Network Outage
CALL-2026040465,2026-04-11 03:45:00,CUST-9844,AGT-113,467,30,Answered,4,Technical Support
CALL-2026040466,2026-04-11 04:30:00,CUST-3035,AGT-108,188,16,Answered,5,General Inquiry
CALL-2026040467,2026-04-11 04:30:00,CUST-1923,AGT-109,297,13,Answered,4,Technical Support
CALL-2026040468,2026-04-11 05:30:00,CUST-3657,AGT-111,198,40,Answered,5,Technical Support
CALL-2026040469,2026-04-11 05:45:00,CUST-2243,AGT-101,217,57,Dropped,1,General Inquiry
CALL-2026040470,2026-04-11 06:15:00,CUST-4892,AGT-124,384,231,Answered,1,General Inquiry
CALL-2026040471,2026-04-11 06:30:00,CUST-6599,AGT-117,353,32,Answered,4,Account Management
CALL-2026040472,2026-04-11 06:30:00,CUST-1746,AGT-115,90,111,Answered,3,Billing & Payment
CALL-2026040473,2026-04-11 06:45:00,CUST-3381,AGT-103,94,375,Answered,1,Account Management
CALL-2026040474,2026-04-11 07:00:00,CUST-1946,AGT-106,218,74,Answered,5,Billing & Payment
CALL-2026040475,2026-04-11 07:00:00,CUST-7360,AGT-110,233,18,Answered,5,Account Management
CALL-2026040476,2026-04-11 07:15:00,CUST-7106,AGT-120,235,20,Answered,3,Technical Support
CALL-2026040477,2026-04-11 07:45:00,CUST-1643,AGT-111,269,24,Answered,4,Account Management
CALL-2026040478,2026-04-11 08:00:00,CUST-1919,AGT-119,243,55,Answered,5,Technical Support
CALL-2026040479,2026-04-11 09:30:00,CUST-6275,AGT-116,403,132,Answered,4,Account Management
CALL-2026040480,2026-04-11 09:45:00,CUST-9111,AGT-107,141,23,Answered,5,Billing & Payment
CALL-2026040481,2026-04-11 10:45:00,CUST-7411,AGT-104,330,88,Answered,4,Network Outage
CALL-2026040482,2026-04-11 11:00:00,CUST-8933,AGT-105,206,435,Answered,3,Technical Support
CALL-2026040483,2026-04-11 11:45:00,CUST-1861,AGT-107,226,46,Answered,4,General Inquiry
CALL-2026040484,2026-04-11 12:15:00,CUST-6811,AGT-107,355,40,Answered,5,Billing & Payment
CALL-2026040485,2026-04-11 13:00:00,CUST-1421,AGT-105,256,354,Answered,1,General Inquiry
CALL-2026040486,2026-04-11 14:00:00,CUST-7748,AGT-124,157,344,Dropped,2,Account Management
CALL-2026040487,2026-04-11 14:45:00,CUST-6882,AGT-116,258,62,Answered,3,Network Outage
CALL-2026040488,2026-04-11 15:15:00,CUST-7559,AGT-105,276,96,Answered,4,Account Management
CALL-2026040489,2026-04-11 15:15:00,CUST-4854,AGT-107,233,20,Answered,3,Billing & Payment
CALL-2026040490,2026-04-11 15:45:00,CUST-3670,AGT-106,230,49,Answered,5,Billing & Payment
CALL-2026040491,2026-04-11 16:00:00,CUST-9531,AGT-115,291,13,Answered,5,Billing & Payment
CALL-2026040492,2026-04-11 16:00:00,CUST-4899,AGT-114,213,12,Answered,3,General Inquiry
CALL-2026040493,2026-04-11 16:45:00,CUST-4496,AGT-122,236,72,Answered,4,Billing & Payment
CALL-2026040494,2026-04-11 17:00:00,CUST-2689,AGT-114,353,26,Answered,5,Billing & Payment
CALL-2026040495,2026-04-11 18:30:00,CUST-6649,AGT-113,193,30,Answered,4,Technical Support
CALL-2026040496,2026-04-11 20:00:00,CUST-5206,AGT-109,325,11,Answered,4,Billing & Payment
CALL-2026040497,2026-04-11 20:00:00,CUST-6089,AGT-116,197,64,Answered,4,General Inquiry
CALL-2026040498,2026-04-11 21:00:00,CUST-2141,AGT-118,382,77,Answered,4,Network Outage
CALL-2026040499,2026-04-11 21:15:00,CUST-5683,AGT-115,369,69,Answered,5,Billing & Payment
CALL-2026040500,2026-04-11 21:45:00,CUST-5658,AGT-111,318,21,Answered,4,General Inquiry
CALL-2026040501,2026-04-11 21:45:00,CUST-5534,AGT-101,208,107,Answered,5,Network Outage
CALL-2026040502,2026-04-11 22:00:00,CUST-2366,AGT-122,318,70,Answered,5,Technical Support
CALL-2026040503,2026-04-11 22:00:00,CUST-3887,AGT-112,186,60,Answered,4,Account Management
CALL-2026040504,2026-04-11 22:45:00,CUST-1626,AGT-123,263,42,Answered,5,Billing & Payment
CALL-2026040505,2026-04-11 23:00:00,CUST-6974,AGT-115,468,48,Answered,5,Technical Support
CALL-2026040506,2026-04-11 23:15:00,CUST-5530,AGT-110,423,12,Answered,4,Billing & Payment
CALL-2026040507,2026-04-12 00:30:00,CUST-5340,AGT-113,181,23,Answered,4,Billing & Payment
CALL-2026040508,2026-04-12 01:00:00,CUST-7772,AGT-117,283,22,Answered,4,Account Management
CALL-2026040509,2026-04-12 01:00:00,CUST-3296,AGT-106,219,33,Answered,5,Technical Support
CALL-2026040510,2026-04-12 01:00:00,CUST-8036,AGT-124,290,146,Answered,3,Billing & Payment
CALL-2026040511,2026-04-12 01:30:00,CUST-5603,AGT-111,385,32,Answered,4,Account Management
CALL-2026040512,2026-04-12 01:45:00,CUST-8209,AGT-119,323,21,Answered,4,Technical Support
CALL-2026040513,2026-04-12 02:45:00,CUST-9536,AGT-113,214,43,Answered,4,Account Management
CALL-2026040514,2026-04-12 03:30:00,CUST-7899,AGT-118,298,40,Answered,3,Technical Support
CALL-2026040515,2026-04-12 03:45:00,CUST-2191,AGT-109,202,30,Answered,5,Billing & Payment
CALL-2026040516,2026-04-12 04:00:00,CUST-4332,AGT-120,171,140,Answered,3,Network Outage
CALL-2026040517,2026-04-12 04:00:00,CUST-8788,AGT-110,153,18,Answered,4,Technical Support
CALL-2026040518,2026-04-12 05:15:00,CUST-6730,AGT-105,377,127,Answered,5,Technical Support
CALL-2026040519,2026-04-12 05:30:00,CUST-8675,AGT-124,322,53,Answered,5,Technical Support
CALL-2026040520,2026-04-12 06:15:00,CUST-2174,AGT-114,297,140,Answered,4,Billing & Payment
CALL-2026040521,2026-04-12 06:45:00,CUST-9979,AGT-112,273,22,Answered,5,Technical Support
CALL-2026040522,2026-04-12 08:45:00,CUST-3933,AGT-120,323,25,Answered,4,Account Management
CALL-2026040523,2026-04-12 09:00:00,CUST-2390,AGT-116,223,114,Answered,4,Network Outage
CALL-2026040524,2026-04-12 09:30:00,CUST-6586,AGT-106,374,11,Answered,5,Account Management
CALL-2026040525,2026-04-12 09:30:00,CUST-6109,AGT-108,247,15,Answered,5,Network Outage
CALL-2026040526,2026-04-12 09:30:00,CUST-2030,AGT-110,505,19,Answered,5,Network Outage
CALL-2026040527,2026-04-12 09:45:00,CUST-4197,AGT-123,185,72,Answered,5,Billing & Payment
CALL-2026040528,2026-04-12 10:15:00,CUST-6308,AGT-114,282,45,Answered,4,Billing & Payment
CALL-2026040529,2026-04-12 10:15:00,CUST-5922,AGT-108,336,91,Missed,1,Network Outage
CALL-2026040530,2026-04-12 10:30:00,CUST-2335,AGT-122,333,401,Answered,1,Technical Support
CALL-2026040531,2026-04-12 11:15:00,CUST-3330,AGT-101,179,370,Dropped,1,Billing & Payment
CALL-2026040532,2026-04-12 13:00:00,CUST-9881,AGT-104,244,96,Answered,5,Account Management
CALL-2026040533,2026-04-12 13:00:00,CUST-7146,AGT-120,446,122,Dropped,1,General Inquiry
CALL-2026040534,2026-04-12 13:00:00,CUST-3939,AGT-124,254,200,Answered,1,Technical Support
CALL-2026040535,2026-04-12 13:15:00,CUST-4150,AGT-106,348,387,Dropped,2,Billing & Payment
CALL-2026040536,2026-04-12 13:15:00,CUST-9033,AGT-124,186,187,Missed,3,General Inquiry
CALL-2026040537,2026-04-12 13:45:00,CUST-7924,AGT-101,164,83,Answered,4,Technical Support
CALL-2026040538,2026-04-12 14:15:00,CUST-4998,AGT-106,289,120,Answered,4,Technical Support
CALL-2026040539,2026-04-12 14:15:00,CUST-5435,AGT-121,204,336,Answered,1,Billing & Payment
CALL-2026040540,2026-04-12 14:15:00,CUST-1596,AGT-107,316,193,Missed,1,Billing & Payment
CALL-2026040541,2026-04-12 14:30:00,CUST-2551,AGT-119,153,71,Answered,5,Technical Support
CALL-2026040542,2026-04-12 15:30:00,CUST-8893,AGT-122,243,93,Answered,5,Network Outage
CALL-2026040543,2026-04-12 17:00:00,CUST-8104,AGT-101,272,32,Answered,5,Account Management
CALL-2026040544,2026-04-12 17:45:00,CUST-2128,AGT-123,275,320,Answered,1,Technical Support
CALL-2026040545,2026-04-12 19:15:00,CUST-5567,AGT-124,429,15,Answered,5,Account Management
CALL-2026040546,2026-04-12 20:45:00,CUST-7801,AGT-123,250,11,Answered,3,Account Management
CALL-2026040547,2026-04-12 21:45:00,CUST-3118,AGT-124,361,59,Dropped,1,Billing & Payment
CALL-2026040548,2026-04-12 22:00:00,CUST-3410,AGT-121,216,127,Answered,5,Billing & Payment
CALL-2026040549,2026-04-12 22:45:00,CUST-4199,AGT-120,184,10,Answered,3,Network Outage
CALL-2026040550,2026-04-12 23:30:00,CUST-9274,AGT-122,208,30,Answered,4,Account Management
CALL-2026040551,2026-04-12 23:45:00,CUST-4605,AGT-111,214,50,Dropped,1,General Inquiry
CALL-2026040552,2026-04-13 00:00:00,CUST-4830,AGT-117,251,77,Answered,5,Billing & Payment
CALL-2026040553,2026-04-13 00:15:00,CUST-2910,AGT-119,271,11,Answered,4,Billing & Payment
CALL-2026040554,2026-04-13 00:30:00,CUST-1060,AGT-122,163,53,Answered,5,Technical Support
CALL-2026040555,2026-04-13 01:30:00,CUST-1534,AGT-107,203,30,Answered,5,Technical Support
CALL-2026040556,2026-04-13 02:15:00,CUST-9518,AGT-119,148,22,Answered,5,Account Management
CALL-2026040557,2026-04-13 02:15:00,CUST-6269,AGT-109,202,20,Answered,4,Account Management
CALL-2026040558,2026-04-13 02:30:00,CUST-6398,AGT-123,288,196,Dropped,1,Technical Support
CALL-2026040559,2026-04-13 04:00:00,CUST-8118,AGT-104,244,39,Missed,1,Technical Support
CALL-2026040560,2026-04-13 04:00:00,CUST-2357,AGT-103,304,22,Answered,5,Account Management
CALL-2026040561,2026-04-13 04:00:00,CUST-7726,AGT-103,450,81,Dropped,1,Network Outage
CALL-2026040562,2026-04-13 04:45:00,CUST-4161,AGT-102,341,58,Answered,4,Account Management
CALL-2026040563,2026-04-13 05:00:00,CUST-5078,AGT-110,347,172,Answered,5,Account Management
CALL-2026040564,2026-04-13 05:15:00,CUST-4565,AGT-118,505,38,Answered,4,Billing & Payment
CALL-2026040565,2026-04-13 05:15:00,CUST-4672,AGT-123,380,14,Answered,4,Billing & Payment
CALL-2026040566,2026-04-13 05:15:00,CUST-4188,AGT-106,301,57,Answered,5,Technical Support
CALL-2026040567,2026-04-13 06:00:00,CUST-5823,AGT-105,344,40,Answered,4,Network Outage
CALL-2026040568,2026-04-13 06:15:00,CUST-7961,AGT-116,227,85,Answered,4,Account Management
CALL-2026040569,2026-04-13 06:45:00,CUST-1924,AGT-124,196,135,Answered,4,Technical Support
CALL-2026040570,2026-04-13 07:00:00,CUST-4085,AGT-117,376,10,Answered,5,Technical Support
CALL-2026040571,2026-04-13 07:30:00,CUST-5654,AGT-111,144,32,Answered,3,Technical Support
CALL-2026040572,2026-04-13 08:00:00,CUST-1153,AGT-114,279,45,Answered,4,General Inquiry
CALL-2026040573,2026-04-13 08:15:00,CUST-1786,AGT-117,380,43,Answered,5,Technical Support
CALL-2026040574,2026-04-13 08:30:00,CUST-4783,AGT-120,195,65,Answered,5,Network Outage
CALL-2026040575,2026-04-13 08:45:00,CUST-2212,AGT-122,430,13,Answered,5,Billing & Payment
CALL-2026040576,2026-04-13 09:00:00,CUST-7031,AGT-120,195,93,Answered,4,Technical Support
CALL-2026040577,2026-04-13 09:30:00,CUST-8328,AGT-113,67,16,Answered,5,Billing & Payment
CALL-2026040578,2026-04-13 10:00:00,CUST-6680,AGT-112,344,168,Answered,5,General Inquiry
CALL-2026040579,2026-04-13 10:00:00,CUST-8067,AGT-116,366,37,Answered,4,Technical Support
CALL-2026040580,2026-04-13 10:30:00,CUST-6818,AGT-114,321,266,Dropped,3,Account Management
CALL-2026040581,2026-04-13 11:30:00,CUST-3831,AGT-119,248,218,Answered,2,Billing & Payment
CALL-2026040582,2026-04-13 11:30:00,CUST-4122,AGT-108,210,377,Answered,3,Billing & Payment
CALL-2026040583,2026-04-13 11:45:00,CUST-7500,AGT-116,350,235,Answered,3,Billing & Payment
CALL-2026040584,2026-04-13 12:00:00,CUST-2032,AGT-115,231,90,Answered,5,Technical Support
CALL-2026040585,2026-04-13 12:15:00,CUST-5517,AGT-108,182,271,Dropped,1,General Inquiry
CALL-2026040586,2026-04-13 13:00:00,CUST-4309,AGT-102,199,263,Answered,1,Technical Support
CALL-2026040587,2026-04-13 15:00:00,CUST-1882,AGT-101,244,65,Answered,5,Account Management
CALL-2026040588,2026-04-13 15:30:00,CUST-3244,AGT-119,180,96,Answered,4,General Inquiry
CALL-2026040589,2026-04-13 15:45:00,CUST-4518,AGT-112,301,55,Answered,5,Billing & Payment
CALL-2026040590,2026-04-13 15:45:00,CUST-6127,AGT-104,92,44,Answered,4,Technical Support
CALL-2026040591,2026-04-13 16:00:00,CUST-8124,AGT-122,94,35,Answered,3,Account Management
CALL-2026040592,2026-04-13 16:00:00,CUST-3603,AGT-110,282,10,Answered,5,General Inquiry
CALL-2026040593,2026-04-13 16:00:00,CUST-6682,AGT-110,228,34,Answered,4,Account Management
CALL-2026040594,2026-04-13 17:45:00,CUST-9119,AGT-120,205,26,Answered,5,Network Outage
CALL-2026040595,2026-04-13 17:45:00,CUST-8347,AGT-110,385,61,Answered,4,Technical Support
CALL-2026040596,2026-04-13 17:45:00,CUST-8393,AGT-120,260,61,Answered,4,Billing & Payment
CALL-2026040597,2026-04-13 18:30:00,CUST-3135,AGT-108,299,37,Missed,3,Technical Support
CALL-2026040598,2026-04-13 19:15:00,CUST-4235,AGT-101,250,82,Answered,5,Account Management
CALL-2026040599,2026-04-13 20:15:00,CUST-5957,AGT-119,194,28,Answered,5,Technical Support
CALL-2026040600,2026-04-13 20:30:00,CUST-6533,AGT-122,262,35,Answered,5,Technical Support
CALL-2026040601,2026-04-13 20:30:00,CUST-4326,AGT-112,381,91,Answered,3,General Inquiry
CALL-2026040602,2026-04-13 20:45:00,CUST-7022,AGT-124,289,12,Answered,5,Billing & Payment
CALL-2026040603,2026-04-13 21:15:00,CUST-4044,AGT-113,194,147,Answered,4,Account Management
CALL-2026040604,2026-04-13 21:15:00,CUST-7782,AGT-107,308,77,Answered,4,Network Outage
CALL-2026040605,2026-04-13 21:15:00,CUST-2876,AGT-106,239,25,Answered,4,Billing & Payment
CALL-2026040606,2026-04-13 22:15:00,CUST-7380,AGT-117,290,24,Answered,4,General Inquiry
CALL-2026040607,2026-04-13 23:00:00,CUST-9446,AGT-104,143,109,Answered,5,Network Outage
CALL-2026040608,2026-04-13 23:30:00,CUST-4908,AGT-122,199,68,Answered,5,Account Management
CALL-2026040609,2026-04-13 23:45:00,CUST-2868,AGT-107,330,77,Answered,4,General Inquiry
CALL-2026040610,2026-04-13 23:45:00,CUST-2223,AGT-105,264,23,Answered,5,General Inquiry
CALL-2026040611,2026-04-13 23:45:00,CUST-6892,AGT-119,268,23,Answered,4,Technical Support
CALL-2026040612,2026-04-14 00:15:00,CUST-5196,AGT-103,246,124,Answered,5,Account Management
CALL-2026040613,2026-04-14 00:30:00,CUST-9417,AGT-109,245,50,Answered,5,Account Management
CALL-2026040614,2026-04-14 00:45:00,CUST-8795,AGT-105,231,37,Answered,4,Technical Support
CALL-2026040615,2026-04-14 01:45:00,CUST-1250,AGT-124,307,139,Answered,4,Account Management
CALL-2026040616,2026-04-14 02:00:00,CUST-9624,AGT-109,181,27,Dropped,1,Account Management
CALL-2026040617,2026-04-14 02:45:00,CUST-3429,AGT-115,285,241,Missed,2,Billing & Payment
CALL-2026040618,2026-04-14 05:30:00,CUST-4151,AGT-115,35,45,Dropped,1,Account Management
CALL-2026040619,2026-04-14 05:30:00,CUST-4491,AGT-103,274,15,Answered,5,Account Management
CALL-2026040620,2026-04-14 06:00:00,CUST-2847,AGT-104,381,23,Answered,5,Network Outage
CALL-2026040621,2026-04-14 06:00:00,CUST-7811,AGT-116,383,30,Answered,4,Billing & Payment
CALL-2026040622,2026-04-14 06:45:00,CUST-5157,AGT-104,271,100,Answered,4,Technical Support
CALL-2026040623,2026-04-14 06:45:00,CUST-7571,AGT-121,160,178,Dropped,1,Billing & Payment
CALL-2026040624,2026-04-14 06:45:00,CUST-2381,AGT-119,274,17,Missed,1,Billing & Payment
CALL-2026040625,2026-04-14 07:30:00,CUST-8892,AGT-117,271,99,Answered,4,Technical Support
CALL-2026040626,2026-04-14 08:00:00,CUST-4555,AGT-118,180,96,Dropped,1,Technical Support
CALL-2026040627,2026-04-14 08:30:00,CUST-5016,AGT-104,378,39,Dropped,3,Billing & Payment
CALL-2026040628,2026-04-14 08:30:00,CUST-4443,AGT-120,139,142,Answered,4,Billing & Payment
CALL-2026040629,2026-04-14 09:00:00,CUST-6724,AGT-119,289,413,Answered,1,Billing & Payment
CALL-2026040630,2026-04-14 09:00:00,CUST-5332,AGT-106,223,14,Answered,5,Technical Support
CALL-2026040631,2026-04-14 09:00:00,CUST-6303,AGT-123,207,39,Answered,5,Account Management
CALL-2026040632,2026-04-14 09:00:00,CUST-7354,AGT-124,166,20,Missed,1,Technical Support
CALL-2026040633,2026-04-14 09:30:00,CUST-5378,AGT-115,208,79,Answered,5,Billing & Payment
CALL-2026040634,2026-04-14 09:30:00,CUST-9134,AGT-117,341,16,Answered,4,Network Outage
CALL-2026040635,2026-04-14 10:00:00,CUST-8837,AGT-112,233,40,Answered,3,Network Outage
CALL-2026040636,2026-04-14 10:15:00,CUST-1722,AGT-112,253,373,Dropped,1,Technical Support
CALL-2026040637,2026-04-14 11:30:00,CUST-5736,AGT-115,274,79,Answered,5,Technical Support
CALL-2026040638,2026-04-14 12:45:00,CUST-2099,AGT-120,264,75,Answered,4,Technical Support
CALL-2026040639,2026-04-14 14:45:00,CUST-2850,AGT-107,286,136,Answered,4,Billing & Payment
CALL-2026040640,2026-04-14 15:00:00,CUST-1988,AGT-118,322,62,Answered,4,Network Outage
CALL-2026040641,2026-04-14 15:15:00,CUST-2425,AGT-106,221,62,Answered,5,Technical Support
CALL-2026040642,2026-04-14 15:45:00,CUST-6517,AGT-104,313,33,Dropped,1,Network Outage
CALL-2026040643,2026-04-14 16:00:00,CUST-3765,AGT-122,247,17,Answered,4,Technical Support
CALL-2026040644,2026-04-14 16:30:00,CUST-6816,AGT-112,257,84,Answered,5,General Inquiry
CALL-2026040645,2026-04-14 17:45:00,CUST-9038,AGT-118,388,54,Answered,3,Network Outage
CALL-2026040646,2026-04-14 18:45:00,CUST-7130,AGT-123,333,10,Answered,5,Billing & Payment
CALL-2026040647,2026-04-14 18:45:00,CUST-4250,AGT-102,267,11,Answered,4,Network Outage
CALL-2026040648,2026-04-14 18:45:00,CUST-1508,AGT-112,388,24,Answered,5,Billing & Payment
CALL-2026040649,2026-04-14 19:30:00,CUST-4209,AGT-107,351,28,Answered,5,Account Management
CALL-2026040650,2026-04-14 20:00:00,CUST-4557,AGT-104,364,42,Answered,4,Network Outage
CALL-2026040651,2026-04-14 20:00:00,CUST-1687,AGT-122,202,28,Answered,3,Billing & Payment
CALL-2026040652,2026-04-14 20:00:00,CUST-6904,AGT-104,267,13,Answered,3,Billing & Payment
CALL-2026040653,2026-04-14 20:15:00,CUST-9257,AGT-120,181,130,Answered,5,Technical Support
CALL-2026040654,2026-04-14 21:00:00,CUST-3443,AGT-124,264,124,Answered,4,General Inquiry
CALL-2026040655,2026-04-14 21:15:00,CUST-9684,AGT-112,162,46,Answered,3,Billing & Payment
CALL-2026040656,2026-04-14 21:45:00,CUST-4959,AGT-105,103,86,Answered,5,Billing & Payment
CALL-2026040657,2026-04-14 22:00:00,CUST-6235,AGT-102,117,11,Dropped,1,Billing & Payment
CALL-2026040658,2026-04-14 22:15:00,CUST-3785,AGT-118,239,58,Answered,4,Billing & Payment
CALL-2026040659,2026-04-14 22:30:00,CUST-9060,AGT-123,333,99,Answered,5,Technical Support
CALL-2026040660,2026-04-14 23:00:00,CUST-4932,AGT-108,341,72,Answered,5,Account Management
CALL-2026040661,2026-04-14 23:45:00,CUST-3833,AGT-106,109,130,Answered,4,Technical Support
CALL-2026040662,2026-04-15 00:00:00,CUST-9273,AGT-123,279,16,Answered,5,Technical Support
CALL-2026040663,2026-04-15 00:00:00,CUST-2932,AGT-109,185,154,Answered,5,Technical Support
CALL-2026040664,2026-04-15 00:00:00,CUST-4933,AGT-113,263,27,Answered,4,Technical Support
CALL-2026040665,2026-04-15 00:00:00,CUST-3500,AGT-123,321,219,Answered,4,Network Outage
CALL-2026040666,2026-04-15 00:30:00,CUST-5732,AGT-119,30,47,Answered,5,Billing & Payment
CALL-2026040667,2026-04-15 01:30:00,CUST-7240,AGT-106,323,87,Answered,4,Account Management
CALL-2026040668,2026-04-15 01:45:00,CUST-4483,AGT-107,376,93,Answered,4,Network Outage
CALL-2026040669,2026-04-15 01:45:00,CUST-5305,AGT-112,269,114,Answered,5,Account Management
CALL-2026040670,2026-04-15 03:00:00,CUST-4185,AGT-112,382,170,Answered,5,Billing & Payment
CALL-2026040671,2026-04-15 03:45:00,CUST-1386,AGT-110,355,111,Answered,3,Account Management
CALL-2026040672,2026-04-15 04:15:00,CUST-5366,AGT-116,374,64,Answered,5,Technical Support
CALL-2026040673,2026-04-15 04:45:00,CUST-9399,AGT-123,280,132,Answered,4,Billing & Payment
CALL-2026040674,2026-04-15 05:00:00,CUST-6336,AGT-111,435,45,Answered,4,Billing & Payment
CALL-2026040675,2026-04-15 05:15:00,CUST-9391,AGT-119,290,11,Answered,5,Account Management
CALL-2026040676,2026-04-15 05:45:00,CUST-1604,AGT-116,442,79,Answered,5,Account Management
CALL-2026040677,2026-04-15 07:15:00,CUST-8532,AGT-122,193,187,Answered,1,Billing & Payment
CALL-2026040678,2026-04-15 07:30:00,CUST-5468,AGT-101,256,30,Missed,3,Billing & Payment
CALL-2026040679,2026-04-15 08:30:00,CUST-2564,AGT-119,368,119,Dropped,1,Technical Support
CALL-2026040680,2026-04-15 08:45:00,CUST-1282,AGT-114,381,95,Answered,3,Billing & Payment
CALL-2026040681,2026-04-15 09:00:00,CUST-1947,AGT-122,378,65,Answered,5,Billing & Payment
CALL-2026040682,2026-04-15 10:15:00,CUST-3251,AGT-122,217,372,Answered,2,Account Management
CALL-2026040683,2026-04-15 10:15:00,CUST-7906,AGT-101,336,583,Dropped,1,Technical Support
CALL-2026040684,2026-04-15 10:30:00,CUST-6611,AGT-113,222,72,Answered,5,General Inquiry
CALL-2026040685,2026-04-15 11:30:00,CUST-7683,AGT-104,168,58,Answered,5,General Inquiry
CALL-2026040686,2026-04-15 11:30:00,CUST-9014,AGT-119,340,503,Answered,1,General Inquiry
CALL-2026040687,2026-04-15 12:45:00,CUST-9488,AGT-110,130,352,Dropped,1,Technical Support
CALL-2026040688,2026-04-15 12:45:00,CUST-1175,AGT-115,253,201,Answered,2,Technical Support
CALL-2026040689,2026-04-15 13:15:00,CUST-9867,AGT-113,228,67,Answered,4,Billing & Payment
CALL-2026040690,2026-04-15 13:15:00,CUST-2849,AGT-119,255,57,Answered,5,Network Outage
CALL-2026040691,2026-04-15 13:45:00,CUST-6491,AGT-105,401,62,Answered,5,Technical Support
CALL-2026040692,2026-04-15 14:15:00,CUST-3431,AGT-112,166,85,Answered,4,Account Management
CALL-2026040693,2026-04-15 14:15:00,CUST-8503,AGT-119,325,890,Dropped,3,Network Outage
CALL-2026040694,2026-04-15 14:45:00,CUST-6218,AGT-107,200,422,Answered,1,Technical Support
CALL-2026040695,2026-04-15 15:00:00,CUST-8396,AGT-118,124,69,Answered,5,Billing & Payment
CALL-2026040696,2026-04-15 16:45:00,CUST-2129,AGT-110,106,193,Answered,2,General Inquiry
CALL-2026040697,2026-04-15 17:45:00,CUST-5067,AGT-104,159,29,Answered,5,Network Outage
CALL-2026040698,2026-04-15 18:00:00,CUST-6560,AGT-117,181,26,Answered,4,Network Outage
CALL-2026040699,2026-04-15 18:30:00,CUST-5157,AGT-110,258,11,Answered,5,Technical Support
CALL-2026040700,2026-04-15 18:45:00,CUST-8141,AGT-113,319,75,Missed,3,Technical Support
CALL-2026040701,2026-04-15 19:00:00,CUST-8265,AGT-112,234,277,Dropped,1,Account Management
CALL-2026040702,2026-04-15 19:30:00,CUST-3161,AGT-112,263,23,Answered,3,Network Outage
CALL-2026040703,2026-04-15 19:30:00,CUST-5675,AGT-119,229,266,Answered,1,Technical Support
CALL-2026040704,2026-04-15 20:30:00,CUST-7719,AGT-112,354,26,Answered,4,Network Outage
CALL-2026040705,2026-04-15 20:30:00,CUST-2129,AGT-112,396,257,Dropped,1,Account Management
CALL-2026040706,2026-04-15 21:00:00,CUST-1885,AGT-123,215,12,Answered,5,Technical Support
CALL-2026040707,2026-04-15 22:00:00,CUST-6317,AGT-111,333,142,Answered,5,Billing & Payment
CALL-2026040708,2026-04-15 22:15:00,CUST-3705,AGT-121,357,11,Answered,4,Account Management
CALL-2026040709,2026-04-16 00:00:00,CUST-3013,AGT-118,360,21,Dropped,1,Billing & Payment
CALL-2026040710,2026-04-16 00:15:00,CUST-5376,AGT-119,305,96,Answered,3,Billing & Payment
CALL-2026040711,2026-04-16 00:15:00,CUST-9159,AGT-119,428,10,Answered,5,Billing & Payment
CALL-2026040712,2026-04-16 01:45:00,CUST-9558,AGT-116,227,63,Answered,4,Network Outage
CALL-2026040713,2026-04-16 01:45:00,CUST-7875,AGT-121,334,42,Answered,4,Network Outage
CALL-2026040714,2026-04-16 02:00:00,CUST-2770,AGT-118,244,69,Answered,5,Technical Support
CALL-2026040715,2026-04-16 05:00:00,CUST-4737,AGT-116,437,60,Answered,4,Billing & Payment
CALL-2026040716,2026-04-16 05:30:00,CUST-7985,AGT-117,244,26,Dropped,1,Billing & Payment
CALL-2026040717,2026-04-16 06:15:00,CUST-5869,AGT-107,270,70,Answered,5,General Inquiry
CALL-2026040718,2026-04-16 06:30:00,CUST-7376,AGT-110,364,24,Answered,4,Network Outage
CALL-2026040719,2026-04-16 07:30:00,CUST-9417,AGT-119,250,18,Answered,4,General Inquiry
CALL-2026040720,2026-04-16 07:45:00,CUST-9895,AGT-117,272,43,Answered,5,Account Management
CALL-2026040721,2026-04-16 08:00:00,CUST-7794,AGT-104,357,77,Answered,4,Network Outage
CALL-2026040722,2026-04-16 08:45:00,CUST-2196,AGT-116,302,39,Answered,5,General Inquiry
CALL-2026040723,2026-04-16 09:15:00,CUST-1028,AGT-103,208,12,Answered,4,Account Management
CALL-2026040724,2026-04-16 09:15:00,CUST-4735,AGT-123,255,127,Answered,5,General Inquiry
CALL-2026040725,2026-04-16 12:30:00,CUST-5601,AGT-114,308,35,Dropped,1,Account Management
CALL-2026040726,2026-04-16 12:30:00,CUST-2428,AGT-110,200,162,Answered,3,Technical Support
CALL-2026040727,2026-04-16 13:00:00,CUST-2040,AGT-108,230,73,Answered,5,Billing & Payment
CALL-2026040728,2026-04-16 13:00:00,CUST-1392,AGT-121,334,39,Answered,5,General Inquiry
CALL-2026040729,2026-04-16 14:00:00,CUST-9864,AGT-107,345,33,Answered,5,Account Management
CALL-2026040730,2026-04-16 14:30:00,CUST-3739,AGT-113,290,255,Dropped,1,General Inquiry
CALL-2026040731,2026-04-16 15:15:00,CUST-4457,AGT-106,381,112,Answered,5,Billing & Payment
CALL-2026040732,2026-04-16 15:30:00,CUST-5920,AGT-119,290,96,Answered,4,Account Management
CALL-2026040733,2026-04-16 15:45:00,CUST-5792,AGT-115,336,68,Answered,5,Technical Support
CALL-2026040734,2026-04-16 16:15:00,CUST-7159,AGT-118,316,31,Answered,5,Technical Support
CALL-2026040735,2026-04-16 17:30:00,CUST-1727,AGT-116,231,18,Answered,4,Network Outage
CALL-2026040736,2026-04-16 17:45:00,CUST-2009,AGT-115,306,71,Answered,5,Technical Support
CALL-2026040737,2026-04-16 18:15:00,CUST-8447,AGT-118,190,130,Answered,4,Technical Support
CALL-2026040738,2026-04-16 18:30:00,CUST-6660,AGT-123,302,62,Answered,4,Network Outage
CALL-2026040739,2026-04-16 19:00:00,CUST-3233,AGT-114,226,62,Answered,4,Billing & Payment
CALL-2026040740,2026-04-16 19:00:00,CUST-7944,AGT-107,379,63,Dropped,2,Account Management
CALL-2026040741,2026-04-16 19:15:00,CUST-8799,AGT-105,299,58,Answered,4,Billing & Payment
CALL-2026040742,2026-04-16 20:15:00,CUST-2030,AGT-116,252,30,Answered,4,Network Outage
CALL-2026040743,2026-04-16 21:00:00,CUST-9106,AGT-104,118,22,Answered,3,Technical Support
CALL-2026040744,2026-04-16 21:00:00,CUST-5532,AGT-106,278,99,Answered,5,Billing & Payment
CALL-2026040745,2026-04-16 21:15:00,CUST-2221,AGT-113,248,13,Answered,4,Account Management
CALL-2026040746,2026-04-16 21:45:00,CUST-3681,AGT-124,317,29,Answered,5,Technical Support
CALL-2026040747,2026-04-16 21:45:00,CUST-4513,AGT-116,200,62,Answered,4,Technical Support
CALL-2026040748,2026-04-16 22:00:00,CUST-9328,AGT-103,384,28,Answered,3,General Inquiry
CALL-2026040749,2026-04-16 22:00:00,CUST-3907,AGT-103,305,118,Answered,4,Billing & Payment
CALL-2026040750,2026-04-16 23:00:00,CUST-1938,AGT-105,370,137,Answered,4,Technical Support
CALL-2026040751,2026-04-16 23:00:00,CUST-5179,AGT-115,95,82,Missed,2,Account Management
CALL-2026040752,2026-04-16 23:00:00,CUST-4345,AGT-123,491,11,Answered,5,Technical Support
CALL-2026040753,2026-04-16 23:00:00,CUST-8095,AGT-111,219,91,Answered,4,Technical Support
CALL-2026040754,2026-04-17 00:00:00,CUST-7123,AGT-118,317,141,Answered,4,Account Management
CALL-2026040755,2026-04-17 01:00:00,CUST-5466,AGT-103,293,19,Answered,5,Technical Support
CALL-2026040756,2026-04-17 02:45:00,CUST-2541,AGT-122,233,138,Answered,4,Technical Support
CALL-2026040757,2026-04-17 03:00:00,CUST-2422,AGT-123,257,51,Answered,3,Billing & Payment
CALL-2026040758,2026-04-17 03:45:00,CUST-6463,AGT-106,200,15,Answered,4,Technical Support
CALL-2026040759,2026-04-17 04:00:00,CUST-8847,AGT-115,284,71,Answered,5,Technical Support
CALL-2026040760,2026-04-17 04:00:00,CUST-4867,AGT-118,367,103,Answered,5,Billing & Payment
CALL-2026040761,2026-04-17 04:15:00,CUST-7452,AGT-108,253,170,Answered,5,Technical Support
CALL-2026040762,2026-04-17 04:30:00,CUST-6560,AGT-105,234,83,Answered,4,Network Outage
CALL-2026040763,2026-04-17 04:45:00,CUST-3523,AGT-114,261,197,Answered,2,Technical Support
CALL-2026040764,2026-04-17 04:45:00,CUST-2220,AGT-103,226,39,Missed,1,Billing & Payment
CALL-2026040765,2026-04-17 05:00:00,CUST-7523,AGT-111,179,39,Answered,5,Billing & Payment
CALL-2026040766,2026-04-17 05:30:00,CUST-3568,AGT-116,338,21,Answered,3,Billing & Payment
CALL-2026040767,2026-04-17 05:45:00,CUST-4110,AGT-123,256,33,Answered,5,Technical Support
CALL-2026040768,2026-04-17 06:00:00,CUST-2658,AGT-115,198,138,Answered,5,General Inquiry
CALL-2026040769,2026-04-17 06:15:00,CUST-6988,AGT-109,344,149,Dropped,1,Billing & Payment
CALL-2026040770,2026-04-17 06:15:00,CUST-8937,AGT-101,254,205,Answered,2,Network Outage
CALL-2026040771,2026-04-17 06:45:00,CUST-2888,AGT-115,283,56,Answered,4,Network Outage
CALL-2026040772,2026-04-17 06:45:00,CUST-9701,AGT-108,406,16,Answered,3,Technical Support
CALL-2026040773,2026-04-17 07:30:00,CUST-5232,AGT-124,183,210,Answered,2,Account Management
CALL-2026040774,2026-04-17 09:00:00,CUST-2325,AGT-122,373,45,Answered,5,Network Outage
CALL-2026040775,2026-04-17 09:15:00,CUST-5133,AGT-108,319,38,Answered,4,Billing & Payment
CALL-2026040776,2026-04-17 09:30:00,CUST-4758,AGT-114,77,28,Answered,5,Account Management
CALL-2026040777,2026-04-17 11:00:00,CUST-5060,AGT-113,287,217,Answered,2,Account Management
CALL-2026040778,2026-04-17 11:15:00,CUST-7382,AGT-114,249,228,Answered,2,Billing & Payment
CALL-2026040779,2026-04-17 12:45:00,CUST-9073,AGT-117,344,257,Answered,2,Technical Support
CALL-2026040780,2026-04-17 12:45:00,CUST-4431,AGT-101,560,141,Answered,4,Technical Support
CALL-2026040781,2026-04-17 14:15:00,CUST-3892,AGT-120,213,343,Answered,4,Account Management
CALL-2026040782,2026-04-17 16:00:00,CUST-4641,AGT-107,267,12,Answered,5,Billing & Payment
CALL-2026040783,2026-04-17 16:30:00,CUST-5335,AGT-108,188,161,Answered,5,General Inquiry
CALL-2026040784,2026-04-17 16:30:00,CUST-7273,AGT-113,220,27,Answered,5,Account Management
CALL-2026040785,2026-04-17 16:45:00,CUST-1743,AGT-115,170,158,Answered,5,Technical Support
CALL-2026040786,2026-04-17 16:45:00,CUST-9856,AGT-113,321,62,Dropped,1,Account Management
CALL-2026040787,2026-04-17 17:15:00,CUST-1667,AGT-111,476,26,Answered,5,Technical Support
CALL-2026040788,2026-04-17 17:30:00,CUST-4620,AGT-123,218,15,Answered,5,Account Management
CALL-2026040789,2026-04-17 18:45:00,CUST-3384,AGT-110,263,59,Dropped,1,Billing & Payment
CALL-2026040790,2026-04-17 19:15:00,CUST-6695,AGT-118,384,13,Dropped,1,Network Outage
CALL-2026040791,2026-04-17 20:15:00,CUST-5261,AGT-106,267,179,Answered,4,Billing & Payment
CALL-2026040792,2026-04-17 21:15:00,CUST-5009,AGT-116,241,158,Answered,5,Billing & Payment
CALL-2026040793,2026-04-17 22:45:00,CUST-7777,AGT-112,240,13,Answered,5,Billing & Payment
CALL-2026040794,2026-04-17 23:15:00,CUST-4928,AGT-120,133,180,Dropped,1,Account Management
CALL-2026040795,2026-04-17 23:45:00,CUST-9795,AGT-106,123,58,Answered,5,Account Management
CALL-2026040796,2026-04-18 00:45:00,CUST-3738,AGT-114,299,56,Missed,1,Account Management
CALL-2026040797,2026-04-18 00:45:00,CUST-2963,AGT-102,279,15,Answered,3,Technical Support
CALL-2026040798,2026-04-18 01:00:00,CUST-9101,AGT-120,233,28,Answered,5,Billing & Payment
CALL-2026040799,2026-04-18 01:15:00,CUST-5607,AGT-118,199,36,Answered,5,Network Outage
CALL-2026040800,2026-04-18 04:15:00,CUST-5584,AGT-115,344,53,Answered,5,General Inquiry
CALL-2026040801,2026-04-18 04:45:00,CUST-5647,AGT-119,315,36,Answered,4,Account Management
CALL-2026040802,2026-04-18 05:30:00,CUST-3739,AGT-116,272,20,Answered,3,Network Outage
CALL-2026040803,2026-04-18 06:15:00,CUST-1877,AGT-123,250,212,Answered,1,Technical Support
CALL-2026040804,2026-04-18 06:15:00,CUST-3374,AGT-101,195,120,Answered,5,General Inquiry
CALL-2026040805,2026-04-18 07:15:00,CUST-4523,AGT-104,335,29,Answered,5,Account Management
CALL-2026040806,2026-04-18 07:30:00,CUST-6409,AGT-107,260,125,Answered,5,Technical Support
CALL-2026040807,2026-04-18 07:30:00,CUST-4384,AGT-111,331,69,Answered,5,Account Management
CALL-2026040808,2026-04-18 07:45:00,CUST-6755,AGT-119,276,36,Answered,4,Technical Support
CALL-2026040809,2026-04-18 07:45:00,CUST-3762,AGT-124,214,24,Answered,5,Billing & Payment
CALL-2026040810,2026-04-18 08:15:00,CUST-2349,AGT-117,279,34,Answered,5,Account Management
CALL-2026040811,2026-04-18 08:30:00,CUST-4808,AGT-101,106,19,Answered,5,Billing & Payment
CALL-2026040812,2026-04-18 08:45:00,CUST-2075,AGT-103,219,84,Answered,3,Network Outage
CALL-2026040813,2026-04-18 08:45:00,CUST-1604,AGT-104,190,26,Answered,4,General Inquiry
CALL-2026040814,2026-04-18 09:00:00,CUST-2699,AGT-106,230,59,Answered,4,Account Management
CALL-2026040815,2026-04-18 09:00:00,CUST-8846,AGT-120,298,21,Answered,3,Billing & Payment
CALL-2026040816,2026-04-18 09:00:00,CUST-5508,AGT-108,285,138,Dropped,2,Account Management
CALL-2026040817,2026-04-18 09:00:00,CUST-4273,AGT-118,191,34,Answered,4,Billing & Payment
CALL-2026040818,2026-04-18 09:00:00,CUST-9002,AGT-115,370,49,Answered,5,Account Management
CALL-2026040819,2026-04-18 09:30:00,CUST-3986,AGT-117,46,58,Answered,5,Billing & Payment
CALL-2026040820,2026-04-18 09:45:00,CUST-5311,AGT-112,465,132,Answered,4,Billing & Payment
CALL-2026040821,2026-04-18 09:45:00,CUST-9325,AGT-101,233,88,Answered,5,Technical Support
CALL-2026040822,2026-04-18 10:45:00,CUST-9444,AGT-106,172,170,Answered,4,Billing & Payment
CALL-2026040823,2026-04-18 11:15:00,CUST-3763,AGT-106,213,176,Answered,5,Account Management
CALL-2026040824,2026-04-18 11:30:00,CUST-5409,AGT-124,430,457,Dropped,1,Billing & Payment
CALL-2026040825,2026-04-18 11:30:00,CUST-7843,AGT-102,367,314,Answered,2,Network Outage
CALL-2026040826,2026-04-18 12:00:00,CUST-9795,AGT-110,278,431,Answered,1,Technical Support
CALL-2026040827,2026-04-18 12:15:00,CUST-9791,AGT-102,206,127,Answered,4,Technical Support
CALL-2026040828,2026-04-18 13:30:00,CUST-5864,AGT-119,177,276,Dropped,2,Billing & Payment
CALL-2026040829,2026-04-18 14:30:00,CUST-1789,AGT-120,378,55,Answered,3,Technical Support
CALL-2026040830,2026-04-18 15:15:00,CUST-9502,AGT-113,230,54,Answered,3,Account Management
CALL-2026040831,2026-04-18 15:45:00,CUST-1421,AGT-114,281,93,Answered,4,Network Outage
CALL-2026040832,2026-04-18 15:45:00,CUST-2308,AGT-111,246,106,Answered,4,Technical Support
CALL-2026040833,2026-04-18 16:00:00,CUST-7697,AGT-110,380,75,Answered,5,Account Management
CALL-2026040834,2026-04-18 16:00:00,CUST-9934,AGT-107,232,31,Answered,5,Billing & Payment
CALL-2026040835,2026-04-18 17:00:00,CUST-7728,AGT-120,348,74,Answered,5,Billing & Payment
CALL-2026040836,2026-04-18 17:00:00,CUST-9837,AGT-119,191,26,Answered,5,Account Management
CALL-2026040837,2026-04-18 17:15:00,CUST-1370,AGT-105,287,92,Answered,3,Network Outage
CALL-2026040838,2026-04-18 18:15:00,CUST-9572,AGT-101,236,48,Answered,3,Network Outage
CALL-2026040839,2026-04-18 19:00:00,CUST-2667,AGT-105,295,182,Answered,2,Account Management
CALL-2026040840,2026-04-18 19:30:00,CUST-1832,AGT-110,193,14,Missed,1,Account Management
CALL-2026040841,2026-04-18 19:45:00,CUST-3367,AGT-109,214,21,Answered,5,Account Management
CALL-2026040842,2026-04-18 20:00:00,CUST-8972,AGT-102,274,151,Missed,1,Network Outage
CALL-2026040843,2026-04-18 20:30:00,CUST-2689,AGT-104,185,132,Answered,4,Technical Support
CALL-2026040844,2026-04-18 20:30:00,CUST-5521,AGT-105,318,282,Answered,1,Billing & Payment
CALL-2026040845,2026-04-18 20:30:00,CUST-4878,AGT-121,335,32,Dropped,2,Billing & Payment
CALL-2026040846,2026-04-18 20:45:00,CUST-9111,AGT-101,313,114,Answered,4,Account Management
CALL-2026040847,2026-04-18 20:45:00,CUST-9974,AGT-117,246,389,Answered,2,Technical Support
CALL-2026040848,2026-04-18 21:15:00,CUST-6087,AGT-103,250,103,Answered,5,Billing & Payment
CALL-2026040849,2026-04-18 21:30:00,CUST-7458,AGT-118,181,13,Answered,5,Network Outage
CALL-2026040850,2026-04-18 21:45:00,CUST-9984,AGT-103,273,49,Answered,5,Account Management
CALL-2026040851,2026-04-18 21:45:00,CUST-4349,AGT-106,183,13,Missed,1,Technical Support
CALL-2026040852,2026-04-18 23:00:00,CUST-4377,AGT-113,284,33,Dropped,1,Billing & Payment
CALL-2026040853,2026-04-18 23:15:00,CUST-6285,AGT-111,160,216,Answered,1,Technical Support
CALL-2026040854,2026-04-18 23:15:00,CUST-7745,AGT-115,83,153,Answered,3,General Inquiry
CALL-2026040855,2026-04-18 23:45:00,CUST-7620,AGT-111,152,300,Answered,3,Account Management
CALL-2026040856,2026-04-19 00:00:00,CUST-7302,AGT-110,407,31,Answered,4,Billing & Payment
CALL-2026040857,2026-04-19 00:30:00,CUST-3191,AGT-109,298,51,Answered,5,General Inquiry
CALL-2026040858,2026-04-19 00:45:00,CUST-5392,AGT-116,214,22,Answered,4,Technical Support
CALL-2026040859,2026-04-19 01:00:00,CUST-3024,AGT-110,228,47,Answered,5,Billing & Payment
CALL-2026040860,2026-04-19 01:15:00,CUST-8848,AGT-103,173,118,Answered,4,Billing & Payment
CALL-2026040861,2026-04-19 02:00:00,CUST-4175,AGT-110,460,55,Answered,5,Network Outage
CALL-2026040862,2026-04-19 02:15:00,CUST-1002,AGT-103,261,36,Answered,5,Network Outage
CALL-2026040863,2026-04-19 02:45:00,CUST-3568,AGT-121,298,13,Answered,5,Technical Support
CALL-2026040864,2026-04-19 03:00:00,CUST-8171,AGT-112,333,41,Dropped,1,Account Management
CALL-2026040865,2026-04-19 04:45:00,CUST-9627,AGT-120,175,57,Answered,5,Network Outage
CALL-2026040866,2026-04-19 04:45:00,CUST-7553,AGT-106,419,52,Answered,3,Account Management
CALL-2026040867,2026-04-19 05:45:00,CUST-8024,AGT-113,403,60,Answered,5,Technical Support
CALL-2026040868,2026-04-19 06:30:00,CUST-9333,AGT-116,223,60,Answered,4,Technical Support
CALL-2026040869,2026-04-19 07:00:00,CUST-4374,AGT-116,369,26,Answered,4,Network Outage
CALL-2026040870,2026-04-19 09:15:00,CUST-3224,AGT-111,272,33,Missed,3,Billing & Payment
CALL-2026040871,2026-04-19 09:15:00,CUST-5945,AGT-123,245,36,Answered,5,Network Outage
CALL-2026040872,2026-04-19 09:30:00,CUST-1941,AGT-124,467,30,Answered,4,Network Outage
CALL-2026040873,2026-04-19 13:30:00,CUST-9853,AGT-120,251,108,Answered,3,Account Management
CALL-2026040874,2026-04-19 13:45:00,CUST-2543,AGT-116,98,377,Dropped,1,Billing & Payment
CALL-2026040875,2026-04-19 14:15:00,CUST-6221,AGT-122,337,186,Answered,2,General Inquiry
CALL-2026040876,2026-04-19 14:45:00,CUST-1730,AGT-111,303,292,Answered,1,Network Outage
CALL-2026040877,2026-04-19 15:15:00,CUST-2506,AGT-115,219,26,Answered,4,Technical Support
CALL-2026040878,2026-04-19 15:15:00,CUST-3689,AGT-123,209,130,Answered,3,Billing & Payment
CALL-2026040879,2026-04-19 15:15:00,CUST-6938,AGT-120,352,90,Answered,4,Technical Support
CALL-2026040880,2026-04-19 15:30:00,CUST-4790,AGT-111,241,67,Answered,3,Account Management
CALL-2026040881,2026-04-19 15:45:00,CUST-4688,AGT-110,379,70,Dropped,3,Technical Support
CALL-2026040882,2026-04-19 15:45:00,CUST-7127,AGT-105,267,28,Answered,5,Network Outage
CALL-2026040883,2026-04-19 16:15:00,CUST-8880,AGT-118,274,38,Answered,5,General Inquiry
CALL-2026040884,2026-04-19 16:30:00,CUST-9338,AGT-123,149,47,Dropped,1,Technical Support
CALL-2026040885,2026-04-19 18:00:00,CUST-1256,AGT-116,459,30,Answered,4,Technical Support
CALL-2026040886,2026-04-19 18:00:00,CUST-2306,AGT-110,194,37,Answered,5,Technical Support
CALL-2026040887,2026-04-19 19:00:00,CUST-1372,AGT-110,264,13,Answered,4,Network Outage
CALL-2026040888,2026-04-19 19:00:00,CUST-1780,AGT-102,282,11,Answered,5,Account Management
CALL-2026040889,2026-04-19 19:15:00,CUST-3825,AGT-109,253,49,Answered,4,General Inquiry
CALL-2026040890,2026-04-19 19:30:00,CUST-2789,AGT-118,422,29,Missed,1,Account Management
CALL-2026040891,2026-04-19 21:15:00,CUST-1973,AGT-112,266,22,Answered,5,General Inquiry
CALL-2026040892,2026-04-19 21:15:00,CUST-5348,AGT-107,102,24,Answered,5,Account Management
CALL-2026040893,2026-04-19 21:30:00,CUST-6844,AGT-120,220,32,Answered,4,Network Outage
CALL-2026040894,2026-04-19 22:15:00,CUST-5053,AGT-124,310,15,Answered,3,Account Management
CALL-2026040895,2026-04-19 22:15:00,CUST-8741,AGT-118,459,29,Answered,4,General Inquiry
CALL-2026040896,2026-04-19 22:45:00,CUST-1364,AGT-109,239,89,Answered,5,General Inquiry
CALL-2026040897,2026-04-19 23:30:00,CUST-1179,AGT-102,209,86,Answered,5,General Inquiry
CALL-2026040898,2026-04-20 00:00:00,CUST-6202,AGT-101,343,29,Answered,5,Technical Support
CALL-2026040899,2026-04-20 00:00:00,CUST-7802,AGT-111,370,88,Answered,5,Billing & Payment
CALL-2026040900,2026-04-20 00:30:00,CUST-6756,AGT-123,199,66,Answered,4,Billing & Payment
CALL-2026040901,2026-04-20 01:00:00,CUST-2613,AGT-124,378,112,Answered,4,General Inquiry
CALL-2026040902,2026-04-20 01:45:00,CUST-4756,AGT-114,230,24,Answered,4,Network Outage
CALL-2026040903,2026-04-20 01:45:00,CUST-4052,AGT-104,124,163,Answered,5,Technical Support
CALL-2026040904,2026-04-20 02:30:00,CUST-3586,AGT-118,400,21,Answered,5,Billing & Payment
CALL-2026040905,2026-04-20 02:30:00,CUST-8986,AGT-115,194,186,Answered,1,General Inquiry
CALL-2026040906,2026-04-20 03:30:00,CUST-4240,AGT-119,249,27,Answered,4,Technical Support
CALL-2026040907,2026-04-20 04:30:00,CUST-2785,AGT-107,286,21,Answered,5,Billing & Payment
CALL-2026040908,2026-04-20 04:30:00,CUST-5298,AGT-105,122,176,Dropped,3,Account Management
CALL-2026040909,2026-04-20 04:30:00,CUST-1906,AGT-113,293,27,Answered,4,General Inquiry
CALL-2026040910,2026-04-20 06:00:00,CUST-4081,AGT-109,381,37,Answered,5,Network Outage
CALL-2026040911,2026-04-20 06:15:00,CUST-3829,AGT-115,285,100,Answered,5,General Inquiry
CALL-2026040912,2026-04-20 06:45:00,CUST-9282,AGT-107,252,20,Answered,5,Network Outage
CALL-2026040913,2026-04-20 06:45:00,CUST-5490,AGT-110,369,27,Answered,4,Billing & Payment
CALL-2026040914,2026-04-20 07:15:00,CUST-8002,AGT-118,230,45,Dropped,1,Billing & Payment
CALL-2026040915,2026-04-20 07:45:00,CUST-3335,AGT-102,298,11,Answered,5,Technical Support
CALL-2026040916,2026-04-20 07:45:00,CUST-9768,AGT-115,229,13,Answered,5,Account Management
CALL-2026040917,2026-04-20 07:45:00,CUST-2832,AGT-117,102,189,Missed,1,General Inquiry
CALL-2026040918,2026-04-20 08:00:00,CUST-8616,AGT-101,341,239,Answered,2,Technical Support
CALL-2026040919,2026-04-20 08:45:00,CUST-3460,AGT-118,130,18,Dropped,1,Account Management
CALL-2026040920,2026-04-20 09:00:00,CUST-3963,AGT-118,233,31,Answered,3,Network Outage
CALL-2026040921,2026-04-20 10:30:00,CUST-1045,AGT-110,227,95,Missed,1,Billing & Payment
CALL-2026040922,2026-04-20 11:00:00,CUST-5183,AGT-124,263,77,Answered,4,Network Outage
CALL-2026040923,2026-04-20 11:30:00,CUST-8773,AGT-119,209,73,Answered,4,Technical Support
CALL-2026040924,2026-04-20 12:15:00,CUST-5332,AGT-103,334,108,Answered,3,Billing & Payment
CALL-2026040925,2026-04-20 12:45:00,CUST-7963,AGT-123,396,57,Answered,4,General Inquiry
CALL-2026040926,2026-04-20 13:15:00,CUST-8069,AGT-103,283,144,Answered,5,Billing & Payment
CALL-2026040927,2026-04-20 14:00:00,CUST-8714,AGT-104,300,784,Answered,2,Technical Support
CALL-2026040928,2026-04-20 14:45:00,CUST-3422,AGT-124,232,221,Answered,1,Technical Support
CALL-2026040929,2026-04-20 15:00:00,CUST-7823,AGT-106,192,126,Answered,5,Technical Support
CALL-2026040930,2026-04-20 15:15:00,CUST-1071,AGT-111,283,31,Answered,4,Billing & Payment
CALL-2026040931,2026-04-20 15:15:00,CUST-4741,AGT-120,281,79,Answered,5,Technical Support
CALL-2026040932,2026-04-20 15:30:00,CUST-5865,AGT-118,460,29,Dropped,1,Account Management
CALL-2026040933,2026-04-20 15:45:00,CUST-1765,AGT-107,294,11,Answered,3,Account Management
CALL-2026040934,2026-04-20 16:00:00,CUST-6968,AGT-106,402,31,Answered,4,Account Management
CALL-2026040935,2026-04-20 16:15:00,CUST-1565,AGT-122,174,62,Answered,3,Billing & Payment
CALL-2026040936,2026-04-20 16:30:00,CUST-3982,AGT-104,603,27,Answered,4,Billing & Payment
CALL-2026040937,2026-04-20 17:45:00,CUST-5019,AGT-103,199,15,Answered,4,Technical Support
CALL-2026040938,2026-04-20 17:45:00,CUST-2074,AGT-121,336,16,Answered,5,Billing & Payment
CALL-2026040939,2026-04-20 17:45:00,CUST-7327,AGT-123,228,46,Answered,5,Technical Support
CALL-2026040940,2026-04-20 18:15:00,CUST-8972,AGT-119,226,29,Answered,5,Technical Support
CALL-2026040941,2026-04-20 18:15:00,CUST-5483,AGT-117,394,72,Answered,4,Technical Support
CALL-2026040942,2026-04-20 19:30:00,CUST-8396,AGT-111,191,143,Answered,5,Technical Support
CALL-2026040943,2026-04-20 20:45:00,CUST-3588,AGT-115,273,257,Missed,2,Technical Support
CALL-2026040944,2026-04-20 21:45:00,CUST-7000,AGT-114,297,58,Answered,5,General Inquiry
CALL-2026040945,2026-04-20 22:15:00,CUST-2446,AGT-101,432,34,Answered,4,Technical Support
CALL-2026040946,2026-04-20 22:15:00,CUST-6672,AGT-113,343,35,Answered,4,Billing & Payment
CALL-2026040947,2026-04-20 23:00:00,CUST-1598,AGT-113,325,78,Answered,5,Billing & Payment
CALL-2026040948,2026-04-20 23:45:00,CUST-3750,AGT-122,272,21,Answered,4,Account Management
CALL-2026040949,2026-04-21 00:00:00,CUST-7452,AGT-107,269,131,Answered,5,Billing & Payment
CALL-2026040950,2026-04-21 00:30:00,CUST-7264,AGT-105,329,25,Answered,4,Network Outage
CALL-2026040951,2026-04-21 00:30:00,CUST-7655,AGT-101,302,118,Answered,4,General Inquiry
CALL-2026040952,2026-04-21 00:30:00,CUST-5928,AGT-110,199,33,Answered,5,Network Outage
CALL-2026040953,2026-04-21 01:00:00,CUST-9719,AGT-124,193,103,Answered,4,General Inquiry
CALL-2026040954,2026-04-21 01:15:00,CUST-4695,AGT-121,365,25,Answered,5,Technical Support
CALL-2026040955,2026-04-21 01:45:00,CUST-5180,AGT-107,232,115,Answered,5,Technical Support
CALL-2026040956,2026-04-21 01:45:00,CUST-4561,AGT-109,355,12,Answered,4,Technical Support
CALL-2026040957,2026-04-21 02:45:00,CUST-3397,AGT-120,436,184,Answered,2,Account Management
CALL-2026040958,2026-04-21 03:00:00,CUST-1632,AGT-101,192,25,Answered,5,Billing & Payment
CALL-2026040959,2026-04-21 03:15:00,CUST-4872,AGT-123,232,35,Answered,3,Billing & Payment
CALL-2026040960,2026-04-21 03:15:00,CUST-1544,AGT-110,349,41,Answered,5,Technical Support
CALL-2026040961,2026-04-21 03:45:00,CUST-9015,AGT-120,365,37,Answered,4,Account Management
CALL-2026040962,2026-04-21 04:30:00,CUST-9399,AGT-118,386,66,Answered,5,Network Outage
CALL-2026040963,2026-04-21 04:30:00,CUST-9634,AGT-116,364,17,Answered,5,Network Outage
CALL-2026040964,2026-04-21 04:30:00,CUST-6664,AGT-115,169,76,Answered,5,Billing & Payment
CALL-2026040965,2026-04-21 05:00:00,CUST-8205,AGT-109,150,32,Answered,4,Technical Support
CALL-2026040966,2026-04-21 07:15:00,CUST-1656,AGT-105,227,44,Answered,5,General Inquiry
CALL-2026040967,2026-04-21 07:45:00,CUST-7312,AGT-103,351,53,Answered,5,Account Management
CALL-2026040968,2026-04-21 07:45:00,CUST-7182,AGT-104,307,54,Dropped,2,Technical Support
CALL-2026040969,2026-04-21 08:00:00,CUST-4094,AGT-107,103,68,Answered,4,Billing & Payment
CALL-2026040970,2026-04-21 08:00:00,CUST-4683,AGT-117,227,63,Answered,4,Billing & Payment
CALL-2026040971,2026-04-21 08:45:00,CUST-2868,AGT-108,365,93,Answered,5,Network Outage
CALL-2026040972,2026-04-21 10:00:00,CUST-5102,AGT-123,389,300,Dropped,1,Account Management
CALL-2026040973,2026-04-21 10:30:00,CUST-7034,AGT-116,411,355,Answered,1,Account Management
CALL-2026040974,2026-04-21 10:45:00,CUST-4271,AGT-111,237,159,Dropped,1,General Inquiry
CALL-2026040975,2026-04-21 10:45:00,CUST-2284,AGT-113,306,507,Dropped,2,Technical Support
CALL-2026040976,2026-04-21 11:00:00,CUST-9733,AGT-107,170,63,Answered,5,Technical Support
CALL-2026040977,2026-04-21 11:30:00,CUST-1329,AGT-119,270,187,Answered,3,Network Outage
CALL-2026040978,2026-04-21 11:45:00,CUST-5576,AGT-120,183,48,Answered,5,Account Management
CALL-2026040979,2026-04-21 12:45:00,CUST-4523,AGT-107,300,175,Answered,3,Technical Support
CALL-2026040980,2026-04-21 13:30:00,CUST-1502,AGT-114,422,43,Dropped,1,Billing & Payment
CALL-2026040981,2026-04-21 13:45:00,CUST-8385,AGT-102,347,792,Answered,2,Billing & Payment
CALL-2026040982,2026-04-21 14:00:00,CUST-6084,AGT-102,288,48,Answered,5,Technical Support
CALL-2026040983,2026-04-21 14:30:00,CUST-7250,AGT-108,138,607,Dropped,1,Technical Support
CALL-2026040984,2026-04-21 16:45:00,CUST-5635,AGT-108,177,65,Answered,5,Technical Support
CALL-2026040985,2026-04-21 16:45:00,CUST-9370,AGT-118,201,21,Answered,4,Account Management
CALL-2026040986,2026-04-21 16:45:00,CUST-6283,AGT-109,375,53,Answered,5,Network Outage
CALL-2026040987,2026-04-21 17:30:00,CUST-6137,AGT-106,293,10,Dropped,2,Account Management
CALL-2026040988,2026-04-21 17:45:00,CUST-3758,AGT-117,209,103,Answered,5,Billing & Payment
CALL-2026040989,2026-04-21 20:00:00,CUST-5182,AGT-122,174,27,Answered,4,Account Management
CALL-2026040990,2026-04-21 20:15:00,CUST-8750,AGT-114,168,53,Answered,3,Network Outage
CALL-2026040991,2026-04-21 20:15:00,CUST-3328,AGT-112,87,183,Dropped,1,Technical Support
CALL-2026040992,2026-04-21 20:15:00,CUST-1768,AGT-119,266,195,Answered,4,Technical Support
CALL-2026040993,2026-04-21 20:30:00,CUST-9168,AGT-103,191,126,Answered,5,Technical Support
CALL-2026040994,2026-04-21 21:30:00,CUST-3793,AGT-113,331,38,Missed,1,Billing & Payment
CALL-2026040995,2026-04-21 21:45:00,CUST-9209,AGT-112,442,26,Answered,4,Network Outage
CALL-2026040996,2026-04-21 22:00:00,CUST-2892,AGT-102,160,151,Answered,4,General Inquiry
CALL-2026040997,2026-04-21 23:15:00,CUST-7032,AGT-102,382,88,Dropped,1,Billing & Payment
CALL-2026040998,2026-04-21 23:15:00,CUST-9216,AGT-116,266,42,Answered,5,Technical Support
CALL-2026040999,2026-04-21 23:30:00,CUST-8342,AGT-101,270,151,Answered,4,Technical Support
CALL-2026041000,2026-04-22 00:00:00,CUST-6644,AGT-103,391,78,Answered,4,Technical Support
CALL-2026041001,2026-04-22 00:30:00,CUST-4215,AGT-118,377,10,Answered,4,Technical Support
CALL-2026041002,2026-04-22 01:15:00,CUST-1233,AGT-116,183,74,Dropped,1,Billing & Payment
CALL-2026041003,2026-04-22 01:30:00,CUST-8902,AGT-116,128,61,Answered,4,Technical Support
CALL-2026041004,2026-04-22 02:30:00,CUST-8624,AGT-107,161,99,Answered,4,Account Management
CALL-2026041005,2026-04-22 02:30:00,CUST-6008,AGT-102,147,10,Answered,4,Network Outage
CALL-2026041006,2026-04-22 03:00:00,CUST-6145,AGT-111,249,53,Answered,4,Technical Support
CALL-2026041007,2026-04-22 03:15:00,CUST-3978,AGT-116,521,183,Answered,1,Billing & Payment
CALL-2026041008,2026-04-22 03:30:00,CUST-9051,AGT-113,218,123,Answered,4,Billing & Payment
CALL-2026041009,2026-04-22 04:00:00,CUST-7030,AGT-121,214,61,Answered,3,Network Outage
CALL-2026041010,2026-04-22 04:15:00,CUST-1242,AGT-124,201,109,Answered,5,Technical Support
CALL-2026041011,2026-04-22 05:30:00,CUST-8863,AGT-106,366,43,Answered,4,Account Management
CALL-2026041012,2026-04-22 05:30:00,CUST-7572,AGT-111,423,16,Answered,5,Account Management
CALL-2026041013,2026-04-22 05:45:00,CUST-2909,AGT-120,206,32,Answered,3,Billing & Payment
CALL-2026041014,2026-04-22 08:15:00,CUST-9659,AGT-114,304,33,Missed,1,Account Management
CALL-2026041015,2026-04-22 09:15:00,CUST-1672,AGT-123,287,35,Answered,4,Technical Support
CALL-2026041016,2026-04-22 10:30:00,CUST-1496,AGT-124,225,206,Answered,4,Technical Support
CALL-2026041017,2026-04-22 10:30:00,CUST-2793,AGT-104,371,44,Answered,5,Technical Support
CALL-2026041018,2026-04-22 10:45:00,CUST-5190,AGT-107,341,37,Answered,4,Technical Support
CALL-2026041019,2026-04-22 12:45:00,CUST-1755,AGT-107,273,194,Dropped,3,Billing & Payment
CALL-2026041020,2026-04-22 13:00:00,CUST-4186,AGT-121,238,455,Dropped,1,Technical Support
CALL-2026041021,2026-04-22 13:30:00,CUST-2912,AGT-109,197,266,Answered,2,Network Outage
CALL-2026041022,2026-04-22 13:30:00,CUST-1007,AGT-120,337,100,Answered,4,Billing & Payment
CALL-2026041023,2026-04-22 13:45:00,CUST-2287,AGT-109,382,470,Missed,1,Account Management
CALL-2026041024,2026-04-22 14:00:00,CUST-8416,AGT-118,466,259,Dropped,1,Technical Support
CALL-2026041025,2026-04-22 14:15:00,CUST-5087,AGT-123,357,284,Answered,3,Billing & Payment
CALL-2026041026,2026-04-22 15:45:00,CUST-5867,AGT-117,182,25,Answered,5,Account Management
CALL-2026041027,2026-04-22 16:00:00,CUST-7686,AGT-122,391,144,Answered,4,Billing & Payment
CALL-2026041028,2026-04-22 16:00:00,CUST-5403,AGT-119,279,114,Answered,5,Billing & Payment
CALL-2026041029,2026-04-22 16:15:00,CUST-7981,AGT-111,240,71,Answered,3,Billing & Payment
CALL-2026041030,2026-04-22 16:45:00,CUST-1081,AGT-124,254,35,Missed,3,Network Outage
CALL-2026041031,2026-04-22 17:00:00,CUST-1761,AGT-118,349,16,Answered,4,Network Outage
CALL-2026041032,2026-04-22 17:30:00,CUST-4659,AGT-122,335,21,Missed,1,Technical Support
CALL-2026041033,2026-04-22 17:45:00,CUST-4675,AGT-101,155,22,Answered,4,Billing & Payment
CALL-2026041034,2026-04-22 18:00:00,CUST-3810,AGT-121,383,10,Answered,4,General Inquiry
CALL-2026041035,2026-04-22 18:30:00,CUST-1144,AGT-120,421,44,Answered,5,Account Management
CALL-2026041036,2026-04-22 19:00:00,CUST-5053,AGT-102,228,55,Dropped,3,Account Management
CALL-2026041037,2026-04-22 19:15:00,CUST-5027,AGT-109,412,144,Answered,5,Account Management
CALL-2026041038,2026-04-22 19:30:00,CUST-2359,AGT-104,54,37,Answered,5,Technical Support
CALL-2026041039,2026-04-22 19:30:00,CUST-7474,AGT-124,256,15,Answered,5,General Inquiry
CALL-2026041040,2026-04-22 20:15:00,CUST-1331,AGT-114,159,195,Dropped,3,Billing & Payment
CALL-2026041041,2026-04-22 20:15:00,CUST-5408,AGT-104,105,98,Missed,1,Account Management
CALL-2026041042,2026-04-22 21:00:00,CUST-1277,AGT-104,279,88,Answered,4,Technical Support
CALL-2026041043,2026-04-22 21:30:00,CUST-7255,AGT-118,212,78,Answered,5,General Inquiry
CALL-2026041044,2026-04-22 21:30:00,CUST-6731,AGT-119,252,60,Answered,4,Billing & Payment
CALL-2026041045,2026-04-22 22:00:00,CUST-9533,AGT-105,205,67,Answered,4,Billing & Payment
CALL-2026041046,2026-04-22 22:30:00,CUST-6692,AGT-119,428,58,Answered,4,Technical Support
CALL-2026041047,2026-04-22 22:30:00,CUST-7010,AGT-124,348,37,Answered,5,Network Outage
CALL-2026041048,2026-04-22 22:45:00,CUST-5677,AGT-111,176,60,Answered,4,Account Management
CALL-2026041049,2026-04-22 23:00:00,CUST-6712,AGT-115,268,11,Missed,1,Technical Support
CALL-2026041050,2026-04-22 23:00:00,CUST-8953,AGT-108,288,74,Dropped,3,Technical Support
CALL-2026041051,2026-04-22 23:45:00,CUST-1562,AGT-111,211,15,Answered,5,Technical Support
CALL-2026041052,2026-04-23 00:15:00,CUST-3939,AGT-110,238,18,Answered,4,Technical Support
CALL-2026041053,2026-04-23 00:15:00,CUST-3800,AGT-122,335,77,Answered,4,Billing & Payment
CALL-2026041054,2026-04-23 00:15:00,CUST-6920,AGT-118,128,41,Answered,4,Technical Support
CALL-2026041055,2026-04-23 00:30:00,CUST-2536,AGT-102,305,109,Answered,4,Network Outage
CALL-2026041056,2026-04-23 01:15:00,CUST-3770,AGT-115,324,89,Answered,4,Technical Support
CALL-2026041057,2026-04-23 02:00:00,CUST-3822,AGT-113,94,35,Answered,5,Network Outage
CALL-2026041058,2026-04-23 02:15:00,CUST-9581,AGT-120,347,46,Answered,5,Technical Support
CALL-2026041059,2026-04-23 02:15:00,CUST-5861,AGT-121,187,104,Answered,5,Account Management
CALL-2026041060,2026-04-23 03:30:00,CUST-6911,AGT-102,314,34,Answered,4,Billing & Payment
CALL-2026041061,2026-04-23 03:30:00,CUST-9676,AGT-103,375,105,Answered,5,General Inquiry
CALL-2026041062,2026-04-23 03:30:00,CUST-2151,AGT-121,256,22,Answered,3,Technical Support
CALL-2026041063,2026-04-23 05:00:00,CUST-9402,AGT-110,419,37,Answered,4,Account Management
CALL-2026041064,2026-04-23 05:15:00,CUST-5038,AGT-110,359,72,Answered,3,Network Outage
CALL-2026041065,2026-04-23 06:15:00,CUST-1784,AGT-109,355,21,Answered,4,Account Management
CALL-2026041066,2026-04-23 06:30:00,CUST-9953,AGT-110,334,52,Missed,1,Technical Support
CALL-2026041067,2026-04-23 07:15:00,CUST-5187,AGT-124,313,98,Answered,3,Technical Support
CALL-2026041068,2026-04-23 09:00:00,CUST-4880,AGT-113,377,27,Answered,4,Network Outage
CALL-2026041069,2026-04-23 09:00:00,CUST-6067,AGT-101,198,21,Answered,4,Technical Support
CALL-2026041070,2026-04-23 10:00:00,CUST-4897,AGT-118,118,508,Answered,1,General Inquiry
CALL-2026041071,2026-04-23 10:30:00,CUST-2515,AGT-120,254,244,Answered,3,Technical Support
CALL-2026041072,2026-04-23 10:30:00,CUST-5759,AGT-112,153,451,Answered,1,Account Management
CALL-2026041073,2026-04-23 11:15:00,CUST-8565,AGT-121,342,307,Answered,2,Billing & Payment
CALL-2026041074,2026-04-23 12:00:00,CUST-1815,AGT-112,274,34,Answered,5,Technical Support
CALL-2026041075,2026-04-23 13:15:00,CUST-7702,AGT-106,373,143,Answered,5,Technical Support
CALL-2026041076,2026-04-23 13:30:00,CUST-1255,AGT-117,321,98,Answered,5,Technical Support
CALL-2026041077,2026-04-23 13:45:00,CUST-2477,AGT-124,374,77,Answered,4,Technical Support
CALL-2026041078,2026-04-23 14:00:00,CUST-5443,AGT-117,30,51,Answered,4,Account Management
CALL-2026041079,2026-04-23 14:15:00,CUST-3845,AGT-115,186,143,Answered,4,Billing & Payment
CALL-2026041080,2026-04-23 14:45:00,CUST-3577,AGT-113,193,225,Answered,1,Technical Support
CALL-2026041081,2026-04-23 15:15:00,CUST-9283,AGT-122,207,34,Answered,3,General Inquiry
CALL-2026041082,2026-04-23 15:30:00,CUST-2618,AGT-104,296,14,Answered,4,Technical Support
CALL-2026041083,2026-04-23 15:30:00,CUST-8063,AGT-116,292,51,Answered,4,General Inquiry
CALL-2026041084,2026-04-23 15:45:00,CUST-9691,AGT-106,343,26,Answered,4,Technical Support
CALL-2026041085,2026-04-23 15:45:00,CUST-6315,AGT-119,249,98,Answered,5,General Inquiry
CALL-2026041086,2026-04-23 16:15:00,CUST-4807,AGT-105,344,69,Dropped,1,Billing & Payment
CALL-2026041087,2026-04-23 16:30:00,CUST-2074,AGT-105,36,133,Answered,4,Technical Support
CALL-2026041088,2026-04-23 16:30:00,CUST-6594,AGT-120,271,28,Answered,5,Billing & Payment
CALL-2026041089,2026-04-23 17:30:00,CUST-8211,AGT-114,183,261,Answered,3,Technical Support
CALL-2026041090,2026-04-23 17:45:00,CUST-2406,AGT-119,208,184,Answered,2,Billing & Payment
CALL-2026041091,2026-04-23 18:00:00,CUST-5183,AGT-101,378,91,Answered,5,Technical Support
CALL-2026041092,2026-04-23 19:00:00,CUST-3292,AGT-121,350,54,Answered,3,Billing & Payment
CALL-2026041093,2026-04-23 19:00:00,CUST-3347,AGT-118,303,13,Answered,5,Technical Support
CALL-2026041094,2026-04-23 19:30:00,CUST-4065,AGT-121,323,39,Answered,4,Technical Support
CALL-2026041095,2026-04-23 19:30:00,CUST-1023,AGT-115,314,12,Answered,5,Billing & Payment
CALL-2026041096,2026-04-23 20:00:00,CUST-3419,AGT-108,232,179,Answered,4,Network Outage
CALL-2026041097,2026-04-23 20:15:00,CUST-7487,AGT-121,294,11,Answered,5,Technical Support
CALL-2026041098,2026-04-23 21:15:00,CUST-5341,AGT-106,376,64,Dropped,1,Technical Support
CALL-2026041099,2026-04-23 22:15:00,CUST-9532,AGT-119,179,84,Answered,5,Account Management
CALL-2026041100,2026-04-23 23:15:00,CUST-7993,AGT-103,384,122,Answered,4,Billing & Payment
CALL-2026041101,2026-04-23 23:45:00,CUST-8636,AGT-105,275,56,Answered,5,Billing & Payment
CALL-2026041102,2026-04-24 01:00:00,CUST-9166,AGT-115,244,58,Answered,5,Technical Support
CALL-2026041103,2026-04-24 01:30:00,CUST-5526,AGT-114,300,48,Answered,5,Network Outage
CALL-2026041104,2026-04-24 02:45:00,CUST-8971,AGT-106,368,107,Answered,4,Network Outage
CALL-2026041105,2026-04-24 03:00:00,CUST-4823,AGT-115,281,36,Answered,4,General Inquiry
CALL-2026041106,2026-04-24 03:30:00,CUST-1092,AGT-109,294,146,Answered,5,Technical Support
CALL-2026041107,2026-04-24 03:45:00,CUST-8018,AGT-111,269,160,Answered,4,Billing & Payment
CALL-2026041108,2026-04-24 03:45:00,CUST-2525,AGT-104,362,29,Missed,1,Technical Support
CALL-2026041109,2026-04-24 04:00:00,CUST-7900,AGT-118,232,30,Answered,4,Account Management
CALL-2026041110,2026-04-24 04:00:00,CUST-2502,AGT-117,240,18,Answered,5,Network Outage
CALL-2026041111,2026-04-24 04:15:00,CUST-7158,AGT-115,337,19,Answered,3,Billing & Payment
CALL-2026041112,2026-04-24 05:15:00,CUST-1330,AGT-105,414,37,Answered,3,Technical Support
CALL-2026041113,2026-04-24 05:30:00,CUST-6913,AGT-123,487,136,Answered,4,Network Outage
CALL-2026041114,2026-04-24 05:30:00,CUST-1329,AGT-120,260,33,Answered,5,Billing & Payment
CALL-2026041115,2026-04-24 05:45:00,CUST-9125,AGT-114,280,200,Answered,1,General Inquiry
CALL-2026041116,2026-04-24 06:00:00,CUST-3593,AGT-107,159,47,Answered,5,Billing & Payment
CALL-2026041117,2026-04-24 06:15:00,CUST-6247,AGT-113,261,109,Answered,5,Technical Support
CALL-2026041118,2026-04-24 06:45:00,CUST-9954,AGT-124,405,29,Answered,5,Billing & Payment
CALL-2026041119,2026-04-24 07:00:00,CUST-9289,AGT-124,198,15,Answered,4,Billing & Payment
CALL-2026041120,2026-04-24 07:15:00,CUST-2816,AGT-104,342,23,Answered,5,Billing & Payment
CALL-2026041121,2026-04-24 07:45:00,CUST-2058,AGT-119,548,12,Answered,5,Billing & Payment
CALL-2026041122,2026-04-24 08:15:00,CUST-8254,AGT-123,269,13,Answered,5,Technical Support
CALL-2026041123,2026-04-24 09:30:00,CUST-2334,AGT-102,512,21,Answered,4,Technical Support
CALL-2026041124,2026-04-24 09:30:00,CUST-7742,AGT-120,279,271,Dropped,1,General Inquiry
CALL-2026041125,2026-04-24 10:15:00,CUST-6425,AGT-119,222,46,Answered,5,Billing & Payment
CALL-2026041126,2026-04-24 10:45:00,CUST-3955,AGT-102,229,161,Answered,5,Technical Support
CALL-2026041127,2026-04-24 11:00:00,CUST-4819,AGT-108,179,183,Answered,2,Billing & Payment
CALL-2026041128,2026-04-24 11:00:00,CUST-2626,AGT-115,212,73,Answered,5,Account Management
CALL-2026041129,2026-04-24 12:00:00,CUST-1559,AGT-121,319,367,Dropped,1,Account Management
CALL-2026041130,2026-04-24 12:00:00,CUST-1798,AGT-112,256,391,Dropped,1,Billing & Payment
CALL-2026041131,2026-04-24 12:00:00,CUST-4065,AGT-111,252,274,Answered,4,Technical Support
CALL-2026041132,2026-04-24 13:45:00,CUST-8963,AGT-102,133,46,Answered,5,Technical Support
CALL-2026041133,2026-04-24 14:45:00,CUST-3582,AGT-114,370,39,Answered,4,Billing & Payment
CALL-2026041134,2026-04-24 14:45:00,CUST-3808,AGT-115,597,278,Answered,3,Account Management
CALL-2026041135,2026-04-24 15:15:00,CUST-9823,AGT-122,304,11,Dropped,1,Billing & Payment
CALL-2026041136,2026-04-24 15:45:00,CUST-7805,AGT-121,463,18,Answered,4,Network Outage
CALL-2026041137,2026-04-24 16:45:00,CUST-8380,AGT-107,446,12,Answered,4,Billing & Payment
CALL-2026041138,2026-04-24 18:00:00,CUST-5327,AGT-114,308,19,Answered,4,Billing & Payment
CALL-2026041139,2026-04-24 19:15:00,CUST-1540,AGT-119,269,10,Answered,4,Billing & Payment
CALL-2026041140,2026-04-24 19:45:00,CUST-2551,AGT-117,267,69,Answered,4,Billing & Payment
CALL-2026041141,2026-04-24 21:15:00,CUST-8635,AGT-115,276,20,Answered,4,Billing & Payment
CALL-2026041142,2026-04-24 21:30:00,CUST-5717,AGT-108,423,42,Answered,3,Network Outage
CALL-2026041143,2026-04-24 21:45:00,CUST-8035,AGT-116,241,40,Answered,5,Technical Support
CALL-2026041144,2026-04-24 22:00:00,CUST-4060,AGT-115,366,61,Answered,3,Billing & Payment
CALL-2026041145,2026-04-24 22:00:00,CUST-7213,AGT-116,258,82,Answered,5,General Inquiry
CALL-2026041146,2026-04-24 22:15:00,CUST-2239,AGT-101,184,13,Answered,3,Account Management
CALL-2026041147,2026-04-24 22:15:00,CUST-6055,AGT-123,224,106,Answered,5,Technical Support
CALL-2026041148,2026-04-24 22:45:00,CUST-1124,AGT-102,386,89,Dropped,1,Technical Support
CALL-2026041149,2026-04-25 00:45:00,CUST-5756,AGT-110,184,48,Answered,3,General Inquiry
CALL-2026041150,2026-04-25 00:45:00,CUST-5840,AGT-107,275,118,Answered,5,Technical Support
CALL-2026041151,2026-04-25 01:15:00,CUST-5621,AGT-121,161,60,Dropped,1,Billing & Payment
CALL-2026041152,2026-04-25 01:30:00,CUST-2137,AGT-105,397,59,Answered,5,General Inquiry
CALL-2026041153,2026-04-25 01:30:00,CUST-7446,AGT-113,92,172,Answered,3,Network Outage
CALL-2026041154,2026-04-25 02:00:00,CUST-5919,AGT-104,340,21,Answered,4,Billing & Payment
CALL-2026041155,2026-04-25 03:30:00,CUST-1883,AGT-109,283,13,Answered,4,Billing & Payment
CALL-2026041156,2026-04-25 04:45:00,CUST-2786,AGT-104,342,65,Answered,5,Network Outage
CALL-2026041157,2026-04-25 05:30:00,CUST-9839,AGT-112,358,267,Dropped,1,Account Management
CALL-2026041158,2026-04-25 05:30:00,CUST-5861,AGT-117,345,116,Answered,5,Billing & Payment
CALL-2026041159,2026-04-25 06:00:00,CUST-8919,AGT-105,379,51,Answered,4,Account Management
CALL-2026041160,2026-04-25 07:00:00,CUST-8308,AGT-104,306,16,Answered,4,Account Management
CALL-2026041161,2026-04-25 07:00:00,CUST-2203,AGT-108,398,79,Missed,1,Technical Support
CALL-2026041162,2026-04-25 07:15:00,CUST-3477,AGT-122,218,28,Answered,5,Network Outage
CALL-2026041163,2026-04-25 08:15:00,CUST-7227,AGT-101,281,114,Answered,4,Technical Support
CALL-2026041164,2026-04-25 08:30:00,CUST-6289,AGT-122,271,66,Answered,4,Network Outage
CALL-2026041165,2026-04-25 09:00:00,CUST-5830,AGT-109,339,194,Answered,1,Account Management
CALL-2026041166,2026-04-25 09:45:00,CUST-3922,AGT-123,333,64,Answered,3,Technical Support
CALL-2026041167,2026-04-25 10:45:00,CUST-6608,AGT-112,156,259,Dropped,1,Billing & Payment
CALL-2026041168,2026-04-25 11:15:00,CUST-8887,AGT-110,386,32,Answered,4,Account Management
CALL-2026041169,2026-04-25 11:15:00,CUST-8851,AGT-118,404,140,Answered,5,Billing & Payment
CALL-2026041170,2026-04-25 12:30:00,CUST-3366,AGT-112,378,311,Answered,2,General Inquiry
CALL-2026041171,2026-04-25 13:00:00,CUST-2614,AGT-112,148,133,Answered,5,Account Management
CALL-2026041172,2026-04-25 13:00:00,CUST-6733,AGT-124,387,45,Answered,4,Billing & Payment
CALL-2026041173,2026-04-25 13:30:00,CUST-7042,AGT-106,289,331,Answered,3,Technical Support
CALL-2026041174,2026-04-25 13:45:00,CUST-8235,AGT-120,253,400,Dropped,2,Technical Support
CALL-2026041175,2026-04-25 13:45:00,CUST-8229,AGT-107,193,37,Answered,3,Technical Support
CALL-2026041176,2026-04-25 14:45:00,CUST-8273,AGT-113,206,184,Answered,2,Billing & Payment
CALL-2026041177,2026-04-25 15:00:00,CUST-8069,AGT-108,440,43,Answered,5,Billing & Payment
CALL-2026041178,2026-04-25 16:00:00,CUST-9667,AGT-104,198,167,Answered,4,General Inquiry
CALL-2026041179,2026-04-25 16:00:00,CUST-5661,AGT-114,326,30,Answered,4,General Inquiry
CALL-2026041180,2026-04-25 17:45:00,CUST-9998,AGT-115,264,99,Answered,5,Network Outage
CALL-2026041181,2026-04-25 17:45:00,CUST-4909,AGT-102,367,169,Answered,5,Technical Support
CALL-2026041182,2026-04-25 17:45:00,CUST-6546,AGT-122,247,118,Answered,5,Account Management
CALL-2026041183,2026-04-25 19:15:00,CUST-6374,AGT-101,96,34,Answered,4,Technical Support
CALL-2026041184,2026-04-25 20:00:00,CUST-1376,AGT-113,247,107,Answered,4,Network Outage
CALL-2026041185,2026-04-25 22:00:00,CUST-6396,AGT-122,268,134,Dropped,2,Account Management
CALL-2026041186,2026-04-25 22:15:00,CUST-5215,AGT-106,187,33,Answered,4,Network Outage
CALL-2026041187,2026-04-25 22:30:00,CUST-1400,AGT-113,298,25,Answered,5,Network Outage
CALL-2026041188,2026-04-25 22:45:00,CUST-4010,AGT-116,288,48,Answered,5,Billing & Payment
CALL-2026041189,2026-04-25 23:15:00,CUST-6767,AGT-123,467,141,Dropped,1,Network Outage
CALL-2026041190,2026-04-26 00:00:00,CUST-5300,AGT-111,241,65,Answered,5,Billing & Payment
CALL-2026041191,2026-04-26 00:45:00,CUST-9621,AGT-120,269,63,Answered,4,Technical Support
CALL-2026041192,2026-04-26 01:15:00,CUST-6479,AGT-110,409,205,Answered,2,Technical Support
CALL-2026041193,2026-04-26 02:00:00,CUST-9167,AGT-109,225,117,Answered,5,Technical Support
CALL-2026041194,2026-04-26 04:15:00,CUST-2091,AGT-113,328,74,Answered,4,Billing & Payment
CALL-2026041195,2026-04-26 04:30:00,CUST-5370,AGT-114,308,203,Answered,1,Billing & Payment
CALL-2026041196,2026-04-26 05:00:00,CUST-5916,AGT-104,305,126,Answered,3,Technical Support
CALL-2026041197,2026-04-26 05:45:00,CUST-3276,AGT-120,306,25,Answered,4,Technical Support
CALL-2026041198,2026-04-26 06:15:00,CUST-1872,AGT-122,403,76,Answered,5,Technical Support
CALL-2026041199,2026-04-26 06:15:00,CUST-5008,AGT-113,507,116,Answered,4,General Inquiry
CALL-2026041200,2026-04-26 06:30:00,CUST-4723,AGT-120,154,52,Answered,5,Technical Support
CALL-2026041201,2026-04-26 06:45:00,CUST-4469,AGT-124,280,172,Answered,5,Billing & Payment
CALL-2026041202,2026-04-26 07:15:00,CUST-1949,AGT-105,206,105,Answered,5,Account Management
CALL-2026041203,2026-04-26 07:15:00,CUST-2482,AGT-116,349,46,Answered,5,Billing & Payment
CALL-2026041204,2026-04-26 10:30:00,CUST-7339,AGT-101,219,341,Answered,2,Technical Support
CALL-2026041205,2026-04-26 12:30:00,CUST-3058,AGT-106,210,83,Answered,5,Billing & Payment
CALL-2026041206,2026-04-26 12:45:00,CUST-6543,AGT-106,344,104,Answered,4,Account Management
CALL-2026041207,2026-04-26 13:15:00,CUST-1881,AGT-113,244,159,Answered,4,Network Outage
CALL-2026041208,2026-04-26 14:45:00,CUST-8956,AGT-114,231,37,Answered,4,Billing & Payment
CALL-2026041209,2026-04-26 16:00:00,CUST-8803,AGT-115,200,94,Answered,4,Network Outage
CALL-2026041210,2026-04-26 16:15:00,CUST-8630,AGT-124,202,12,Answered,4,Network Outage
CALL-2026041211,2026-04-26 16:30:00,CUST-8487,AGT-114,210,77,Answered,5,Technical Support
CALL-2026041212,2026-04-26 16:45:00,CUST-3179,AGT-104,345,29,Missed,2,Account Management
CALL-2026041213,2026-04-26 17:30:00,CUST-1356,AGT-116,318,173,Answered,4,Network Outage
CALL-2026041214,2026-04-26 18:45:00,CUST-8422,AGT-104,371,218,Answered,2,Network Outage
CALL-2026041215,2026-04-26 19:00:00,CUST-2487,AGT-115,282,69,Answered,3,Account Management
CALL-2026041216,2026-04-26 19:15:00,CUST-9340,AGT-108,247,21,Answered,4,Technical Support
CALL-2026041217,2026-04-26 20:00:00,CUST-1528,AGT-107,399,28,Answered,5,Billing & Payment
CALL-2026041218,2026-04-26 20:15:00,CUST-9884,AGT-111,194,37,Answered,5,Network Outage
CALL-2026041219,2026-04-26 20:15:00,CUST-6777,AGT-122,208,281,Missed,2,Billing & Payment
CALL-2026041220,2026-04-26 20:30:00,CUST-4377,AGT-114,273,34,Answered,5,General Inquiry
CALL-2026041221,2026-04-26 21:30:00,CUST-1184,AGT-105,458,70,Answered,5,Technical Support
CALL-2026041222,2026-04-26 21:45:00,CUST-5599,AGT-103,239,397,Dropped,2,Technical Support
CALL-2026041223,2026-04-27 00:45:00,CUST-1143,AGT-119,257,35,Answered,5,Technical Support
CALL-2026041224,2026-04-27 01:15:00,CUST-9890,AGT-112,308,89,Answered,4,Technical Support
CALL-2026041225,2026-04-27 02:00:00,CUST-6783,AGT-124,404,52,Answered,5,Technical Support
CALL-2026041226,2026-04-27 03:45:00,CUST-4759,AGT-107,292,13,Answered,3,Technical Support
CALL-2026041227,2026-04-27 04:30:00,CUST-9075,AGT-111,351,163,Answered,5,Account Management
CALL-2026041228,2026-04-27 04:30:00,CUST-6455,AGT-103,414,34,Answered,5,Account Management
CALL-2026041229,2026-04-27 05:15:00,CUST-9888,AGT-124,278,10,Answered,3,Billing & Payment
CALL-2026041230,2026-04-27 06:15:00,CUST-4842,AGT-103,257,31,Answered,4,Account Management
CALL-2026041231,2026-04-27 06:15:00,CUST-2149,AGT-117,169,23,Answered,5,Billing & Payment
CALL-2026041232,2026-04-27 06:30:00,CUST-4049,AGT-107,282,14,Answered,4,Billing & Payment
CALL-2026041233,2026-04-27 06:45:00,CUST-5908,AGT-107,119,57,Dropped,2,General Inquiry
CALL-2026041234,2026-04-27 07:00:00,CUST-5666,AGT-121,415,43,Answered,5,Network Outage
CALL-2026041235,2026-04-27 07:00:00,CUST-4046,AGT-111,184,30,Answered,4,Account Management
CALL-2026041236,2026-04-27 08:15:00,CUST-8541,AGT-122,185,21,Answered,4,Account Management
CALL-2026041237,2026-04-27 09:30:00,CUST-7324,AGT-114,189,45,Answered,5,Billing & Payment
CALL-2026041238,2026-04-27 10:00:00,CUST-8433,AGT-121,312,862,Answered,2,Billing & Payment
CALL-2026041239,2026-04-27 10:00:00,CUST-5643,AGT-101,359,140,Answered,4,Billing & Payment
CALL-2026041240,2026-04-27 11:00:00,CUST-2558,AGT-116,191,240,Dropped,1,Billing & Payment
CALL-2026041241,2026-04-27 11:45:00,CUST-8274,AGT-116,261,120,Answered,5,Account Management
CALL-2026041242,2026-04-27 12:15:00,CUST-9667,AGT-110,218,281,Answered,1,Technical Support
CALL-2026041243,2026-04-27 13:00:00,CUST-2773,AGT-107,154,155,Answered,4,Billing & Payment
CALL-2026041244,2026-04-27 13:30:00,CUST-4291,AGT-105,364,72,Answered,4,Account Management
CALL-2026041245,2026-04-27 14:00:00,CUST-8140,AGT-118,336,737,Answered,1,General Inquiry
CALL-2026041246,2026-04-27 14:15:00,CUST-1613,AGT-103,285,171,Answered,3,Technical Support
CALL-2026041247,2026-04-27 14:45:00,CUST-2744,AGT-117,159,80,Answered,4,Technical Support
CALL-2026041248,2026-04-27 14:45:00,CUST-5876,AGT-112,356,351,Answered,1,General Inquiry
CALL-2026041249,2026-04-27 15:00:00,CUST-2612,AGT-112,399,21,Missed,1,General Inquiry
CALL-2026041250,2026-04-27 17:00:00,CUST-5764,AGT-103,205,11,Answered,5,Technical Support
CALL-2026041251,2026-04-27 18:15:00,CUST-9968,AGT-107,218,14,Answered,4,Technical Support
CALL-2026041252,2026-04-27 18:30:00,CUST-9379,AGT-105,195,12,Answered,5,Technical Support
CALL-2026041253,2026-04-27 18:45:00,CUST-4136,AGT-103,159,32,Answered,5,Billing & Payment
CALL-2026041254,2026-04-27 19:15:00,CUST-5409,AGT-115,356,62,Answered,5,Network Outage
CALL-2026041255,2026-04-27 20:00:00,CUST-6722,AGT-112,276,44,Answered,5,Technical Support
CALL-2026041256,2026-04-27 20:30:00,CUST-4126,AGT-102,390,79,Answered,5,Technical Support
CALL-2026041257,2026-04-27 21:15:00,CUST-1942,AGT-117,269,20,Answered,3,Technical Support
CALL-2026041258,2026-04-27 21:15:00,CUST-9140,AGT-118,329,14,Answered,4,Billing & Payment
CALL-2026041259,2026-04-27 21:45:00,CUST-9599,AGT-108,346,45,Answered,4,Account Management
CALL-2026041260,2026-04-27 23:00:00,CUST-7804,AGT-110,199,40,Answered,5,Technical Support
CALL-2026041261,2026-04-27 23:15:00,CUST-3940,AGT-122,337,73,Answered,4,Technical Support
CALL-2026041262,2026-04-27 23:30:00,CUST-5103,AGT-117,330,41,Answered,5,Billing & Payment
CALL-2026041263,2026-04-27 23:45:00,CUST-9097,AGT-117,131,30,Answered,5,Account Management
CALL-2026041264,2026-04-28 00:00:00,CUST-7116,AGT-103,228,107,Answered,4,Account Management
CALL-2026041265,2026-04-28 00:45:00,CUST-6095,AGT-119,325,79,Answered,5,Network Outage
CALL-2026041266,2026-04-28 01:15:00,CUST-2740,AGT-110,257,11,Answered,5,Billing & Payment
CALL-2026041267,2026-04-28 02:00:00,CUST-1961,AGT-112,387,20,Missed,1,Billing & Payment
CALL-2026041268,2026-04-28 02:15:00,CUST-5589,AGT-116,253,53,Answered,5,Technical Support
CALL-2026041269,2026-04-28 02:45:00,CUST-8161,AGT-103,202,59,Answered,4,Network Outage
CALL-2026041270,2026-04-28 03:00:00,CUST-7349,AGT-110,200,24,Answered,5,Technical Support
CALL-2026041271,2026-04-28 03:15:00,CUST-5549,AGT-113,122,72,Answered,5,Account Management
CALL-2026041272,2026-04-28 05:15:00,CUST-8962,AGT-107,120,33,Answered,3,Billing & Payment
CALL-2026041273,2026-04-28 07:30:00,CUST-1909,AGT-120,67,206,Answered,1,Technical Support
CALL-2026041274,2026-04-28 08:15:00,CUST-3288,AGT-103,188,39,Answered,4,Billing & Payment
CALL-2026041275,2026-04-28 08:15:00,CUST-5098,AGT-119,403,91,Answered,4,Technical Support
CALL-2026041276,2026-04-28 08:45:00,CUST-8543,AGT-111,292,51,Missed,3,General Inquiry
CALL-2026041277,2026-04-28 09:15:00,CUST-3057,AGT-124,242,22,Answered,4,Account Management
CALL-2026041278,2026-04-28 09:15:00,CUST-6125,AGT-121,336,14,Answered,5,Account Management
CALL-2026041279,2026-04-28 09:30:00,CUST-1329,AGT-118,237,28,Answered,5,Network Outage
CALL-2026041280,2026-04-28 09:45:00,CUST-8311,AGT-104,192,92,Answered,5,Technical Support
CALL-2026041281,2026-04-28 10:15:00,CUST-4973,AGT-119,178,238,Answered,3,Account Management
CALL-2026041282,2026-04-28 11:00:00,CUST-5606,AGT-113,359,361,Dropped,1,General Inquiry
CALL-2026041283,2026-04-28 12:00:00,CUST-5729,AGT-112,258,789,Answered,2,Account Management
CALL-2026041284,2026-04-28 13:00:00,CUST-8092,AGT-109,267,262,Dropped,2,Technical Support
CALL-2026041285,2026-04-28 13:15:00,CUST-7474,AGT-111,206,38,Answered,5,Network Outage
CALL-2026041286,2026-04-28 13:15:00,CUST-3337,AGT-121,360,314,Answered,2,Billing & Payment
CALL-2026041287,2026-04-28 14:00:00,CUST-2126,AGT-121,224,50,Answered,5,Billing & Payment
CALL-2026041288,2026-04-28 14:15:00,CUST-6492,AGT-108,271,33,Answered,5,Billing & Payment
CALL-2026041289,2026-04-28 15:15:00,CUST-8711,AGT-113,204,84,Answered,5,Billing & Payment
CALL-2026041290,2026-04-28 15:15:00,CUST-9835,AGT-118,244,59,Answered,5,Account Management
CALL-2026041291,2026-04-28 16:15:00,CUST-8401,AGT-113,352,55,Dropped,1,General Inquiry
CALL-2026041292,2026-04-28 16:30:00,CUST-4736,AGT-103,214,29,Answered,5,Billing & Payment
CALL-2026041293,2026-04-28 16:30:00,CUST-5052,AGT-122,269,50,Answered,5,Technical Support
CALL-2026041294,2026-04-28 18:45:00,CUST-8041,AGT-124,411,86,Answered,5,Technical Support
CALL-2026041295,2026-04-28 18:45:00,CUST-1611,AGT-114,203,103,Missed,2,Technical Support
CALL-2026041296,2026-04-28 19:15:00,CUST-1173,AGT-120,251,78,Answered,5,Network Outage
CALL-2026041297,2026-04-28 20:00:00,CUST-2896,AGT-123,297,52,Answered,5,Account Management
CALL-2026041298,2026-04-28 20:15:00,CUST-8758,AGT-106,285,49,Answered,4,Network Outage
CALL-2026041299,2026-04-28 20:30:00,CUST-5964,AGT-101,156,75,Answered,4,Account Management
CALL-2026041300,2026-04-28 21:15:00,CUST-1106,AGT-118,387,62,Answered,4,Account Management
CALL-2026041301,2026-04-28 23:00:00,CUST-1214,AGT-111,427,58,Answered,5,Account Management
CALL-2026041302,2026-04-29 00:15:00,CUST-7834,AGT-116,106,29,Answered,5,Billing & Payment
CALL-2026041303,2026-04-29 01:00:00,CUST-1303,AGT-112,367,110,Answered,5,Technical Support
CALL-2026041304,2026-04-29 01:00:00,CUST-4976,AGT-109,363,11,Answered,4,Technical Support
CALL-2026041305,2026-04-29 01:00:00,CUST-3292,AGT-106,382,154,Answered,3,General Inquiry
CALL-2026041306,2026-04-29 02:45:00,CUST-7821,AGT-108,447,46,Dropped,1,Account Management
CALL-2026041307,2026-04-29 03:30:00,CUST-5090,AGT-115,305,29,Answered,5,Billing & Payment
CALL-2026041308,2026-04-29 03:45:00,CUST-1226,AGT-116,368,466,Dropped,2,Billing & Payment
CALL-2026041309,2026-04-29 04:30:00,CUST-6280,AGT-101,268,147,Answered,5,General Inquiry
CALL-2026041310,2026-04-29 04:45:00,CUST-9271,AGT-107,325,77,Answered,3,Network Outage
CALL-2026041311,2026-04-29 05:45:00,CUST-6399,AGT-120,184,15,Dropped,1,Technical Support
CALL-2026041312,2026-04-29 06:00:00,CUST-9440,AGT-115,260,55,Answered,5,General Inquiry
CALL-2026041313,2026-04-29 06:15:00,CUST-9567,AGT-120,332,87,Missed,2,Billing & Payment
CALL-2026041314,2026-04-29 06:15:00,CUST-8066,AGT-106,334,10,Answered,5,Network Outage
CALL-2026041315,2026-04-29 06:15:00,CUST-7118,AGT-102,161,18,Answered,5,Account Management
CALL-2026041316,2026-04-29 07:45:00,CUST-3846,AGT-123,258,61,Answered,4,Technical Support
CALL-2026041317,2026-04-29 08:30:00,CUST-1912,AGT-119,462,24,Answered,3,Account Management
CALL-2026041318,2026-04-29 09:00:00,CUST-3466,AGT-117,258,112,Answered,5,Billing & Payment
CALL-2026041319,2026-04-29 09:15:00,CUST-9120,AGT-118,379,27,Answered,5,Billing & Payment
CALL-2026041320,2026-04-29 09:45:00,CUST-3682,AGT-119,356,11,Answered,5,Network Outage
CALL-2026041321,2026-04-29 11:15:00,CUST-8189,AGT-104,288,151,Answered,5,Account Management
CALL-2026041322,2026-04-29 11:45:00,CUST-1244,AGT-121,248,196,Answered,4,General Inquiry
CALL-2026041323,2026-04-29 11:45:00,CUST-4515,AGT-108,184,36,Answered,4,Technical Support
CALL-2026041324,2026-04-29 12:15:00,CUST-3015,AGT-117,367,202,Dropped,3,General Inquiry
CALL-2026041325,2026-04-29 13:00:00,CUST-9772,AGT-101,300,392,Answered,1,Network Outage
CALL-2026041326,2026-04-29 13:00:00,CUST-2886,AGT-108,280,52,Answered,3,Billing & Payment
CALL-2026041327,2026-04-29 13:15:00,CUST-1306,AGT-104,251,419,Dropped,1,Network Outage
CALL-2026041328,2026-04-29 13:30:00,CUST-6025,AGT-119,448,83,Answered,5,Billing & Payment
CALL-2026041329,2026-04-29 13:45:00,CUST-1071,AGT-115,312,80,Dropped,2,Billing & Payment
CALL-2026041330,2026-04-29 14:00:00,CUST-8332,AGT-122,329,103,Answered,5,Technical Support
CALL-2026041331,2026-04-29 14:15:00,CUST-1794,AGT-107,401,721,Dropped,1,Technical Support
CALL-2026041332,2026-04-29 14:15:00,CUST-5237,AGT-122,468,256,Answered,3,Account Management
CALL-2026041333,2026-04-29 14:15:00,CUST-1464,AGT-116,372,61,Answered,4,Technical Support
CALL-2026041334,2026-04-29 15:15:00,CUST-1446,AGT-117,245,28,Answered,5,Billing & Payment
CALL-2026041335,2026-04-29 15:45:00,CUST-4980,AGT-123,214,82,Answered,4,Billing & Payment
CALL-2026041336,2026-04-29 16:45:00,CUST-1557,AGT-117,203,30,Answered,5,Account Management
CALL-2026041337,2026-04-29 16:45:00,CUST-6441,AGT-107,377,92,Answered,5,Account Management
CALL-2026041338,2026-04-29 17:00:00,CUST-4255,AGT-102,403,65,Answered,5,Network Outage
CALL-2026041339,2026-04-29 18:15:00,CUST-7079,AGT-124,309,47,Answered,5,Account Management
CALL-2026041340,2026-04-29 18:30:00,CUST-1985,AGT-113,204,165,Answered,5,Billing & Payment
CALL-2026041341,2026-04-29 18:45:00,CUST-6051,AGT-118,360,127,Answered,4,Billing & Payment
CALL-2026041342,2026-04-29 19:15:00,CUST-5147,AGT-124,257,42,Answered,4,Network Outage
CALL-2026041343,2026-04-29 19:30:00,CUST-4832,AGT-103,65,67,Dropped,1,Account Management
CALL-2026041344,2026-04-29 19:45:00,CUST-6171,AGT-115,229,51,Answered,5,Billing & Payment
CALL-2026041345,2026-04-29 19:45:00,CUST-7088,AGT-109,291,43,Answered,4,Billing & Payment
CALL-2026041346,2026-04-29 20:15:00,CUST-2829,AGT-108,381,41,Answered,4,Billing & Payment
CALL-2026041347,2026-04-29 20:30:00,CUST-7182,AGT-104,276,16,Answered,3,Technical Support
CALL-2026041348,2026-04-29 20:45:00,CUST-1064,AGT-104,258,15,Answered,5,Account Management
CALL-2026041349,2026-04-29 22:00:00,CUST-6620,AGT-121,343,26,Answered,5,Account Management
CALL-2026041350,2026-04-29 22:15:00,CUST-9303,AGT-105,421,87,Answered,5,General Inquiry
CALL-2026041351,2026-04-29 22:30:00,CUST-5348,AGT-121,340,124,Dropped,3,Billing & Payment
CALL-2026041352,2026-04-29 22:45:00,CUST-2180,AGT-106,307,20,Answered,4,Billing & Payment
CALL-2026041353,2026-04-29 22:45:00,CUST-1105,AGT-103,309,134,Answered,5,Technical Support
CALL-2026041354,2026-04-30 01:00:00,CUST-9172,AGT-101,364,53,Answered,5,Technical Support
CALL-2026041355,2026-04-30 01:00:00,CUST-7266,AGT-103,217,62,Answered,4,Network Outage
CALL-2026041356,2026-04-30 02:00:00,CUST-9619,AGT-110,382,48,Answered,4,Technical Support
CALL-2026041357,2026-04-30 02:15:00,CUST-6278,AGT-109,185,102,Answered,4,Technical Support
CALL-2026041358,2026-04-30 02:30:00,CUST-3433,AGT-123,356,51,Answered,3,Account Management
CALL-2026041359,2026-04-30 03:30:00,CUST-6644,AGT-107,266,84,Answered,5,Billing & Payment
CALL-2026041360,2026-04-30 03:45:00,CUST-5537,AGT-105,235,12,Answered,3,Billing & Payment
CALL-2026041361,2026-04-30 04:00:00,CUST-6524,AGT-101,279,62,Answered,5,Network Outage
CALL-2026041362,2026-04-30 05:15:00,CUST-2351,AGT-105,288,196,Answered,1,Technical Support
CALL-2026041363,2026-04-30 05:30:00,CUST-8434,AGT-113,327,36,Answered,4,Account Management
CALL-2026041364,2026-04-30 05:30:00,CUST-3318,AGT-111,333,18,Missed,1,Network Outage
CALL-2026041365,2026-04-30 06:15:00,CUST-9702,AGT-113,289,234,Answered,2,Billing & Payment
CALL-2026041366,2026-04-30 06:15:00,CUST-7176,AGT-123,260,106,Answered,4,Billing & Payment
CALL-2026041367,2026-04-30 06:45:00,CUST-2381,AGT-107,321,110,Answered,5,Technical Support
CALL-2026041368,2026-04-30 06:45:00,CUST-5748,AGT-124,115,12,Answered,5,Billing & Payment
CALL-2026041369,2026-04-30 07:30:00,CUST-8181,AGT-106,415,30,Missed,1,Network Outage
CALL-2026041370,2026-04-30 07:30:00,CUST-6283,AGT-117,224,50,Dropped,1,Billing & Payment
CALL-2026041371,2026-04-30 07:45:00,CUST-1065,AGT-116,212,80,Answered,4,Account Management
CALL-2026041372,2026-04-30 08:15:00,CUST-7565,AGT-104,269,64,Answered,5,Account Management
CALL-2026041373,2026-04-30 08:30:00,CUST-4232,AGT-101,162,45,Answered,4,Billing & Payment
CALL-2026041374,2026-04-30 08:30:00,CUST-7752,AGT-106,168,47,Missed,1,Billing & Payment
CALL-2026041375,2026-04-30 09:30:00,CUST-1525,AGT-102,341,110,Answered,4,Billing & Payment
CALL-2026041376,2026-04-30 09:45:00,CUST-3792,AGT-111,338,22,Answered,5,Network Outage
CALL-2026041377,2026-04-30 10:45:00,CUST-9159,AGT-123,337,170,Answered,5,Network Outage
CALL-2026041378,2026-04-30 11:00:00,CUST-1791,AGT-108,466,151,Answered,4,Billing & Payment
CALL-2026041379,2026-04-30 11:15:00,CUST-5599,AGT-119,237,679,Dropped,1,Technical Support
CALL-2026041380,2026-04-30 11:15:00,CUST-7446,AGT-109,215,306,Answered,1,Network Outage
CALL-2026041381,2026-04-30 11:45:00,CUST-4811,AGT-104,317,116,Answered,4,Account Management
CALL-2026041382,2026-04-30 11:45:00,CUST-3978,AGT-104,189,71,Answered,4,Account Management
CALL-2026041383,2026-04-30 12:30:00,CUST-7211,AGT-104,392,1355,Answered,2,Network Outage
CALL-2026041384,2026-04-30 13:30:00,CUST-5899,AGT-107,356,511,Dropped,1,Network Outage
CALL-2026041385,2026-04-30 13:30:00,CUST-8479,AGT-108,330,83,Answered,3,Technical Support
CALL-2026041386,2026-04-30 14:00:00,CUST-2547,AGT-123,292,412,Answered,1,Technical Support
CALL-2026041387,2026-04-30 14:00:00,CUST-5917,AGT-106,583,163,Missed,3,Technical Support
CALL-2026041388,2026-04-30 14:15:00,CUST-1565,AGT-103,340,129,Answered,5,Billing & Payment
CALL-2026041389,2026-04-30 14:45:00,CUST-6409,AGT-114,250,375,Dropped,1,Account Management
CALL-2026041390,2026-04-30 14:45:00,CUST-8248,AGT-122,304,150,Answered,4,Technical Support
CALL-2026041391,2026-04-30 15:30:00,CUST-1434,AGT-107,147,26,Answered,3,Network Outage
CALL-2026041392,2026-04-30 15:30:00,CUST-7867,AGT-116,375,66,Answered,5,Technical Support
CALL-2026041393,2026-04-30 16:00:00,CUST-8852,AGT-122,202,12,Answered,4,Technical Support
CALL-2026041394,2026-04-30 16:30:00,CUST-2590,AGT-121,382,29,Answered,5,Account Management
CALL-2026041395,2026-04-30 18:00:00,CUST-4646,AGT-113,494,72,Answered,5,Billing & Payment
CALL-2026041396,2026-04-30 18:00:00,CUST-1793,AGT-108,269,300,Answered,1,Account Management
CALL-2026041397,2026-04-30 18:30:00,CUST-4101,AGT-118,342,45,Answered,5,Network Outage
CALL-2026041398,2026-04-30 19:45:00,CUST-6774,AGT-118,316,64,Answered,4,Technical Support
CALL-2026041399,2026-04-30 20:00:00,CUST-8666,AGT-118,301,49,Answered,5,Account Management
CALL-2026041400,2026-04-30 20:00:00,CUST-3432,AGT-103,203,68,Answered,4,Account Management
