chat_id,timestamp,customer_id,agent_id,first_response_time_sec,chat_duration_min,chat_status,csat_score,sentiment,issue_category
IM-2026040001,2026-04-01 08:00:00,CUST-8349,AGT-203,105,13.8,Resolved,5,Positive,Technical Support
IM-2026040002,2026-04-01 08:00:00,CUST-7590,AGT-226,76,21.7,Resolved,5,Positive,Account Management
IM-2026040003,2026-04-01 09:00:00,CUST-7176,AGT-203,59,11.0,Resolved,5,Neutral,Billing & Payment
IM-2026040004,2026-04-01 09:15:00,CUST-4114,AGT-203,42,18.5,Resolved,5,Negative,Technical Support
IM-2026040005,2026-04-01 09:45:00,CUST-4317,AGT-201,30,18.9,Unresolved,4,Negative,Technical Support
IM-2026040006,2026-04-01 10:00:00,CUST-4317,AGT-209,97,15.8,Resolved,4,Positive,Billing & Payment
IM-2026040007,2026-04-01 10:15:00,CUST-8775,AGT-213,24,10.2,Resolved,5,Positive,Technical Support
IM-2026040008,2026-04-01 10:15:00,CUST-9520,AGT-202,30,10.1,Resolved,5,Positive,Technical Support
IM-2026040009,2026-04-01 10:45:00,CUST-9657,AGT-226,32,10.1,Resolved,5,Positive,Billing & Payment
IM-2026040010,2026-04-01 11:00:00,CUST-9172,AGT-231,157,3.1,Resolved,5,Neutral,Billing & Payment
IM-2026040011,2026-04-01 11:45:00,CUST-6269,AGT-220,193,11.7,Resolved,5,Neutral,Technical Support
IM-2026040012,2026-04-01 11:45:00,CUST-6885,AGT-202,46,5.8,Resolved,4,Neutral,Network Outage
IM-2026040013,2026-04-01 11:45:00,CUST-6948,AGT-215,36,16.1,Resolved,5,Positive,Billing & Payment
IM-2026040014,2026-04-01 12:00:00,CUST-9491,AGT-222,80,12.2,Resolved,5,Neutral,Account Management
IM-2026040015,2026-04-01 12:00:00,CUST-8101,AGT-220,45,9.4,Resolved,4,Positive,Billing & Payment
IM-2026040016,2026-04-01 12:15:00,CUST-8165,AGT-203,69,13.6,Resolved,4,Positive,Network Outage
IM-2026040017,2026-04-01 12:45:00,CUST-1414,AGT-229,25,12.6,Resolved,5,Positive,Technical Support
IM-2026040018,2026-04-01 13:00:00,CUST-6672,AGT-205,228,10.9,Resolved,5,Negative,General Inquiry
IM-2026040019,2026-04-01 13:00:00,CUST-7833,AGT-217,47,8.6,Resolved,4,Positive,Account Management
IM-2026040020,2026-04-01 13:30:00,CUST-6691,AGT-202,286,6.5,Resolved,3,Positive,Account Management
IM-2026040021,2026-04-01 13:30:00,CUST-4360,AGT-217,80,10.6,Resolved,5,Positive,Billing & Payment
IM-2026040022,2026-04-01 13:45:00,CUST-5787,AGT-205,178,8.8,Resolved,4,Neutral,Account Management
IM-2026040023,2026-04-01 13:45:00,CUST-3407,AGT-201,102,21.2,Resolved,5,Positive,Technical Support
IM-2026040024,2026-04-01 15:15:00,CUST-5224,AGT-207,55,5.5,Resolved,4,Neutral,Technical Support
IM-2026040025,2026-04-01 15:15:00,CUST-6429,AGT-229,32,12.2,Resolved,5,Neutral,Billing & Payment
IM-2026040026,2026-04-01 15:30:00,CUST-4859,AGT-223,85,12.4,Resolved,5,Positive,Technical Support
IM-2026040027,2026-04-01 15:30:00,CUST-1594,AGT-234,32,14.8,Resolved,5,Positive,Technical Support
IM-2026040028,2026-04-01 15:30:00,CUST-9066,AGT-225,72,11.5,Resolved,4,Neutral,Billing & Payment
IM-2026040029,2026-04-01 15:30:00,CUST-7359,AGT-229,74,4.1,Resolved,3,Positive,Billing & Payment
IM-2026040030,2026-04-01 15:45:00,CUST-3339,AGT-205,57,15.6,Resolved,5,Positive,General Inquiry
IM-2026040031,2026-04-01 15:45:00,CUST-2007,AGT-217,188,13.9,Resolved,5,Positive,Technical Support
IM-2026040032,2026-04-01 15:45:00,CUST-4538,AGT-231,88,9.7,Resolved,5,Neutral,Billing & Payment
IM-2026040033,2026-04-01 16:30:00,CUST-6691,AGT-210,215,14.9,Resolved,5,Positive,Technical Support
IM-2026040034,2026-04-01 16:45:00,CUST-3298,AGT-207,82,12.3,Resolved,5,Positive,Network Outage
IM-2026040035,2026-04-01 17:00:00,CUST-2501,AGT-227,186,9.6,Unresolved,5,Positive,Account Management
IM-2026040036,2026-04-01 17:15:00,CUST-9066,AGT-231,127,13.8,Unresolved,3,Positive,Account Management
IM-2026040037,2026-04-01 17:15:00,CUST-6419,AGT-231,229,4.6,Resolved,5,Positive,Account Management
IM-2026040038,2026-04-01 17:15:00,CUST-9654,AGT-228,21,16.7,Resolved,5,Positive,General Inquiry
IM-2026040039,2026-04-01 17:30:00,CUST-1018,AGT-217,80,7.8,Resolved,5,Neutral,Account Management
IM-2026040040,2026-04-01 17:30:00,CUST-2828,AGT-215,18,10.7,Resolved,5,Neutral,Technical Support
IM-2026040041,2026-04-01 17:30:00,CUST-6943,AGT-226,213,14.4,Transferred,5,Positive,Network Outage
IM-2026040042,2026-04-01 18:00:00,CUST-7626,AGT-227,100,12.3,Resolved,5,Positive,Billing & Payment
IM-2026040043,2026-04-01 18:15:00,CUST-7196,AGT-202,100,11.4,Resolved,5,Positive,Technical Support
IM-2026040044,2026-04-01 18:30:00,CUST-6293,AGT-231,21,11.9,Resolved,5,Positive,Account Management
IM-2026040045,2026-04-01 19:15:00,CUST-6547,AGT-208,44,7.9,Resolved,4,Positive,Technical Support
IM-2026040046,2026-04-01 19:15:00,CUST-7023,AGT-213,185,16.5,Resolved,4,Positive,Billing & Payment
IM-2026040047,2026-04-01 19:30:00,CUST-8607,AGT-223,583,9.6,Resolved,1,Neutral,Billing & Payment
IM-2026040048,2026-04-01 19:45:00,CUST-3989,AGT-201,197,14.6,Resolved,5,Neutral,Technical Support
IM-2026040049,2026-04-01 20:00:00,CUST-3808,AGT-204,132,12.2,Resolved,4,Negative,Technical Support
IM-2026040050,2026-04-01 20:15:00,CUST-7053,AGT-223,15,5.2,Resolved,5,Positive,General Inquiry
IM-2026040051,2026-04-01 20:15:00,CUST-8002,AGT-214,58,12.8,Unresolved,3,Positive,Technical Support
IM-2026040052,2026-04-01 20:30:00,CUST-9550,AGT-216,280,13.8,Resolved,5,Positive,Technical Support
IM-2026040053,2026-04-01 21:00:00,CUST-4544,AGT-208,36,10.6,Resolved,5,Positive,Account Management
IM-2026040054,2026-04-01 21:30:00,CUST-5838,AGT-222,355,17.6,Unresolved,3,Negative,Billing & Payment
IM-2026040055,2026-04-01 21:30:00,CUST-3669,AGT-220,15,9.1,Resolved,4,Positive,Billing & Payment
IM-2026040056,2026-04-01 21:45:00,CUST-4568,AGT-209,115,8.2,Resolved,5,Positive,Technical Support
IM-2026040057,2026-04-01 22:30:00,CUST-4104,AGT-204,107,21.4,Resolved,5,Positive,Billing & Payment
IM-2026040058,2026-04-01 22:30:00,CUST-4245,AGT-226,89,7.2,Resolved,4,Positive,General Inquiry
IM-2026040059,2026-04-01 22:30:00,CUST-2658,AGT-221,158,7.5,Transferred,5,Positive,Technical Support
IM-2026040060,2026-04-01 22:30:00,CUST-1027,AGT-208,61,8.9,Unresolved,5,Positive,Account Management
IM-2026040061,2026-04-01 23:00:00,CUST-2251,AGT-231,43,6.6,Resolved,5,Positive,General Inquiry
IM-2026040062,2026-04-01 23:15:00,CUST-2277,AGT-215,171,16.2,Resolved,5,Positive,Technical Support
IM-2026040063,2026-04-01 23:15:00,CUST-1944,AGT-223,54,9.7,Resolved,4,Positive,Technical Support
IM-2026040064,2026-04-01 23:30:00,CUST-1543,AGT-201,230,2.0,Transferred,4,Positive,Billing & Payment
IM-2026040065,2026-04-01 23:30:00,CUST-1348,AGT-203,73,14.4,Resolved,5,Neutral,Technical Support
IM-2026040066,2026-04-01 23:30:00,CUST-2846,AGT-207,21,20.3,Resolved,3,Positive,Technical Support
IM-2026040067,2026-04-02 00:00:00,CUST-2681,AGT-215,124,15.0,Resolved,4,Neutral,Account Management
IM-2026040068,2026-04-02 00:45:00,CUST-2781,AGT-204,15,6.6,Unresolved,5,Positive,General Inquiry
IM-2026040069,2026-04-02 00:45:00,CUST-2157,AGT-207,122,16.1,Resolved,5,Positive,General Inquiry
IM-2026040070,2026-04-02 01:00:00,CUST-9791,AGT-215,47,27.3,Resolved,4,Positive,Network Outage
IM-2026040071,2026-04-02 01:15:00,CUST-2242,AGT-206,236,12.6,Resolved,3,Positive,Technical Support
IM-2026040072,2026-04-02 01:30:00,CUST-2268,AGT-226,20,6.3,Resolved,5,Positive,General Inquiry
IM-2026040073,2026-04-02 01:45:00,CUST-3162,AGT-224,45,19.8,Resolved,4,Negative,Network Outage
IM-2026040074,2026-04-02 01:45:00,CUST-9509,AGT-222,197,5.1,Unresolved,3,Positive,Account Management
IM-2026040075,2026-04-02 02:15:00,CUST-2200,AGT-203,402,3.1,Resolved,2,Negative,Billing & Payment
IM-2026040076,2026-04-02 03:30:00,CUST-1792,AGT-216,78,8.9,Resolved,3,Positive,General Inquiry
IM-2026040077,2026-04-02 03:30:00,CUST-2648,AGT-201,38,4.5,Resolved,3,Negative,Billing & Payment
IM-2026040078,2026-04-02 03:30:00,CUST-8048,AGT-212,74,13.1,Resolved,5,Positive,Technical Support
IM-2026040079,2026-04-02 04:15:00,CUST-9974,AGT-217,39,14.6,Resolved,5,Positive,Account Management
IM-2026040080,2026-04-02 04:15:00,CUST-6428,AGT-234,131,3.7,Resolved,5,Positive,Technical Support
IM-2026040081,2026-04-02 04:15:00,CUST-4484,AGT-212,39,17.3,Resolved,4,Positive,General Inquiry
IM-2026040082,2026-04-02 04:45:00,CUST-1592,AGT-227,49,16.7,Transferred,5,Positive,Billing & Payment
IM-2026040083,2026-04-02 05:00:00,CUST-4598,AGT-228,280,5.5,Resolved,4,Positive,Technical Support
IM-2026040084,2026-04-02 05:00:00,CUST-1098,AGT-219,85,10.2,Transferred,5,Positive,Technical Support
IM-2026040085,2026-04-02 05:00:00,CUST-4528,AGT-224,185,12.8,Resolved,4,Negative,Billing & Payment
IM-2026040086,2026-04-02 05:15:00,CUST-3680,AGT-226,155,15.4,Resolved,3,Neutral,Billing & Payment
IM-2026040087,2026-04-02 05:15:00,CUST-1981,AGT-234,25,6.6,Transferred,4,Neutral,Billing & Payment
IM-2026040088,2026-04-02 05:30:00,CUST-3569,AGT-225,84,8.6,Resolved,5,Neutral,Technical Support
IM-2026040089,2026-04-02 06:15:00,CUST-5829,AGT-202,16,14.1,Resolved,4,Positive,Billing & Payment
IM-2026040090,2026-04-02 06:45:00,CUST-4417,AGT-202,66,7.8,Resolved,4,Neutral,Technical Support
IM-2026040091,2026-04-02 06:45:00,CUST-2112,AGT-226,111,12.0,Resolved,5,Positive,Billing & Payment
IM-2026040092,2026-04-02 06:45:00,CUST-6710,AGT-207,18,8.7,Resolved,5,Neutral,Account Management
IM-2026040093,2026-04-02 07:00:00,CUST-2705,AGT-206,176,11.6,Resolved,4,Positive,Billing & Payment
IM-2026040094,2026-04-02 07:00:00,CUST-4090,AGT-234,65,11.0,Resolved,4,Negative,Technical Support
IM-2026040095,2026-04-02 07:30:00,CUST-1570,AGT-217,131,10.1,Resolved,4,Positive,Technical Support
IM-2026040096,2026-04-02 07:30:00,CUST-3049,AGT-220,102,15.6,Resolved,5,Neutral,Billing & Payment
IM-2026040097,2026-04-02 07:30:00,CUST-4500,AGT-229,153,17.6,Resolved,4,Neutral,Billing & Payment
IM-2026040098,2026-04-02 08:30:00,CUST-2372,AGT-227,22,12.9,Resolved,4,Neutral,Network Outage
IM-2026040099,2026-04-02 08:45:00,CUST-2963,AGT-217,99,14.3,Resolved,4,Positive,Billing & Payment
IM-2026040100,2026-04-02 08:45:00,CUST-1869,AGT-233,130,6.2,Resolved,4,Neutral,General Inquiry
IM-2026040101,2026-04-02 09:00:00,CUST-8592,AGT-210,44,19.9,Resolved,5,Positive,Billing & Payment
IM-2026040102,2026-04-02 09:30:00,CUST-1891,AGT-221,154,16.6,Resolved,3,Positive,Account Management
IM-2026040103,2026-04-02 10:00:00,CUST-7394,AGT-205,141,14.5,Unresolved,4,Neutral,Network Outage
IM-2026040104,2026-04-02 10:00:00,CUST-5313,AGT-215,88,16.4,Resolved,4,Negative,Account Management
IM-2026040105,2026-04-02 10:00:00,CUST-6588,AGT-222,59,2.6,Resolved,5,Positive,Technical Support
IM-2026040106,2026-04-02 10:15:00,CUST-4354,AGT-206,142,11.6,Resolved,5,Neutral,Technical Support
IM-2026040107,2026-04-02 10:15:00,CUST-4481,AGT-232,41,24.0,Resolved,5,Neutral,Technical Support
IM-2026040108,2026-04-02 10:30:00,CUST-5999,AGT-205,134,11.4,Resolved,4,Positive,Technical Support
IM-2026040109,2026-04-02 11:30:00,CUST-6848,AGT-234,30,4.6,Resolved,3,Positive,Billing & Payment
IM-2026040110,2026-04-02 11:30:00,CUST-4747,AGT-218,195,14.8,Resolved,5,Positive,Billing & Payment
IM-2026040111,2026-04-02 11:45:00,CUST-7733,AGT-203,444,21.8,Resolved,2,Negative,Network Outage
IM-2026040112,2026-04-02 11:45:00,CUST-3993,AGT-207,57,13.7,Unresolved,4,Positive,Account Management
IM-2026040113,2026-04-02 12:00:00,CUST-2151,AGT-203,111,19.0,Resolved,5,Positive,Technical Support
IM-2026040114,2026-04-02 12:15:00,CUST-9722,AGT-227,133,13.2,Resolved,5,Positive,Account Management
IM-2026040115,2026-04-02 12:30:00,CUST-5626,AGT-226,18,12.8,Resolved,5,Positive,General Inquiry
IM-2026040116,2026-04-02 13:00:00,CUST-3623,AGT-219,237,14.1,Resolved,4,Positive,Technical Support
IM-2026040117,2026-04-02 13:00:00,CUST-4878,AGT-230,57,14.4,Resolved,5,Positive,Technical Support
IM-2026040118,2026-04-02 13:15:00,CUST-1256,AGT-230,128,14.2,Resolved,5,Negative,Network Outage
IM-2026040119,2026-04-02 14:15:00,CUST-1897,AGT-217,132,13.4,Resolved,4,Positive,Account Management
IM-2026040120,2026-04-02 14:15:00,CUST-9088,AGT-221,49,6.7,Resolved,5,Neutral,Account Management
IM-2026040121,2026-04-02 15:00:00,CUST-9127,AGT-220,60,15.9,Resolved,5,Neutral,General Inquiry
IM-2026040122,2026-04-02 15:15:00,CUST-7987,AGT-203,61,19.5,Resolved,4,Neutral,General Inquiry
IM-2026040123,2026-04-02 16:00:00,CUST-6073,AGT-202,274,8.2,Resolved,5,Negative,Technical Support
IM-2026040124,2026-04-02 16:00:00,CUST-3728,AGT-220,87,8.2,Resolved,5,Positive,Billing & Payment
IM-2026040125,2026-04-02 16:15:00,CUST-1293,AGT-201,72,10.1,Resolved,5,Positive,Technical Support
IM-2026040126,2026-04-02 16:30:00,CUST-9641,AGT-216,138,12.0,Transferred,5,Negative,Technical Support
IM-2026040127,2026-04-02 16:30:00,CUST-2235,AGT-221,18,2.5,Resolved,5,Neutral,Technical Support
IM-2026040128,2026-04-02 16:45:00,CUST-2853,AGT-226,19,11.2,Unresolved,5,Positive,Account Management
IM-2026040129,2026-04-02 17:00:00,CUST-1862,AGT-224,92,6.8,Resolved,4,Neutral,Billing & Payment
IM-2026040130,2026-04-02 17:00:00,CUST-7959,AGT-215,107,16.5,Resolved,5,Neutral,Account Management
IM-2026040131,2026-04-02 17:15:00,CUST-7113,AGT-214,29,10.1,Resolved,5,Positive,General Inquiry
IM-2026040132,2026-04-02 17:45:00,CUST-2979,AGT-229,49,15.3,Unresolved,4,Positive,Billing & Payment
IM-2026040133,2026-04-02 17:45:00,CUST-7467,AGT-214,80,3.7,Resolved,5,Neutral,Technical Support
IM-2026040134,2026-04-02 18:30:00,CUST-9582,AGT-209,45,13.3,Transferred,4,Positive,Technical Support
IM-2026040135,2026-04-02 18:30:00,CUST-9077,AGT-209,74,10.7,Resolved,4,Positive,Network Outage
IM-2026040136,2026-04-02 19:30:00,CUST-6020,AGT-208,75,12.6,Resolved,4,Neutral,Network Outage
IM-2026040137,2026-04-02 19:45:00,CUST-1105,AGT-234,279,7.1,Resolved,5,Negative,Technical Support
IM-2026040138,2026-04-02 20:30:00,CUST-1906,AGT-206,25,8.3,Resolved,5,Positive,Billing & Payment
IM-2026040139,2026-04-02 20:45:00,CUST-9349,AGT-216,217,6.4,Resolved,4,Positive,Technical Support
IM-2026040140,2026-04-02 20:45:00,CUST-3483,AGT-218,24,6.4,Resolved,4,Neutral,Network Outage
IM-2026040141,2026-04-02 21:00:00,CUST-1479,AGT-231,129,8.1,Unresolved,4,Positive,Technical Support
IM-2026040142,2026-04-02 21:00:00,CUST-3640,AGT-204,63,13.3,Resolved,5,Neutral,Technical Support
IM-2026040143,2026-04-02 21:00:00,CUST-2502,AGT-213,23,17.8,Resolved,4,Positive,Account Management
IM-2026040144,2026-04-02 21:15:00,CUST-4570,AGT-201,29,16.5,Transferred,3,Positive,Billing & Payment
IM-2026040145,2026-04-02 21:15:00,CUST-4577,AGT-215,74,11.7,Resolved,5,Positive,Technical Support
IM-2026040146,2026-04-02 21:30:00,CUST-7278,AGT-213,216,19.4,Resolved,4,Positive,Billing & Payment
IM-2026040147,2026-04-02 21:30:00,CUST-4271,AGT-232,35,7.7,Resolved,5,Positive,Account Management
IM-2026040148,2026-04-02 22:00:00,CUST-4044,AGT-227,121,6.8,Resolved,5,Positive,Account Management
IM-2026040149,2026-04-02 22:00:00,CUST-3422,AGT-215,316,16.2,Unresolved,1,Negative,Network Outage
IM-2026040150,2026-04-02 22:15:00,CUST-2486,AGT-212,27,12.8,Resolved,4,Positive,Network Outage
IM-2026040151,2026-04-02 22:45:00,CUST-9059,AGT-208,71,17.7,Resolved,4,Neutral,General Inquiry
IM-2026040152,2026-04-02 22:45:00,CUST-9428,AGT-218,32,10.8,Resolved,4,Negative,Technical Support
IM-2026040153,2026-04-02 23:15:00,CUST-4950,AGT-202,21,11.8,Resolved,5,Positive,Billing & Payment
IM-2026040154,2026-04-02 23:30:00,CUST-8216,AGT-201,311,9.4,Unresolved,2,Negative,Account Management
IM-2026040155,2026-04-03 00:00:00,CUST-8921,AGT-232,131,13.1,Unresolved,4,Neutral,Technical Support
IM-2026040156,2026-04-03 00:00:00,CUST-9404,AGT-233,44,10.8,Resolved,5,Positive,Technical Support
IM-2026040157,2026-04-03 00:00:00,CUST-2732,AGT-229,209,16.6,Resolved,5,Positive,Billing & Payment
IM-2026040158,2026-04-03 00:15:00,CUST-1716,AGT-222,80,18.1,Resolved,4,Positive,Account Management
IM-2026040159,2026-04-03 00:15:00,CUST-8219,AGT-201,42,8.8,Resolved,5,Positive,General Inquiry
IM-2026040160,2026-04-03 01:00:00,CUST-6127,AGT-205,29,3.9,Resolved,3,Positive,Account Management
IM-2026040161,2026-04-03 01:30:00,CUST-9973,AGT-226,118,14.7,Resolved,4,Positive,Technical Support
IM-2026040162,2026-04-03 01:45:00,CUST-8097,AGT-218,41,13.5,Resolved,5,Neutral,Technical Support
IM-2026040163,2026-04-03 02:00:00,CUST-3427,AGT-226,244,14.8,Resolved,5,Positive,Billing & Payment
IM-2026040164,2026-04-03 02:00:00,CUST-5005,AGT-204,57,9.8,Unresolved,4,Positive,Billing & Payment
IM-2026040165,2026-04-03 02:30:00,CUST-1142,AGT-210,316,11.3,Unresolved,2,Positive,Billing & Payment
IM-2026040166,2026-04-03 02:45:00,CUST-3369,AGT-234,117,12.4,Resolved,5,Positive,Technical Support
IM-2026040167,2026-04-03 02:45:00,CUST-7372,AGT-227,54,18.3,Resolved,4,Negative,General Inquiry
IM-2026040168,2026-04-03 03:00:00,CUST-7515,AGT-216,140,16.0,Transferred,5,Neutral,General Inquiry
IM-2026040169,2026-04-03 03:30:00,CUST-1637,AGT-219,108,5.5,Resolved,3,Negative,Billing & Payment
IM-2026040170,2026-04-03 03:30:00,CUST-6643,AGT-232,314,7.7,Transferred,1,Negative,Account Management
IM-2026040171,2026-04-03 03:45:00,CUST-9411,AGT-222,218,9.0,Resolved,3,Positive,Network Outage
IM-2026040172,2026-04-03 04:00:00,CUST-2865,AGT-224,178,14.9,Resolved,5,Neutral,Technical Support
IM-2026040173,2026-04-03 04:00:00,CUST-1390,AGT-208,24,12.8,Resolved,5,Positive,Technical Support
IM-2026040174,2026-04-03 04:15:00,CUST-8769,AGT-225,139,8.3,Resolved,5,Positive,Billing & Payment
IM-2026040175,2026-04-03 04:15:00,CUST-7240,AGT-214,287,16.3,Transferred,5,Negative,Technical Support
IM-2026040176,2026-04-03 04:30:00,CUST-9956,AGT-209,92,15.2,Transferred,5,Positive,Account Management
IM-2026040177,2026-04-03 05:15:00,CUST-2637,AGT-205,95,9.6,Resolved,5,Positive,Technical Support
IM-2026040178,2026-04-03 05:30:00,CUST-7107,AGT-233,75,27.7,Resolved,4,Positive,Billing & Payment
IM-2026040179,2026-04-03 05:45:00,CUST-5864,AGT-209,62,6.4,Resolved,5,Positive,Technical Support
IM-2026040180,2026-04-03 06:00:00,CUST-1072,AGT-203,22,12.4,Resolved,3,Negative,Billing & Payment
IM-2026040181,2026-04-03 06:00:00,CUST-5231,AGT-233,37,11.9,Resolved,5,Positive,Account Management
IM-2026040182,2026-04-03 06:00:00,CUST-3677,AGT-219,141,18.0,Unresolved,4,Negative,Billing & Payment
IM-2026040183,2026-04-03 06:15:00,CUST-7592,AGT-232,32,14.8,Resolved,5,Neutral,Billing & Payment
IM-2026040184,2026-04-03 06:45:00,CUST-8378,AGT-218,33,11.0,Resolved,4,Negative,Account Management
IM-2026040185,2026-04-03 07:00:00,CUST-5779,AGT-229,25,13.1,Resolved,5,Positive,Account Management
IM-2026040186,2026-04-03 07:30:00,CUST-2802,AGT-212,330,18.7,Resolved,1,Negative,Account Management
IM-2026040187,2026-04-03 07:30:00,CUST-3305,AGT-204,52,16.6,Resolved,5,Positive,Technical Support
IM-2026040188,2026-04-03 07:30:00,CUST-4491,AGT-224,44,5.2,Resolved,3,Positive,Billing & Payment
IM-2026040189,2026-04-03 07:45:00,CUST-1293,AGT-202,27,16.7,Resolved,4,Negative,Technical Support
IM-2026040190,2026-04-03 07:45:00,CUST-9280,AGT-217,76,2.0,Resolved,4,Positive,Technical Support
IM-2026040191,2026-04-03 07:45:00,CUST-2633,AGT-226,56,9.7,Resolved,5,Neutral,Technical Support
IM-2026040192,2026-04-03 08:00:00,CUST-2817,AGT-227,81,8.7,Resolved,5,Positive,Billing & Payment
IM-2026040193,2026-04-03 08:00:00,CUST-1567,AGT-231,40,13.2,Resolved,5,Neutral,Technical Support
IM-2026040194,2026-04-03 08:15:00,CUST-7497,AGT-219,115,10.3,Resolved,5,Neutral,Account Management
IM-2026040195,2026-04-03 09:00:00,CUST-3369,AGT-201,198,9.7,Resolved,5,Positive,Billing & Payment
IM-2026040196,2026-04-03 09:15:00,CUST-7891,AGT-226,49,6.8,Resolved,4,Positive,Network Outage
IM-2026040197,2026-04-03 09:15:00,CUST-3563,AGT-230,140,8.7,Unresolved,3,Neutral,Billing & Payment
IM-2026040198,2026-04-03 09:30:00,CUST-6862,AGT-226,166,15.6,Resolved,4,Positive,Billing & Payment
IM-2026040199,2026-04-03 10:15:00,CUST-1749,AGT-224,212,15.4,Resolved,5,Neutral,Billing & Payment
IM-2026040200,2026-04-03 10:15:00,CUST-2389,AGT-213,19,14.9,Transferred,5,Positive,Technical Support
IM-2026040201,2026-04-03 10:30:00,CUST-6037,AGT-203,40,21.5,Transferred,5,Positive,Technical Support
IM-2026040202,2026-04-03 10:45:00,CUST-6158,AGT-219,15,11.5,Resolved,4,Positive,Billing & Payment
IM-2026040203,2026-04-03 11:15:00,CUST-9104,AGT-231,217,11.5,Resolved,5,Positive,Technical Support
IM-2026040204,2026-04-03 11:30:00,CUST-1654,AGT-212,66,12.9,Resolved,3,Positive,Network Outage
IM-2026040205,2026-04-03 11:45:00,CUST-7674,AGT-207,64,11.1,Resolved,4,Negative,Billing & Payment
IM-2026040206,2026-04-03 12:00:00,CUST-4915,AGT-206,29,16.7,Resolved,5,Positive,General Inquiry
IM-2026040207,2026-04-03 12:15:00,CUST-9330,AGT-223,177,8.7,Resolved,5,Positive,Technical Support
IM-2026040208,2026-04-03 12:15:00,CUST-6899,AGT-207,121,2.0,Resolved,5,Positive,Account Management
IM-2026040209,2026-04-03 12:30:00,CUST-2320,AGT-217,106,17.5,Resolved,3,Neutral,Network Outage
IM-2026040210,2026-04-03 12:45:00,CUST-2982,AGT-223,37,18.2,Resolved,5,Neutral,Technical Support
IM-2026040211,2026-04-03 13:00:00,CUST-7208,AGT-205,148,11.6,Resolved,4,Positive,Account Management
IM-2026040212,2026-04-03 13:15:00,CUST-4340,AGT-216,33,9.2,Resolved,4,Positive,Technical Support
IM-2026040213,2026-04-03 13:30:00,CUST-2608,AGT-218,149,8.7,Resolved,3,Neutral,Billing & Payment
IM-2026040214,2026-04-03 13:45:00,CUST-4708,AGT-234,180,13.9,Unresolved,5,Positive,Billing & Payment
IM-2026040215,2026-04-03 14:00:00,CUST-3711,AGT-231,112,10.0,Unresolved,5,Neutral,Billing & Payment
IM-2026040216,2026-04-03 14:00:00,CUST-6024,AGT-208,50,20.1,Resolved,5,Positive,Billing & Payment
IM-2026040217,2026-04-03 14:30:00,CUST-9160,AGT-224,129,17.7,Resolved,5,Neutral,Account Management
IM-2026040218,2026-04-03 14:45:00,CUST-9103,AGT-201,93,10.7,Resolved,3,Positive,Technical Support
IM-2026040219,2026-04-03 15:00:00,CUST-8658,AGT-232,149,14.8,Unresolved,4,Positive,Network Outage
IM-2026040220,2026-04-03 15:15:00,CUST-7045,AGT-232,153,11.4,Resolved,4,Positive,Technical Support
IM-2026040221,2026-04-03 15:30:00,CUST-7406,AGT-205,174,14.0,Resolved,4,Positive,Technical Support
IM-2026040222,2026-04-03 15:30:00,CUST-3003,AGT-232,15,14.1,Resolved,4,Positive,Account Management
IM-2026040223,2026-04-03 15:30:00,CUST-1051,AGT-204,47,13.0,Resolved,4,Positive,Account Management
IM-2026040224,2026-04-03 16:15:00,CUST-7232,AGT-228,62,16.3,Resolved,5,Positive,Account Management
IM-2026040225,2026-04-03 17:00:00,CUST-4540,AGT-216,85,16.4,Resolved,5,Positive,Technical Support
IM-2026040226,2026-04-03 17:15:00,CUST-8769,AGT-221,15,22.3,Resolved,4,Positive,Technical Support
IM-2026040227,2026-04-03 17:45:00,CUST-4815,AGT-202,16,18.7,Resolved,4,Neutral,Network Outage
IM-2026040228,2026-04-03 18:00:00,CUST-9626,AGT-213,177,7.6,Resolved,5,Positive,Technical Support
IM-2026040229,2026-04-03 18:15:00,CUST-9887,AGT-219,211,11.5,Transferred,4,Positive,General Inquiry
IM-2026040230,2026-04-03 18:15:00,CUST-1065,AGT-205,136,5.6,Resolved,5,Negative,Technical Support
IM-2026040231,2026-04-03 19:30:00,CUST-7470,AGT-230,395,5.6,Transferred,1,Negative,Technical Support
IM-2026040232,2026-04-03 20:00:00,CUST-5024,AGT-219,23,6.6,Unresolved,5,Positive,General Inquiry
IM-2026040233,2026-04-03 20:00:00,CUST-9497,AGT-202,42,10.6,Resolved,4,Positive,General Inquiry
IM-2026040234,2026-04-03 20:15:00,CUST-4168,AGT-225,50,12.2,Unresolved,4,Neutral,Technical Support
IM-2026040235,2026-04-03 20:15:00,CUST-1018,AGT-227,59,10.4,Resolved,5,Positive,Account Management
IM-2026040236,2026-04-03 20:45:00,CUST-3452,AGT-231,44,19.7,Resolved,5,Negative,Technical Support
IM-2026040237,2026-04-03 21:00:00,CUST-2159,AGT-219,50,10.3,Resolved,5,Positive,General Inquiry
IM-2026040238,2026-04-03 21:00:00,CUST-2760,AGT-211,296,13.9,Resolved,5,Neutral,Billing & Payment
IM-2026040239,2026-04-03 21:00:00,CUST-6898,AGT-222,65,25.2,Resolved,5,Neutral,Billing & Payment
IM-2026040240,2026-04-03 21:15:00,CUST-9532,AGT-207,107,14.4,Resolved,5,Neutral,Technical Support
IM-2026040241,2026-04-03 21:15:00,CUST-5172,AGT-230,50,5.9,Resolved,4,Positive,Billing & Payment
IM-2026040242,2026-04-03 21:30:00,CUST-7756,AGT-206,89,13.9,Unresolved,5,Negative,Technical Support
IM-2026040243,2026-04-03 22:00:00,CUST-5139,AGT-223,18,10.8,Resolved,5,Neutral,Account Management
IM-2026040244,2026-04-03 23:00:00,CUST-9401,AGT-212,42,12.6,Resolved,5,Positive,Account Management
IM-2026040245,2026-04-03 23:15:00,CUST-8791,AGT-204,52,6.4,Resolved,4,Positive,Account Management
IM-2026040246,2026-04-03 23:15:00,CUST-3321,AGT-213,25,11.0,Resolved,5,Negative,Technical Support
IM-2026040247,2026-04-03 23:30:00,CUST-8858,AGT-232,191,15.5,Unresolved,5,Neutral,Billing & Payment
IM-2026040248,2026-04-04 00:00:00,CUST-2466,AGT-221,33,12.7,Resolved,5,Positive,Billing & Payment
IM-2026040249,2026-04-04 00:00:00,CUST-5680,AGT-231,64,5.3,Transferred,5,Positive,Technical Support
IM-2026040250,2026-04-04 00:15:00,CUST-7090,AGT-234,37,12.2,Resolved,5,Positive,Network Outage
IM-2026040251,2026-04-04 00:45:00,CUST-7028,AGT-208,48,20.6,Resolved,4,Positive,Network Outage
IM-2026040252,2026-04-04 00:45:00,CUST-1189,AGT-232,113,16.2,Resolved,5,Positive,Technical Support
IM-2026040253,2026-04-04 01:15:00,CUST-6873,AGT-228,83,15.8,Resolved,4,Neutral,Account Management
IM-2026040254,2026-04-04 01:45:00,CUST-5516,AGT-207,170,15.9,Resolved,5,Positive,Account Management
IM-2026040255,2026-04-04 02:30:00,CUST-4062,AGT-214,118,14.2,Resolved,4,Positive,Account Management
IM-2026040256,2026-04-04 02:45:00,CUST-5041,AGT-233,109,14.5,Resolved,5,Positive,Account Management
IM-2026040257,2026-04-04 02:45:00,CUST-3883,AGT-201,206,12.4,Resolved,4,Positive,Technical Support
IM-2026040258,2026-04-04 03:00:00,CUST-9041,AGT-201,88,8.8,Unresolved,3,Positive,Billing & Payment
IM-2026040259,2026-04-04 03:00:00,CUST-1410,AGT-202,30,17.5,Resolved,4,Neutral,General Inquiry
IM-2026040260,2026-04-04 03:15:00,CUST-3403,AGT-207,244,10.3,Resolved,5,Positive,Technical Support
IM-2026040261,2026-04-04 03:30:00,CUST-5197,AGT-230,78,3.8,Resolved,4,Positive,General Inquiry
IM-2026040262,2026-04-04 03:45:00,CUST-9828,AGT-211,103,24.6,Transferred,3,Positive,Billing & Payment
IM-2026040263,2026-04-04 03:45:00,CUST-8265,AGT-224,100,10.7,Resolved,5,Negative,Billing & Payment
IM-2026040264,2026-04-04 04:00:00,CUST-4094,AGT-234,87,8.3,Resolved,5,Negative,Billing & Payment
IM-2026040265,2026-04-04 04:30:00,CUST-7279,AGT-232,197,16.0,Resolved,4,Neutral,Network Outage
IM-2026040266,2026-04-04 04:30:00,CUST-8290,AGT-208,224,10.5,Transferred,5,Neutral,General Inquiry
IM-2026040267,2026-04-04 04:45:00,CUST-6277,AGT-217,47,11.3,Resolved,5,Neutral,Network Outage
IM-2026040268,2026-04-04 05:15:00,CUST-4728,AGT-227,249,11.3,Resolved,5,Positive,Billing & Payment
IM-2026040269,2026-04-04 05:15:00,CUST-5205,AGT-214,62,14.4,Resolved,5,Negative,General Inquiry
IM-2026040270,2026-04-04 05:15:00,CUST-3946,AGT-233,27,17.0,Resolved,5,Negative,Billing & Payment
IM-2026040271,2026-04-04 06:00:00,CUST-4920,AGT-205,69,8.4,Resolved,4,Positive,Billing & Payment
IM-2026040272,2026-04-04 06:15:00,CUST-2158,AGT-216,133,19.9,Transferred,5,Neutral,Billing & Payment
IM-2026040273,2026-04-04 06:30:00,CUST-5723,AGT-214,20,10.6,Resolved,5,Positive,Technical Support
IM-2026040274,2026-04-04 06:30:00,CUST-2144,AGT-212,44,14.7,Resolved,5,Positive,Billing & Payment
IM-2026040275,2026-04-04 06:30:00,CUST-2369,AGT-222,161,17.6,Resolved,5,Positive,Account Management
IM-2026040276,2026-04-04 07:00:00,CUST-7621,AGT-230,143,2.0,Resolved,4,Positive,Billing & Payment
IM-2026040277,2026-04-04 07:00:00,CUST-9464,AGT-207,159,9.1,Transferred,4,Positive,Account Management
IM-2026040278,2026-04-04 07:00:00,CUST-2522,AGT-221,71,18.1,Unresolved,5,Positive,Technical Support
IM-2026040279,2026-04-04 07:15:00,CUST-5904,AGT-228,45,7.0,Resolved,3,Neutral,Network Outage
IM-2026040280,2026-04-04 07:15:00,CUST-9945,AGT-207,144,13.0,Resolved,4,Positive,Billing & Payment
IM-2026040281,2026-04-04 07:15:00,CUST-4603,AGT-220,119,13.8,Resolved,5,Positive,General Inquiry
IM-2026040282,2026-04-04 07:45:00,CUST-3886,AGT-232,35,5.3,Resolved,3,Positive,Technical Support
IM-2026040283,2026-04-04 07:45:00,CUST-2362,AGT-230,84,6.7,Resolved,4,Positive,Technical Support
IM-2026040284,2026-04-04 07:45:00,CUST-8201,AGT-234,78,10.9,Resolved,4,Positive,Billing & Payment
IM-2026040285,2026-04-04 08:00:00,CUST-8750,AGT-207,50,8.5,Resolved,5,Positive,General Inquiry
IM-2026040286,2026-04-04 08:15:00,CUST-6483,AGT-224,92,15.9,Resolved,5,Positive,Account Management
IM-2026040287,2026-04-04 08:15:00,CUST-6101,AGT-210,27,6.8,Resolved,4,Positive,Billing & Payment
IM-2026040288,2026-04-04 09:15:00,CUST-8313,AGT-221,54,11.1,Resolved,5,Positive,Account Management
IM-2026040289,2026-04-04 09:15:00,CUST-7255,AGT-216,587,11.6,Resolved,1,Neutral,Technical Support
IM-2026040290,2026-04-04 09:30:00,CUST-6140,AGT-221,51,8.9,Resolved,5,Neutral,Network Outage
IM-2026040291,2026-04-04 10:30:00,CUST-9625,AGT-212,204,10.8,Resolved,4,Positive,Network Outage
IM-2026040292,2026-04-04 10:45:00,CUST-3196,AGT-220,76,7.8,Resolved,3,Positive,General Inquiry
IM-2026040293,2026-04-04 11:15:00,CUST-8641,AGT-213,55,9.9,Resolved,5,Positive,Network Outage
IM-2026040294,2026-04-04 11:30:00,CUST-2902,AGT-212,49,7.5,Unresolved,5,Positive,Technical Support
IM-2026040295,2026-04-04 11:45:00,CUST-4714,AGT-228,60,15.6,Resolved,5,Positive,Technical Support
IM-2026040296,2026-04-04 11:45:00,CUST-5606,AGT-228,34,18.2,Unresolved,5,Positive,Network Outage
IM-2026040297,2026-04-04 12:00:00,CUST-3906,AGT-219,300,14.7,Transferred,3,Positive,Account Management
IM-2026040298,2026-04-04 12:00:00,CUST-6984,AGT-224,125,18.9,Resolved,4,Neutral,Billing & Payment
IM-2026040299,2026-04-04 12:15:00,CUST-2436,AGT-231,148,17.2,Resolved,5,Positive,Technical Support
IM-2026040300,2026-04-04 12:30:00,CUST-8612,AGT-211,241,5.5,Resolved,4,Neutral,Technical Support
IM-2026040301,2026-04-04 12:30:00,CUST-1160,AGT-219,16,14.1,Resolved,4,Positive,Billing & Payment
IM-2026040302,2026-04-04 12:45:00,CUST-6888,AGT-207,76,6.9,Unresolved,3,Neutral,Billing & Payment
IM-2026040303,2026-04-04 12:45:00,CUST-4501,AGT-208,28,6.3,Resolved,4,Positive,Account Management
IM-2026040304,2026-04-04 12:45:00,CUST-6719,AGT-205,24,15.7,Resolved,5,Positive,Technical Support
IM-2026040305,2026-04-04 13:15:00,CUST-8072,AGT-233,77,13.1,Resolved,4,Positive,Billing & Payment
IM-2026040306,2026-04-04 13:45:00,CUST-2057,AGT-224,31,9.4,Unresolved,5,Positive,General Inquiry
IM-2026040307,2026-04-04 14:30:00,CUST-2491,AGT-230,24,10.3,Resolved,4,Positive,Technical Support
IM-2026040308,2026-04-04 15:00:00,CUST-7773,AGT-226,95,13.4,Resolved,5,Positive,Billing & Payment
IM-2026040309,2026-04-04 15:15:00,CUST-1575,AGT-207,71,17.4,Unresolved,4,Positive,Technical Support
IM-2026040310,2026-04-04 15:30:00,CUST-8280,AGT-206,21,12.9,Resolved,4,Positive,Billing & Payment
IM-2026040311,2026-04-04 15:30:00,CUST-6404,AGT-229,25,7.2,Resolved,4,Positive,Network Outage
IM-2026040312,2026-04-04 15:45:00,CUST-2533,AGT-231,107,9.3,Resolved,4,Neutral,Technical Support
IM-2026040313,2026-04-04 15:45:00,CUST-4766,AGT-233,232,7.3,Resolved,5,Neutral,General Inquiry
IM-2026040314,2026-04-04 16:00:00,CUST-1845,AGT-225,119,7.4,Resolved,3,Positive,Technical Support
IM-2026040315,2026-04-04 17:15:00,CUST-6668,AGT-206,108,18.9,Resolved,4,Positive,Account Management
IM-2026040316,2026-04-04 18:15:00,CUST-8838,AGT-208,51,8.4,Resolved,5,Positive,Account Management
IM-2026040317,2026-04-04 18:30:00,CUST-5594,AGT-204,59,19.0,Resolved,3,Negative,Network Outage
IM-2026040318,2026-04-04 18:30:00,CUST-7382,AGT-223,26,11.6,Resolved,5,Neutral,Technical Support
IM-2026040319,2026-04-04 18:45:00,CUST-2768,AGT-217,64,4.5,Resolved,3,Negative,Account Management
IM-2026040320,2026-04-04 19:00:00,CUST-4997,AGT-211,40,12.3,Resolved,5,Neutral,Technical Support
IM-2026040321,2026-04-04 19:30:00,CUST-8715,AGT-223,106,2.0,Resolved,4,Positive,Billing & Payment
IM-2026040322,2026-04-04 20:30:00,CUST-3632,AGT-221,86,16.4,Resolved,4,Negative,Technical Support
IM-2026040323,2026-04-04 20:30:00,CUST-9432,AGT-226,84,9.4,Unresolved,5,Negative,Billing & Payment
IM-2026040324,2026-04-04 20:30:00,CUST-8483,AGT-220,53,4.7,Resolved,4,Neutral,Technical Support
IM-2026040325,2026-04-04 20:45:00,CUST-4935,AGT-220,24,2.0,Resolved,3,Positive,Billing & Payment
IM-2026040326,2026-04-04 20:45:00,CUST-9876,AGT-234,233,8.3,Resolved,3,Positive,Network Outage
IM-2026040327,2026-04-04 20:45:00,CUST-4192,AGT-226,55,9.8,Resolved,5,Positive,General Inquiry
IM-2026040328,2026-04-04 21:00:00,CUST-9365,AGT-234,55,7.5,Unresolved,4,Positive,Account Management
IM-2026040329,2026-04-04 21:45:00,CUST-9787,AGT-205,106,7.5,Resolved,3,Positive,Billing & Payment
IM-2026040330,2026-04-04 22:00:00,CUST-5521,AGT-220,55,9.1,Resolved,5,Positive,Account Management
IM-2026040331,2026-04-04 22:45:00,CUST-5574,AGT-209,262,20.4,Resolved,5,Neutral,General Inquiry
IM-2026040332,2026-04-04 22:45:00,CUST-9008,AGT-201,59,2.0,Unresolved,4,Neutral,Account Management
IM-2026040333,2026-04-04 23:15:00,CUST-3844,AGT-205,59,11.9,Resolved,5,Positive,Account Management
IM-2026040334,2026-04-04 23:15:00,CUST-7084,AGT-229,66,13.4,Resolved,5,Positive,Billing & Payment
IM-2026040335,2026-04-05 01:00:00,CUST-4490,AGT-217,135,11.6,Resolved,5,Positive,Technical Support
IM-2026040336,2026-04-05 01:00:00,CUST-3825,AGT-231,371,10.3,Resolved,1,Negative,Network Outage
IM-2026040337,2026-04-05 01:15:00,CUST-3545,AGT-234,34,11.6,Resolved,3,Neutral,Account Management
IM-2026040338,2026-04-05 01:30:00,CUST-9174,AGT-229,125,16.3,Resolved,3,Positive,Technical Support
IM-2026040339,2026-04-05 01:45:00,CUST-4213,AGT-207,38,23.1,Unresolved,5,Positive,Account Management
IM-2026040340,2026-04-05 01:45:00,CUST-2120,AGT-223,49,11.1,Unresolved,4,Positive,Billing & Payment
IM-2026040341,2026-04-05 01:45:00,CUST-4527,AGT-203,193,11.4,Resolved,5,Positive,Technical Support
IM-2026040342,2026-04-05 02:00:00,CUST-7990,AGT-215,60,11.9,Resolved,4,Negative,Account Management
IM-2026040343,2026-04-05 02:00:00,CUST-2307,AGT-232,181,12.8,Resolved,5,Positive,Technical Support
IM-2026040344,2026-04-05 02:30:00,CUST-1484,AGT-221,172,14.4,Resolved,5,Neutral,Technical Support
IM-2026040345,2026-04-05 03:00:00,CUST-9265,AGT-232,75,10.2,Resolved,5,Neutral,Network Outage
IM-2026040346,2026-04-05 03:30:00,CUST-8163,AGT-233,188,10.7,Resolved,4,Positive,Billing & Payment
IM-2026040347,2026-04-05 03:30:00,CUST-1201,AGT-221,16,10.6,Resolved,4,Positive,Account Management
IM-2026040348,2026-04-05 03:30:00,CUST-3159,AGT-218,103,8.2,Resolved,5,Positive,Network Outage
IM-2026040349,2026-04-05 04:00:00,CUST-9250,AGT-212,113,11.6,Resolved,3,Neutral,Technical Support
IM-2026040350,2026-04-05 04:00:00,CUST-7420,AGT-208,158,16.3,Resolved,3,Neutral,Technical Support
IM-2026040351,2026-04-05 04:30:00,CUST-3355,AGT-214,121,13.2,Unresolved,4,Positive,Account Management
IM-2026040352,2026-04-05 04:30:00,CUST-7409,AGT-217,31,11.5,Unresolved,4,Positive,Account Management
IM-2026040353,2026-04-05 04:45:00,CUST-1553,AGT-204,146,15.8,Resolved,5,Neutral,Account Management
IM-2026040354,2026-04-05 04:45:00,CUST-5958,AGT-201,177,10.9,Resolved,5,Neutral,Account Management
IM-2026040355,2026-04-05 05:00:00,CUST-1862,AGT-210,22,13.7,Transferred,5,Positive,Billing & Payment
IM-2026040356,2026-04-05 05:00:00,CUST-9113,AGT-202,33,20.4,Resolved,5,Positive,Technical Support
IM-2026040357,2026-04-05 05:15:00,CUST-8298,AGT-209,54,15.3,Resolved,4,Positive,Account Management
IM-2026040358,2026-04-05 05:30:00,CUST-5780,AGT-231,119,18.9,Resolved,5,Negative,General Inquiry
IM-2026040359,2026-04-05 05:45:00,CUST-8051,AGT-223,33,16.8,Unresolved,5,Neutral,Billing & Payment
IM-2026040360,2026-04-05 05:45:00,CUST-4288,AGT-209,125,8.4,Resolved,5,Negative,Network Outage
IM-2026040361,2026-04-05 06:00:00,CUST-1411,AGT-215,80,13.3,Unresolved,4,Positive,Billing & Payment
IM-2026040362,2026-04-05 06:15:00,CUST-1803,AGT-205,83,8.7,Resolved,4,Positive,Account Management
IM-2026040363,2026-04-05 06:30:00,CUST-5182,AGT-201,107,11.8,Resolved,3,Positive,Account Management
IM-2026040364,2026-04-05 07:00:00,CUST-6184,AGT-212,46,18.9,Resolved,4,Neutral,Billing & Payment
IM-2026040365,2026-04-05 07:00:00,CUST-6819,AGT-206,33,12.8,Resolved,5,Positive,Billing & Payment
IM-2026040366,2026-04-05 07:15:00,CUST-8629,AGT-232,218,15.5,Resolved,5,Neutral,Technical Support
IM-2026040367,2026-04-05 07:15:00,CUST-5872,AGT-228,140,11.3,Resolved,4,Positive,Network Outage
IM-2026040368,2026-04-05 07:30:00,CUST-4680,AGT-221,22,15.0,Resolved,3,Neutral,Billing & Payment
IM-2026040369,2026-04-05 08:15:00,CUST-1909,AGT-202,27,15.0,Resolved,5,Positive,Billing & Payment
IM-2026040370,2026-04-05 08:30:00,CUST-6097,AGT-216,42,3.3,Resolved,5,Neutral,Network Outage
IM-2026040371,2026-04-05 08:30:00,CUST-5568,AGT-221,111,12.2,Resolved,4,Positive,Account Management
IM-2026040372,2026-04-05 08:30:00,CUST-8771,AGT-210,133,13.9,Resolved,5,Positive,Network Outage
IM-2026040373,2026-04-05 08:30:00,CUST-7034,AGT-228,56,5.0,Unresolved,5,Positive,Billing & Payment
IM-2026040374,2026-04-05 09:00:00,CUST-8890,AGT-201,70,11.7,Resolved,4,Neutral,Network Outage
IM-2026040375,2026-04-05 09:00:00,CUST-2468,AGT-225,34,15.8,Resolved,4,Neutral,Network Outage
IM-2026040376,2026-04-05 09:15:00,CUST-5854,AGT-204,55,8.4,Resolved,5,Positive,Network Outage
IM-2026040377,2026-04-05 10:00:00,CUST-2591,AGT-218,201,6.2,Resolved,5,Positive,Billing & Payment
IM-2026040378,2026-04-05 10:15:00,CUST-9058,AGT-209,169,12.3,Unresolved,4,Neutral,Technical Support
IM-2026040379,2026-04-05 10:30:00,CUST-9301,AGT-202,15,14.0,Resolved,5,Negative,Network Outage
IM-2026040380,2026-04-05 10:30:00,CUST-7668,AGT-203,38,5.4,Unresolved,5,Positive,Technical Support
IM-2026040381,2026-04-05 11:00:00,CUST-3519,AGT-206,94,7.3,Resolved,5,Positive,Technical Support
IM-2026040382,2026-04-05 11:30:00,CUST-3930,AGT-234,266,13.3,Resolved,4,Negative,Technical Support
IM-2026040383,2026-04-05 11:30:00,CUST-5357,AGT-219,70,13.8,Resolved,4,Neutral,Technical Support
IM-2026040384,2026-04-05 11:30:00,CUST-2697,AGT-210,38,24.7,Unresolved,5,Positive,Account Management
IM-2026040385,2026-04-05 12:00:00,CUST-5166,AGT-220,59,15.5,Resolved,4,Negative,Account Management
IM-2026040386,2026-04-05 12:15:00,CUST-9817,AGT-215,18,8.2,Resolved,4,Negative,Account Management
IM-2026040387,2026-04-05 12:30:00,CUST-3781,AGT-215,150,9.3,Resolved,5,Positive,Billing & Payment
IM-2026040388,2026-04-05 12:30:00,CUST-9547,AGT-211,58,12.9,Unresolved,5,Neutral,Billing & Payment
IM-2026040389,2026-04-05 12:45:00,CUST-1163,AGT-211,16,10.4,Resolved,4,Positive,Technical Support
IM-2026040390,2026-04-05 13:00:00,CUST-4590,AGT-214,101,9.0,Resolved,4,Positive,Account Management
IM-2026040391,2026-04-05 13:15:00,CUST-5704,AGT-230,108,13.2,Resolved,3,Negative,General Inquiry
IM-2026040392,2026-04-05 14:45:00,CUST-8407,AGT-234,59,15.4,Resolved,4,Positive,Technical Support
IM-2026040393,2026-04-05 14:45:00,CUST-2015,AGT-216,303,11.0,Resolved,1,Negative,Billing & Payment
IM-2026040394,2026-04-05 14:45:00,CUST-7658,AGT-208,206,19.0,Resolved,5,Positive,Billing & Payment
IM-2026040395,2026-04-05 14:45:00,CUST-6961,AGT-222,123,15.8,Resolved,5,Positive,Technical Support
IM-2026040396,2026-04-05 14:45:00,CUST-9843,AGT-233,127,3.4,Unresolved,4,Positive,Account Management
IM-2026040397,2026-04-05 15:15:00,CUST-2944,AGT-234,193,13.2,Resolved,5,Positive,Account Management
IM-2026040398,2026-04-05 15:45:00,CUST-2353,AGT-201,120,10.6,Unresolved,4,Neutral,Technical Support
IM-2026040399,2026-04-05 15:45:00,CUST-2484,AGT-227,37,23.6,Resolved,3,Positive,Technical Support
IM-2026040400,2026-04-05 16:30:00,CUST-6866,AGT-210,83,7.9,Resolved,4,Positive,Technical Support
IM-2026040401,2026-04-05 16:30:00,CUST-2399,AGT-231,46,11.3,Resolved,3,Positive,Technical Support
IM-2026040402,2026-04-05 17:00:00,CUST-4369,AGT-214,23,17.9,Resolved,5,Negative,Network Outage
IM-2026040403,2026-04-05 17:15:00,CUST-9452,AGT-232,50,12.5,Resolved,5,Positive,Billing & Payment
IM-2026040404,2026-04-05 17:30:00,CUST-8311,AGT-226,104,10.6,Unresolved,4,Neutral,Billing & Payment
IM-2026040405,2026-04-05 18:15:00,CUST-9826,AGT-229,76,6.8,Resolved,5,Positive,Billing & Payment
IM-2026040406,2026-04-05 18:15:00,CUST-5887,AGT-214,135,10.8,Resolved,4,Positive,Billing & Payment
IM-2026040407,2026-04-05 18:30:00,CUST-3235,AGT-209,375,19.0,Resolved,1,Neutral,Technical Support
IM-2026040408,2026-04-05 18:30:00,CUST-7609,AGT-207,40,4.8,Unresolved,5,Neutral,Technical Support
IM-2026040409,2026-04-05 18:45:00,CUST-7018,AGT-206,92,14.6,Unresolved,4,Negative,Technical Support
IM-2026040410,2026-04-05 19:00:00,CUST-8084,AGT-229,30,15.0,Unresolved,4,Positive,Network Outage
IM-2026040411,2026-04-05 19:15:00,CUST-5703,AGT-212,28,10.0,Transferred,5,Positive,Billing & Payment
IM-2026040412,2026-04-05 19:30:00,CUST-3418,AGT-228,43,9.0,Resolved,4,Positive,Billing & Payment
IM-2026040413,2026-04-05 19:30:00,CUST-5549,AGT-213,281,10.3,Resolved,5,Positive,Network Outage
IM-2026040414,2026-04-05 19:45:00,CUST-4879,AGT-202,368,8.1,Transferred,1,Negative,Technical Support
IM-2026040415,2026-04-05 20:15:00,CUST-1929,AGT-230,67,8.2,Resolved,4,Positive,Technical Support
IM-2026040416,2026-04-05 20:30:00,CUST-7671,AGT-220,18,16.4,Resolved,4,Negative,Billing & Payment
IM-2026040417,2026-04-05 20:45:00,CUST-8283,AGT-222,30,16.3,Unresolved,5,Neutral,Technical Support
IM-2026040418,2026-04-05 21:00:00,CUST-3645,AGT-207,137,13.8,Resolved,4,Neutral,Billing & Payment
IM-2026040419,2026-04-05 21:15:00,CUST-7749,AGT-230,25,17.1,Unresolved,5,Neutral,General Inquiry
IM-2026040420,2026-04-05 21:45:00,CUST-1542,AGT-202,345,21.8,Resolved,1,Negative,Technical Support
IM-2026040421,2026-04-05 21:45:00,CUST-4571,AGT-230,51,13.1,Transferred,5,Neutral,Technical Support
IM-2026040422,2026-04-05 22:00:00,CUST-6349,AGT-202,25,4.8,Resolved,5,Neutral,Account Management
IM-2026040423,2026-04-05 22:15:00,CUST-6493,AGT-203,40,17.2,Resolved,5,Neutral,Technical Support
IM-2026040424,2026-04-05 22:30:00,CUST-6905,AGT-206,17,11.0,Resolved,4,Positive,Billing & Payment
IM-2026040425,2026-04-05 22:45:00,CUST-5966,AGT-208,122,16.3,Transferred,4,Neutral,Technical Support
IM-2026040426,2026-04-05 22:45:00,CUST-3560,AGT-201,17,7.4,Resolved,4,Negative,Account Management
IM-2026040427,2026-04-05 23:00:00,CUST-9736,AGT-208,44,12.7,Resolved,3,Positive,Technical Support
IM-2026040428,2026-04-05 23:15:00,CUST-1693,AGT-228,22,10.4,Resolved,4,Neutral,Technical Support
IM-2026040429,2026-04-05 23:45:00,CUST-9567,AGT-225,21,4.1,Resolved,5,Negative,Network Outage
IM-2026040430,2026-04-06 00:00:00,CUST-1913,AGT-229,100,13.8,Transferred,5,Neutral,Account Management
IM-2026040431,2026-04-06 00:00:00,CUST-3570,AGT-226,366,2.0,Resolved,2,Negative,Network Outage
IM-2026040432,2026-04-06 00:15:00,CUST-8453,AGT-201,50,11.3,Resolved,3,Neutral,Network Outage
IM-2026040433,2026-04-06 01:00:00,CUST-1434,AGT-225,57,11.6,Resolved,5,Negative,Billing & Payment
IM-2026040434,2026-04-06 01:00:00,CUST-2093,AGT-204,84,12.7,Resolved,4,Positive,Account Management
IM-2026040435,2026-04-06 01:00:00,CUST-9599,AGT-213,35,2.0,Resolved,4,Negative,Technical Support
IM-2026040436,2026-04-06 01:30:00,CUST-1620,AGT-234,217,7.6,Transferred,4,Positive,Technical Support
IM-2026040437,2026-04-06 01:45:00,CUST-5671,AGT-230,54,21.9,Resolved,4,Positive,Account Management
IM-2026040438,2026-04-06 01:45:00,CUST-4205,AGT-213,34,20.7,Resolved,5,Neutral,Technical Support
IM-2026040439,2026-04-06 02:30:00,CUST-6262,AGT-226,176,13.5,Resolved,3,Neutral,Billing & Payment
IM-2026040440,2026-04-06 02:30:00,CUST-3324,AGT-208,271,11.9,Transferred,5,Positive,Network Outage
IM-2026040441,2026-04-06 02:45:00,CUST-1227,AGT-217,189,11.5,Resolved,5,Positive,Technical Support
IM-2026040442,2026-04-06 03:45:00,CUST-8649,AGT-208,176,16.3,Resolved,4,Positive,Billing & Payment
IM-2026040443,2026-04-06 03:45:00,CUST-5954,AGT-232,84,10.8,Resolved,5,Neutral,General Inquiry
IM-2026040444,2026-04-06 04:00:00,CUST-3438,AGT-202,348,12.6,Transferred,3,Positive,Technical Support
IM-2026040445,2026-04-06 04:15:00,CUST-7066,AGT-221,40,12.5,Resolved,5,Positive,Billing & Payment
IM-2026040446,2026-04-06 04:30:00,CUST-4796,AGT-206,32,9.7,Resolved,5,Positive,Account Management
IM-2026040447,2026-04-06 05:00:00,CUST-8378,AGT-226,170,7.1,Resolved,4,Positive,Technical Support
IM-2026040448,2026-04-06 05:15:00,CUST-6017,AGT-226,309,16.9,Unresolved,2,Positive,Network Outage
IM-2026040449,2026-04-06 05:30:00,CUST-9551,AGT-222,59,18.0,Resolved,4,Positive,Billing & Payment
IM-2026040450,2026-04-06 06:00:00,CUST-3768,AGT-205,121,17.5,Resolved,4,Positive,Billing & Payment
IM-2026040451,2026-04-06 06:15:00,CUST-5274,AGT-209,119,17.4,Resolved,5,Positive,Account Management
IM-2026040452,2026-04-06 06:15:00,CUST-7322,AGT-226,53,20.3,Resolved,4,Negative,Network Outage
IM-2026040453,2026-04-06 06:30:00,CUST-4173,AGT-202,81,12.7,Resolved,5,Negative,Technical Support
IM-2026040454,2026-04-06 06:30:00,CUST-2014,AGT-205,105,17.0,Resolved,5,Negative,Account Management
IM-2026040455,2026-04-06 06:45:00,CUST-9778,AGT-209,167,16.3,Resolved,3,Negative,Technical Support
IM-2026040456,2026-04-06 06:45:00,CUST-1554,AGT-209,63,15.8,Resolved,4,Positive,Account Management
IM-2026040457,2026-04-06 07:15:00,CUST-3347,AGT-223,29,6.2,Resolved,3,Negative,Technical Support
IM-2026040458,2026-04-06 07:45:00,CUST-5464,AGT-230,65,2.9,Resolved,5,Positive,Billing & Payment
IM-2026040459,2026-04-06 08:00:00,CUST-4450,AGT-204,227,8.5,Resolved,5,Neutral,Network Outage
IM-2026040460,2026-04-06 08:30:00,CUST-9890,AGT-226,251,8.9,Resolved,4,Negative,Account Management
IM-2026040461,2026-04-06 08:30:00,CUST-8732,AGT-222,102,3.6,Transferred,5,Positive,Technical Support
IM-2026040462,2026-04-06 08:45:00,CUST-4529,AGT-201,141,7.8,Resolved,5,Negative,Technical Support
IM-2026040463,2026-04-06 09:30:00,CUST-5350,AGT-207,18,18.5,Unresolved,5,Positive,Network Outage
IM-2026040464,2026-04-06 10:15:00,CUST-8247,AGT-233,142,8.3,Resolved,3,Positive,Account Management
IM-2026040465,2026-04-06 10:15:00,CUST-1094,AGT-233,237,10.0,Resolved,4,Positive,Network Outage
IM-2026040466,2026-04-06 10:45:00,CUST-8657,AGT-202,40,4.5,Resolved,5,Neutral,Account Management
IM-2026040467,2026-04-06 11:00:00,CUST-3590,AGT-222,32,9.4,Resolved,3,Negative,Account Management
IM-2026040468,2026-04-06 11:00:00,CUST-6717,AGT-220,52,2.0,Resolved,5,Neutral,Technical Support
IM-2026040469,2026-04-06 11:15:00,CUST-2041,AGT-222,222,17.7,Resolved,5,Neutral,Billing & Payment
IM-2026040470,2026-04-06 11:30:00,CUST-4428,AGT-201,145,5.4,Resolved,5,Neutral,General Inquiry
IM-2026040471,2026-04-06 12:00:00,CUST-6043,AGT-218,215,18.0,Resolved,5,Neutral,Technical Support
IM-2026040472,2026-04-06 12:15:00,CUST-3732,AGT-228,83,12.6,Unresolved,5,Neutral,Account Management
IM-2026040473,2026-04-06 12:15:00,CUST-5862,AGT-220,201,8.0,Resolved,4,Positive,Billing & Payment
IM-2026040474,2026-04-06 12:30:00,CUST-2554,AGT-232,58,10.1,Resolved,5,Positive,Network Outage
IM-2026040475,2026-04-06 13:00:00,CUST-2552,AGT-234,43,14.2,Resolved,5,Positive,Account Management
IM-2026040476,2026-04-06 13:30:00,CUST-6831,AGT-212,167,18.9,Resolved,3,Positive,Billing & Payment
IM-2026040477,2026-04-06 14:15:00,CUST-6207,AGT-206,32,10.8,Resolved,4,Positive,Network Outage
IM-2026040478,2026-04-06 14:30:00,CUST-2573,AGT-211,15,9.1,Resolved,4,Neutral,Billing & Payment
IM-2026040479,2026-04-06 14:30:00,CUST-5374,AGT-221,288,15.7,Transferred,5,Neutral,Account Management
IM-2026040480,2026-04-06 14:45:00,CUST-1583,AGT-214,56,3.3,Resolved,5,Neutral,Billing & Payment
IM-2026040481,2026-04-06 15:00:00,CUST-3220,AGT-204,95,6.1,Resolved,4,Neutral,Billing & Payment
IM-2026040482,2026-04-06 15:30:00,CUST-8342,AGT-231,102,8.9,Resolved,4,Positive,Billing & Payment
IM-2026040483,2026-04-06 15:45:00,CUST-3297,AGT-213,154,12.8,Resolved,4,Neutral,Technical Support
IM-2026040484,2026-04-06 16:45:00,CUST-2925,AGT-214,307,18.2,Unresolved,1,Negative,Technical Support
IM-2026040485,2026-04-06 16:45:00,CUST-9437,AGT-210,112,5.3,Resolved,3,Neutral,Billing & Payment
IM-2026040486,2026-04-06 16:45:00,CUST-4625,AGT-230,82,19.6,Resolved,4,Positive,Billing & Payment
IM-2026040487,2026-04-06 17:15:00,CUST-3909,AGT-227,313,11.2,Unresolved,2,Negative,Technical Support
IM-2026040488,2026-04-06 17:15:00,CUST-2685,AGT-234,144,14.1,Resolved,5,Positive,Technical Support
IM-2026040489,2026-04-06 17:30:00,CUST-5951,AGT-222,46,7.0,Unresolved,4,Neutral,General Inquiry
IM-2026040490,2026-04-06 17:30:00,CUST-7881,AGT-211,186,9.3,Resolved,5,Positive,Account Management
IM-2026040491,2026-04-06 17:30:00,CUST-4134,AGT-210,98,11.6,Resolved,5,Neutral,Technical Support
IM-2026040492,2026-04-06 17:45:00,CUST-1948,AGT-221,81,7.4,Resolved,5,Positive,Account Management
IM-2026040493,2026-04-06 18:15:00,CUST-2532,AGT-221,61,16.7,Transferred,5,Positive,Network Outage
IM-2026040494,2026-04-06 18:30:00,CUST-3598,AGT-213,72,17.7,Unresolved,4,Positive,Technical Support
IM-2026040495,2026-04-06 19:30:00,CUST-2835,AGT-206,36,20.8,Resolved,5,Positive,Billing & Payment
IM-2026040496,2026-04-06 19:45:00,CUST-5418,AGT-212,96,15.2,Resolved,5,Neutral,Billing & Payment
IM-2026040497,2026-04-06 19:45:00,CUST-1419,AGT-219,38,11.4,Transferred,5,Positive,Billing & Payment
IM-2026040498,2026-04-06 19:45:00,CUST-2984,AGT-218,192,11.8,Resolved,4,Negative,Network Outage
IM-2026040499,2026-04-06 19:45:00,CUST-7714,AGT-212,41,12.3,Resolved,4,Neutral,Technical Support
IM-2026040500,2026-04-06 20:15:00,CUST-9120,AGT-204,80,26.0,Resolved,5,Neutral,Billing & Payment
IM-2026040501,2026-04-06 20:15:00,CUST-7711,AGT-224,103,13.4,Resolved,4,Positive,Technical Support
IM-2026040502,2026-04-06 20:30:00,CUST-2037,AGT-217,100,14.7,Resolved,4,Neutral,Account Management
IM-2026040503,2026-04-06 20:30:00,CUST-2405,AGT-207,103,7.5,Resolved,5,Positive,General Inquiry
IM-2026040504,2026-04-06 20:30:00,CUST-3751,AGT-217,49,7.9,Resolved,5,Positive,Account Management
IM-2026040505,2026-04-06 20:45:00,CUST-4223,AGT-202,45,7.4,Resolved,4,Positive,Network Outage
IM-2026040506,2026-04-06 21:00:00,CUST-2042,AGT-233,57,8.7,Resolved,4,Positive,Account Management
IM-2026040507,2026-04-06 21:00:00,CUST-1014,AGT-211,238,7.7,Resolved,4,Positive,Billing & Payment
IM-2026040508,2026-04-06 21:15:00,CUST-2686,AGT-226,134,8.2,Resolved,3,Positive,Network Outage
IM-2026040509,2026-04-06 21:15:00,CUST-1097,AGT-212,92,16.8,Unresolved,5,Positive,Billing & Payment
IM-2026040510,2026-04-06 21:45:00,CUST-2041,AGT-202,34,13.8,Resolved,5,Positive,General Inquiry
IM-2026040511,2026-04-06 22:00:00,CUST-8089,AGT-212,203,8.9,Resolved,5,Neutral,Network Outage
IM-2026040512,2026-04-06 22:45:00,CUST-2767,AGT-234,80,15.7,Resolved,5,Positive,Network Outage
IM-2026040513,2026-04-06 22:45:00,CUST-1749,AGT-205,161,12.7,Resolved,5,Neutral,Billing & Payment
IM-2026040514,2026-04-06 23:00:00,CUST-1195,AGT-203,332,4.6,Transferred,1,Neutral,Technical Support
IM-2026040515,2026-04-06 23:15:00,CUST-4511,AGT-203,21,2.0,Resolved,5,Positive,Billing & Payment
IM-2026040516,2026-04-06 23:15:00,CUST-3210,AGT-217,93,6.4,Resolved,5,Negative,General Inquiry
IM-2026040517,2026-04-06 23:30:00,CUST-5637,AGT-229,45,10.9,Resolved,3,Positive,Technical Support
IM-2026040518,2026-04-06 23:30:00,CUST-2891,AGT-209,67,9.5,Transferred,3,Neutral,General Inquiry
IM-2026040519,2026-04-07 00:15:00,CUST-6818,AGT-206,300,6.5,Resolved,5,Positive,Network Outage
IM-2026040520,2026-04-07 00:15:00,CUST-3352,AGT-216,124,20.7,Resolved,3,Positive,Billing & Payment
IM-2026040521,2026-04-07 00:30:00,CUST-9071,AGT-228,84,23.0,Resolved,5,Positive,Technical Support
IM-2026040522,2026-04-07 00:45:00,CUST-4624,AGT-209,79,18.0,Resolved,5,Positive,Account Management
IM-2026040523,2026-04-07 01:00:00,CUST-4140,AGT-210,396,17.1,Unresolved,1,Neutral,Account Management
IM-2026040524,2026-04-07 01:15:00,CUST-4810,AGT-201,465,15.0,Transferred,3,Negative,Technical Support
IM-2026040525,2026-04-07 01:45:00,CUST-1992,AGT-217,162,2.7,Resolved,4,Positive,Network Outage
IM-2026040526,2026-04-07 01:45:00,CUST-4129,AGT-227,330,9.3,Resolved,1,Neutral,Technical Support
IM-2026040527,2026-04-07 02:00:00,CUST-3254,AGT-202,384,11.3,Resolved,1,Neutral,Billing & Payment
IM-2026040528,2026-04-07 02:15:00,CUST-8398,AGT-220,539,7.7,Resolved,2,Neutral,Account Management
IM-2026040529,2026-04-07 02:30:00,CUST-8641,AGT-226,191,14.2,Resolved,5,Positive,General Inquiry
IM-2026040530,2026-04-07 02:30:00,CUST-8150,AGT-234,1003,13.9,Unresolved,1,Neutral,Billing & Payment
IM-2026040531,2026-04-07 03:00:00,CUST-5272,AGT-222,779,9.7,Transferred,1,Positive,Billing & Payment
IM-2026040532,2026-04-07 03:30:00,CUST-5057,AGT-211,808,12.3,Unresolved,2,Neutral,Technical Support
IM-2026040533,2026-04-07 04:00:00,CUST-8882,AGT-223,499,15.8,Resolved,1,Neutral,Account Management
IM-2026040534,2026-04-07 04:15:00,CUST-3981,AGT-202,162,11.3,Resolved,4,Positive,Technical Support
IM-2026040535,2026-04-07 04:15:00,CUST-4713,AGT-221,97,11.7,Unresolved,5,Positive,Account Management
IM-2026040536,2026-04-07 04:15:00,CUST-2782,AGT-215,73,14.2,Resolved,3,Negative,General Inquiry
IM-2026040537,2026-04-07 04:30:00,CUST-9075,AGT-215,719,23.7,Resolved,2,Negative,Technical Support
IM-2026040538,2026-04-07 05:00:00,CUST-9806,AGT-210,449,10.1,Resolved,2,Neutral,Network Outage
IM-2026040539,2026-04-07 05:15:00,CUST-2970,AGT-221,85,28.6,Resolved,5,Neutral,Technical Support
IM-2026040540,2026-04-07 05:30:00,CUST-3866,AGT-211,593,15.7,Resolved,2,Negative,Account Management
IM-2026040541,2026-04-07 05:30:00,CUST-7861,AGT-228,111,14.6,Resolved,4,Neutral,Billing & Payment
IM-2026040542,2026-04-07 06:15:00,CUST-4558,AGT-221,698,5.7,Unresolved,1,Negative,Technical Support
IM-2026040543,2026-04-07 06:30:00,CUST-5849,AGT-215,315,3.3,Resolved,2,Positive,Account Management
IM-2026040544,2026-04-07 07:15:00,CUST-8092,AGT-234,484,17.2,Transferred,2,Negative,General Inquiry
IM-2026040545,2026-04-07 07:30:00,CUST-2795,AGT-210,202,14.8,Resolved,5,Neutral,Account Management
IM-2026040546,2026-04-07 07:30:00,CUST-6983,AGT-206,178,13.9,Unresolved,5,Neutral,Network Outage
IM-2026040547,2026-04-07 07:30:00,CUST-4623,AGT-207,189,11.7,Resolved,4,Positive,Billing & Payment
IM-2026040548,2026-04-07 07:45:00,CUST-7504,AGT-205,129,18.0,Resolved,5,Positive,Billing & Payment
IM-2026040549,2026-04-07 08:00:00,CUST-4584,AGT-208,124,12.1,Resolved,5,Positive,Technical Support
IM-2026040550,2026-04-07 08:30:00,CUST-3215,AGT-210,333,9.5,Resolved,2,Negative,Network Outage
IM-2026040551,2026-04-07 08:30:00,CUST-4411,AGT-207,180,4.5,Resolved,5,Positive,Account Management
IM-2026040552,2026-04-07 08:30:00,CUST-8872,AGT-216,1059,14.0,Unresolved,2,Negative,Technical Support
IM-2026040553,2026-04-07 08:45:00,CUST-7628,AGT-213,1139,3.6,Resolved,1,Negative,Technical Support
IM-2026040554,2026-04-07 09:15:00,CUST-6404,AGT-229,668,9.0,Unresolved,1,Negative,Technical Support
IM-2026040555,2026-04-07 09:45:00,CUST-9614,AGT-230,898,15.8,Unresolved,1,Negative,Account Management
IM-2026040556,2026-04-07 10:15:00,CUST-9264,AGT-219,75,14.7,Resolved,4,Positive,Billing & Payment
IM-2026040557,2026-04-07 10:15:00,CUST-9503,AGT-229,609,25.5,Resolved,1,Neutral,Technical Support
IM-2026040558,2026-04-07 10:30:00,CUST-3366,AGT-216,133,9.2,Resolved,5,Positive,Network Outage
IM-2026040559,2026-04-07 11:30:00,CUST-5691,AGT-222,610,16.8,Transferred,2,Negative,Account Management
IM-2026040560,2026-04-07 11:30:00,CUST-7107,AGT-216,171,17.3,Resolved,5,Positive,Technical Support
IM-2026040561,2026-04-07 11:45:00,CUST-9210,AGT-231,211,7.6,Resolved,5,Positive,Billing & Payment
IM-2026040562,2026-04-07 11:45:00,CUST-1589,AGT-207,239,19.0,Resolved,5,Negative,Technical Support
IM-2026040563,2026-04-07 12:30:00,CUST-5033,AGT-232,565,2.0,Transferred,1,Negative,Billing & Payment
IM-2026040564,2026-04-07 12:45:00,CUST-5015,AGT-213,389,19.6,Unresolved,1,Negative,Network Outage
IM-2026040565,2026-04-07 13:15:00,CUST-1153,AGT-206,172,8.6,Resolved,3,Negative,Billing & Payment
IM-2026040566,2026-04-07 13:15:00,CUST-6618,AGT-224,63,8.7,Resolved,4,Positive,Technical Support
IM-2026040567,2026-04-07 13:30:00,CUST-4461,AGT-214,81,13.6,Resolved,4,Positive,Billing & Payment
IM-2026040568,2026-04-07 14:00:00,CUST-1597,AGT-201,265,19.0,Resolved,5,Neutral,Billing & Payment
IM-2026040569,2026-04-07 14:00:00,CUST-9878,AGT-217,74,7.4,Resolved,5,Neutral,Account Management
IM-2026040570,2026-04-07 14:15:00,CUST-1363,AGT-228,120,19.6,Resolved,5,Positive,Technical Support
IM-2026040571,2026-04-07 14:30:00,CUST-1617,AGT-211,862,18.2,Unresolved,1,Negative,Account Management
IM-2026040572,2026-04-07 15:00:00,CUST-5879,AGT-213,226,10.0,Resolved,3,Negative,Technical Support
IM-2026040573,2026-04-07 15:15:00,CUST-8197,AGT-230,516,16.3,Resolved,1,Negative,Billing & Payment
IM-2026040574,2026-04-07 15:45:00,CUST-7137,AGT-222,187,6.7,Resolved,4,Neutral,Technical Support
IM-2026040575,2026-04-07 15:45:00,CUST-9872,AGT-208,213,18.3,Resolved,5,Neutral,Account Management
IM-2026040576,2026-04-07 16:00:00,CUST-1828,AGT-203,325,11.7,Resolved,1,Negative,Technical Support
IM-2026040577,2026-04-07 16:15:00,CUST-7785,AGT-227,1179,16.9,Resolved,1,Neutral,Technical Support
IM-2026040578,2026-04-07 16:15:00,CUST-3173,AGT-220,387,16.2,Resolved,1,Negative,Billing & Payment
IM-2026040579,2026-04-07 16:30:00,CUST-1001,AGT-214,142,12.8,Resolved,5,Neutral,Network Outage
IM-2026040580,2026-04-07 17:15:00,CUST-6053,AGT-213,271,17.0,Resolved,5,Neutral,Billing & Payment
IM-2026040581,2026-04-07 17:15:00,CUST-8445,AGT-210,161,20.8,Resolved,5,Positive,Technical Support
IM-2026040582,2026-04-07 17:30:00,CUST-7744,AGT-218,843,19.7,Resolved,1,Negative,Account Management
IM-2026040583,2026-04-07 17:30:00,CUST-1234,AGT-205,290,13.1,Resolved,4,Neutral,Technical Support
IM-2026040584,2026-04-07 18:00:00,CUST-9335,AGT-216,152,18.9,Resolved,4,Positive,Technical Support
IM-2026040585,2026-04-07 18:15:00,CUST-5734,AGT-221,595,10.1,Unresolved,2,Negative,Account Management
IM-2026040586,2026-04-07 18:15:00,CUST-6312,AGT-210,491,3.9,Unresolved,1,Neutral,Network Outage
IM-2026040587,2026-04-07 18:30:00,CUST-5452,AGT-232,60,11.5,Resolved,3,Positive,Account Management
IM-2026040588,2026-04-07 18:45:00,CUST-9412,AGT-202,55,20.4,Resolved,4,Positive,Technical Support
IM-2026040589,2026-04-07 18:45:00,CUST-2978,AGT-204,154,9.5,Resolved,4,Negative,Account Management
IM-2026040590,2026-04-07 18:45:00,CUST-8131,AGT-222,361,17.6,Resolved,1,Negative,Technical Support
IM-2026040591,2026-04-07 19:30:00,CUST-2665,AGT-207,138,14.8,Unresolved,4,Neutral,Network Outage
IM-2026040592,2026-04-07 19:30:00,CUST-2365,AGT-202,86,14.0,Resolved,5,Positive,Billing & Payment
IM-2026040593,2026-04-07 20:00:00,CUST-2521,AGT-234,566,5.9,Resolved,1,Neutral,Network Outage
IM-2026040594,2026-04-07 20:15:00,CUST-3823,AGT-205,216,17.0,Resolved,4,Positive,Billing & Payment
IM-2026040595,2026-04-07 20:15:00,CUST-9630,AGT-232,937,9.2,Transferred,1,Negative,Account Management
IM-2026040596,2026-04-07 20:15:00,CUST-9577,AGT-209,70,7.6,Resolved,4,Positive,Account Management
IM-2026040597,2026-04-07 20:30:00,CUST-4501,AGT-227,274,20.4,Resolved,5,Negative,Technical Support
IM-2026040598,2026-04-07 20:30:00,CUST-3039,AGT-218,274,4.6,Resolved,5,Neutral,Billing & Payment
IM-2026040599,2026-04-07 20:45:00,CUST-4541,AGT-233,47,2.0,Resolved,5,Positive,Technical Support
IM-2026040600,2026-04-07 21:00:00,CUST-3200,AGT-232,168,16.4,Resolved,4,Positive,General Inquiry
IM-2026040601,2026-04-07 21:15:00,CUST-2096,AGT-220,480,14.1,Resolved,1,Negative,Technical Support
IM-2026040602,2026-04-07 21:30:00,CUST-3871,AGT-210,803,11.4,Resolved,1,Neutral,Billing & Payment
IM-2026040603,2026-04-07 22:00:00,CUST-2857,AGT-214,100,16.5,Resolved,5,Positive,Account Management
IM-2026040604,2026-04-07 22:15:00,CUST-3305,AGT-204,624,13.1,Resolved,1,Negative,Billing & Payment
IM-2026040605,2026-04-07 23:15:00,CUST-4207,AGT-223,48,18.0,Resolved,5,Neutral,Technical Support
IM-2026040606,2026-04-07 23:15:00,CUST-8167,AGT-217,932,9.7,Resolved,2,Negative,Technical Support
IM-2026040607,2026-04-07 23:30:00,CUST-6774,AGT-212,715,10.6,Resolved,2,Negative,Technical Support
IM-2026040608,2026-04-07 23:30:00,CUST-9964,AGT-213,97,6.8,Resolved,3,Neutral,Technical Support
IM-2026040609,2026-04-07 23:45:00,CUST-6203,AGT-234,594,15.0,Transferred,2,Negative,Account Management
IM-2026040610,2026-04-08 00:00:00,CUST-3728,AGT-217,979,7.9,Unresolved,2,Neutral,General Inquiry
IM-2026040611,2026-04-08 00:15:00,CUST-8208,AGT-205,573,12.7,Resolved,2,Negative,Billing & Payment
IM-2026040612,2026-04-08 01:15:00,CUST-8548,AGT-233,205,12.1,Resolved,4,Positive,Billing & Payment
IM-2026040613,2026-04-08 02:00:00,CUST-2228,AGT-211,103,12.6,Resolved,5,Neutral,Billing & Payment
IM-2026040614,2026-04-08 02:00:00,CUST-3327,AGT-204,783,12.2,Resolved,2,Negative,Technical Support
IM-2026040615,2026-04-08 02:15:00,CUST-9323,AGT-209,85,19.3,Resolved,3,Positive,Account Management
IM-2026040616,2026-04-08 03:15:00,CUST-2785,AGT-218,506,11.0,Resolved,2,Neutral,Technical Support
IM-2026040617,2026-04-08 03:15:00,CUST-6743,AGT-207,404,16.3,Resolved,2,Neutral,Billing & Payment
IM-2026040618,2026-04-08 03:30:00,CUST-4651,AGT-216,633,8.7,Unresolved,2,Neutral,Network Outage
IM-2026040619,2026-04-08 03:30:00,CUST-9209,AGT-212,257,12.2,Resolved,5,Positive,Account Management
IM-2026040620,2026-04-08 03:45:00,CUST-5952,AGT-210,206,13.2,Resolved,5,Positive,Account Management
IM-2026040621,2026-04-08 04:15:00,CUST-2839,AGT-218,372,2.0,Unresolved,2,Negative,Technical Support
IM-2026040622,2026-04-08 04:30:00,CUST-7981,AGT-229,402,4.8,Resolved,1,Negative,Billing & Payment
IM-2026040623,2026-04-08 04:45:00,CUST-6257,AGT-212,125,6.4,Resolved,4,Positive,Network Outage
IM-2026040624,2026-04-08 04:45:00,CUST-6202,AGT-227,1889,13.2,Resolved,1,Neutral,Billing & Payment
IM-2026040625,2026-04-08 05:00:00,CUST-6137,AGT-233,477,2.0,Transferred,2,Negative,Technical Support
IM-2026040626,2026-04-08 05:00:00,CUST-4764,AGT-220,102,9.4,Resolved,5,Neutral,Network Outage
IM-2026040627,2026-04-08 05:30:00,CUST-3543,AGT-228,760,11.6,Transferred,1,Negative,Account Management
IM-2026040628,2026-04-08 05:30:00,CUST-9689,AGT-232,1129,4.5,Transferred,1,Negative,Network Outage
IM-2026040629,2026-04-08 05:45:00,CUST-6339,AGT-213,163,10.7,Resolved,4,Neutral,Technical Support
IM-2026040630,2026-04-08 05:45:00,CUST-8127,AGT-231,298,15.7,Resolved,5,Positive,Technical Support
IM-2026040631,2026-04-08 05:45:00,CUST-5354,AGT-221,82,14.1,Unresolved,4,Positive,Network Outage
IM-2026040632,2026-04-08 06:00:00,CUST-5291,AGT-203,789,8.7,Resolved,1,Positive,Network Outage
IM-2026040633,2026-04-08 06:00:00,CUST-7705,AGT-221,99,23.2,Resolved,4,Positive,Technical Support
IM-2026040634,2026-04-08 06:30:00,CUST-1269,AGT-223,476,16.0,Unresolved,2,Negative,Billing & Payment
IM-2026040635,2026-04-08 07:00:00,CUST-5785,AGT-230,198,9.0,Resolved,4,Neutral,Network Outage
IM-2026040636,2026-04-08 07:30:00,CUST-3509,AGT-206,276,10.1,Resolved,5,Positive,Billing & Payment
IM-2026040637,2026-04-08 08:00:00,CUST-7625,AGT-213,689,19.2,Resolved,1,Negative,Network Outage
IM-2026040638,2026-04-08 08:15:00,CUST-9621,AGT-227,82,13.7,Resolved,4,Neutral,Technical Support
IM-2026040639,2026-04-08 08:45:00,CUST-3870,AGT-224,49,18.5,Resolved,4,Positive,Network Outage
IM-2026040640,2026-04-08 09:00:00,CUST-2017,AGT-219,162,8.1,Resolved,4,Neutral,Technical Support
IM-2026040641,2026-04-08 09:15:00,CUST-5700,AGT-216,265,19.5,Unresolved,4,Positive,Network Outage
IM-2026040642,2026-04-08 09:30:00,CUST-7625,AGT-211,1289,8.4,Transferred,1,Neutral,Network Outage
IM-2026040643,2026-04-08 09:45:00,CUST-7505,AGT-217,126,6.8,Resolved,4,Neutral,Billing & Payment
IM-2026040644,2026-04-08 09:45:00,CUST-4671,AGT-214,371,17.0,Resolved,2,Negative,Technical Support
IM-2026040645,2026-04-08 10:30:00,CUST-6059,AGT-230,297,15.2,Resolved,4,Neutral,Technical Support
IM-2026040646,2026-04-08 10:30:00,CUST-1547,AGT-217,204,21.9,Resolved,5,Neutral,General Inquiry
IM-2026040647,2026-04-08 10:45:00,CUST-7681,AGT-214,138,11.5,Resolved,5,Neutral,Billing & Payment
IM-2026040648,2026-04-08 11:00:00,CUST-1721,AGT-202,730,8.9,Resolved,2,Positive,General Inquiry
IM-2026040649,2026-04-08 11:30:00,CUST-5488,AGT-224,392,11.1,Unresolved,1,Negative,Network Outage
IM-2026040650,2026-04-08 11:30:00,CUST-3359,AGT-214,227,4.3,Resolved,4,Negative,Account Management
IM-2026040651,2026-04-08 11:30:00,CUST-2498,AGT-212,67,10.8,Resolved,3,Positive,Network Outage
IM-2026040652,2026-04-08 12:00:00,CUST-1472,AGT-210,505,9.6,Unresolved,1,Neutral,Technical Support
IM-2026040653,2026-04-08 12:15:00,CUST-8332,AGT-208,590,9.6,Transferred,1,Negative,Network Outage
IM-2026040654,2026-04-08 12:15:00,CUST-4336,AGT-228,148,7.2,Resolved,5,Negative,Account Management
IM-2026040655,2026-04-08 12:15:00,CUST-1917,AGT-229,299,9.1,Resolved,3,Negative,Network Outage
IM-2026040656,2026-04-08 12:45:00,CUST-3721,AGT-221,220,11.3,Resolved,5,Positive,General Inquiry
IM-2026040657,2026-04-08 12:45:00,CUST-7741,AGT-207,141,8.6,Resolved,4,Negative,Technical Support
IM-2026040658,2026-04-08 12:45:00,CUST-6326,AGT-217,152,20.8,Resolved,5,Positive,Network Outage
IM-2026040659,2026-04-08 12:45:00,CUST-4774,AGT-201,537,25.4,Resolved,2,Negative,Network Outage
IM-2026040660,2026-04-08 13:15:00,CUST-5887,AGT-220,784,15.2,Unresolved,2,Negative,General Inquiry
IM-2026040661,2026-04-08 13:15:00,CUST-7309,AGT-204,173,19.5,Resolved,5,Positive,Billing & Payment
IM-2026040662,2026-04-08 14:15:00,CUST-1224,AGT-202,340,2.6,Unresolved,3,Neutral,Account Management
IM-2026040663,2026-04-08 14:15:00,CUST-5212,AGT-202,56,7.6,Resolved,5,Positive,Billing & Payment
IM-2026040664,2026-04-08 15:00:00,CUST-9214,AGT-225,1117,8.4,Resolved,1,Neutral,Technical Support
IM-2026040665,2026-04-08 15:00:00,CUST-3662,AGT-205,104,17.6,Resolved,3,Positive,Billing & Payment
IM-2026040666,2026-04-08 15:00:00,CUST-6670,AGT-225,102,16.0,Resolved,4,Positive,Billing & Payment
IM-2026040667,2026-04-08 15:15:00,CUST-7034,AGT-216,472,16.3,Transferred,1,Neutral,Billing & Payment
IM-2026040668,2026-04-08 15:15:00,CUST-4423,AGT-234,294,17.3,Resolved,5,Positive,Account Management
IM-2026040669,2026-04-08 15:15:00,CUST-9736,AGT-208,199,10.5,Resolved,5,Neutral,General Inquiry
IM-2026040670,2026-04-08 15:30:00,CUST-1495,AGT-230,306,6.8,Unresolved,1,Neutral,Network Outage
IM-2026040671,2026-04-08 15:45:00,CUST-5026,AGT-224,484,12.4,Unresolved,2,Negative,Technical Support
IM-2026040672,2026-04-08 15:45:00,CUST-6261,AGT-202,625,12.9,Transferred,2,Negative,Technical Support
IM-2026040673,2026-04-08 15:45:00,CUST-5205,AGT-224,791,8.5,Unresolved,2,Negative,Billing & Payment
IM-2026040674,2026-04-08 15:45:00,CUST-7222,AGT-220,998,11.6,Resolved,2,Negative,Technical Support
IM-2026040675,2026-04-08 16:00:00,CUST-8015,AGT-203,231,7.9,Unresolved,5,Neutral,Billing & Payment
IM-2026040676,2026-04-08 16:00:00,CUST-5087,AGT-212,124,11.4,Resolved,5,Neutral,Network Outage
IM-2026040677,2026-04-08 16:00:00,CUST-6372,AGT-222,755,13.7,Resolved,2,Positive,General Inquiry
IM-2026040678,2026-04-08 17:15:00,CUST-2969,AGT-231,894,17.4,Unresolved,1,Negative,Account Management
IM-2026040679,2026-04-08 17:30:00,CUST-8180,AGT-221,1285,6.8,Resolved,1,Negative,Technical Support
IM-2026040680,2026-04-08 17:45:00,CUST-6940,AGT-224,50,13.0,Resolved,4,Positive,Technical Support
IM-2026040681,2026-04-08 18:00:00,CUST-2644,AGT-218,86,8.2,Resolved,3,Positive,Account Management
IM-2026040682,2026-04-08 18:15:00,CUST-9914,AGT-218,620,3.3,Resolved,2,Negative,Billing & Payment
IM-2026040683,2026-04-08 19:00:00,CUST-3023,AGT-230,402,14.4,Resolved,2,Negative,Account Management
IM-2026040684,2026-04-08 19:00:00,CUST-3665,AGT-233,229,2.0,Resolved,5,Positive,Billing & Payment
IM-2026040685,2026-04-08 19:00:00,CUST-3737,AGT-230,191,17.5,Resolved,4,Positive,Network Outage
IM-2026040686,2026-04-08 19:30:00,CUST-4087,AGT-212,422,7.3,Unresolved,1,Negative,Account Management
IM-2026040687,2026-04-08 20:00:00,CUST-3807,AGT-231,84,8.7,Resolved,3,Neutral,General Inquiry
IM-2026040688,2026-04-08 20:00:00,CUST-1717,AGT-218,1206,20.6,Transferred,1,Negative,Account Management
IM-2026040689,2026-04-08 20:15:00,CUST-4879,AGT-206,791,10.9,Resolved,1,Negative,Technical Support
IM-2026040690,2026-04-08 20:30:00,CUST-2845,AGT-227,126,14.1,Resolved,3,Positive,Technical Support
IM-2026040691,2026-04-08 20:45:00,CUST-1450,AGT-212,903,19.3,Resolved,1,Neutral,Technical Support
IM-2026040692,2026-04-08 21:00:00,CUST-3925,AGT-229,541,6.4,Unresolved,2,Negative,Network Outage
IM-2026040693,2026-04-08 21:15:00,CUST-4523,AGT-203,643,11.5,Unresolved,1,Negative,General Inquiry
IM-2026040694,2026-04-08 21:30:00,CUST-7132,AGT-212,116,10.7,Resolved,5,Positive,Technical Support
IM-2026040695,2026-04-08 21:30:00,CUST-4148,AGT-231,63,13.5,Resolved,5,Neutral,Account Management
IM-2026040696,2026-04-08 21:45:00,CUST-6786,AGT-227,203,9.1,Resolved,4,Positive,Account Management
IM-2026040697,2026-04-08 21:45:00,CUST-4733,AGT-230,454,11.0,Resolved,1,Negative,Technical Support
IM-2026040698,2026-04-08 22:15:00,CUST-9540,AGT-209,570,11.5,Transferred,2,Negative,Technical Support
IM-2026040699,2026-04-08 22:30:00,CUST-9455,AGT-212,128,9.9,Resolved,4,Positive,Technical Support
IM-2026040700,2026-04-08 23:30:00,CUST-1907,AGT-232,172,22.0,Resolved,3,Positive,Network Outage
IM-2026040701,2026-04-08 23:45:00,CUST-4365,AGT-211,92,10.5,Resolved,4,Neutral,Account Management
IM-2026040702,2026-04-09 00:15:00,CUST-7058,AGT-216,456,10.4,Resolved,3,Negative,Billing & Payment
IM-2026040703,2026-04-09 00:15:00,CUST-4987,AGT-201,65,18.1,Resolved,3,Positive,Billing & Payment
IM-2026040704,2026-04-09 00:30:00,CUST-1260,AGT-221,191,10.2,Resolved,3,Negative,Technical Support
IM-2026040705,2026-04-09 01:00:00,CUST-8664,AGT-207,524,6.3,Resolved,1,Negative,Technical Support
IM-2026040706,2026-04-09 01:00:00,CUST-6016,AGT-202,499,14.5,Resolved,1,Neutral,Billing & Payment
IM-2026040707,2026-04-09 01:30:00,CUST-2040,AGT-211,129,7.7,Resolved,5,Neutral,Billing & Payment
IM-2026040708,2026-04-09 02:00:00,CUST-4726,AGT-206,76,14.5,Resolved,4,Neutral,Technical Support
IM-2026040709,2026-04-09 02:15:00,CUST-6474,AGT-217,1171,8.4,Resolved,2,Negative,Billing & Payment
IM-2026040710,2026-04-09 03:30:00,CUST-3895,AGT-231,979,15.3,Resolved,1,Positive,Billing & Payment
IM-2026040711,2026-04-09 03:30:00,CUST-5501,AGT-233,814,12.9,Resolved,1,Negative,Technical Support
IM-2026040712,2026-04-09 03:45:00,CUST-1204,AGT-201,393,9.1,Resolved,1,Neutral,Technical Support
IM-2026040713,2026-04-09 04:00:00,CUST-4748,AGT-214,485,21.3,Resolved,1,Negative,Network Outage
IM-2026040714,2026-04-09 04:15:00,CUST-4051,AGT-226,507,17.4,Resolved,1,Positive,Technical Support
IM-2026040715,2026-04-09 04:15:00,CUST-1421,AGT-203,211,12.7,Resolved,5,Neutral,Billing & Payment
IM-2026040716,2026-04-09 04:15:00,CUST-8316,AGT-228,75,20.0,Resolved,4,Positive,Account Management
IM-2026040717,2026-04-09 04:15:00,CUST-6363,AGT-234,604,13.3,Unresolved,1,Positive,Technical Support
IM-2026040718,2026-04-09 05:00:00,CUST-5194,AGT-213,193,12.2,Resolved,5,Positive,Network Outage
IM-2026040719,2026-04-09 05:00:00,CUST-9067,AGT-232,49,15.3,Resolved,5,Neutral,Network Outage
IM-2026040720,2026-04-09 05:15:00,CUST-6247,AGT-231,244,8.3,Resolved,4,Neutral,General Inquiry
IM-2026040721,2026-04-09 05:15:00,CUST-1059,AGT-234,316,7.3,Resolved,1,Positive,Technical Support
IM-2026040722,2026-04-09 05:15:00,CUST-7097,AGT-222,115,12.1,Resolved,4,Negative,Network Outage
IM-2026040723,2026-04-09 05:15:00,CUST-9334,AGT-223,119,6.0,Resolved,3,Neutral,Billing & Payment
IM-2026040724,2026-04-09 05:30:00,CUST-1965,AGT-221,134,11.1,Resolved,5,Positive,Technical Support
IM-2026040725,2026-04-09 05:30:00,CUST-1987,AGT-220,380,10.3,Unresolved,1,Negative,Network Outage
IM-2026040726,2026-04-09 06:00:00,CUST-5376,AGT-234,300,7.2,Resolved,4,Positive,Technical Support
IM-2026040727,2026-04-09 06:15:00,CUST-6025,AGT-207,337,15.3,Unresolved,3,Negative,Account Management
IM-2026040728,2026-04-09 06:15:00,CUST-7970,AGT-221,54,4.7,Resolved,4,Positive,Network Outage
IM-2026040729,2026-04-09 06:30:00,CUST-2675,AGT-232,151,12.6,Resolved,5,Positive,Account Management
IM-2026040730,2026-04-09 07:00:00,CUST-9143,AGT-231,640,4.8,Unresolved,1,Negative,Technical Support
IM-2026040731,2026-04-09 07:00:00,CUST-6424,AGT-220,77,17.8,Resolved,5,Negative,Billing & Payment
IM-2026040732,2026-04-09 07:15:00,CUST-3259,AGT-211,245,2.0,Resolved,5,Positive,General Inquiry
IM-2026040733,2026-04-09 07:30:00,CUST-8918,AGT-227,176,11.0,Resolved,5,Positive,General Inquiry
IM-2026040734,2026-04-09 07:45:00,CUST-8072,AGT-222,226,13.4,Unresolved,5,Positive,Technical Support
IM-2026040735,2026-04-09 07:45:00,CUST-7586,AGT-208,177,11.0,Resolved,4,Neutral,Technical Support
IM-2026040736,2026-04-09 08:15:00,CUST-6300,AGT-207,61,13.6,Resolved,4,Positive,Account Management
IM-2026040737,2026-04-09 08:30:00,CUST-5757,AGT-203,329,13.7,Unresolved,2,Negative,General Inquiry
IM-2026040738,2026-04-09 08:30:00,CUST-2747,AGT-227,201,10.9,Resolved,5,Neutral,Network Outage
IM-2026040739,2026-04-09 08:30:00,CUST-1599,AGT-229,360,25.2,Unresolved,2,Negative,Account Management
IM-2026040740,2026-04-09 09:00:00,CUST-5778,AGT-234,404,12.3,Resolved,1,Negative,Technical Support
IM-2026040741,2026-04-09 09:30:00,CUST-5583,AGT-219,66,12.9,Resolved,5,Neutral,Billing & Payment
IM-2026040742,2026-04-09 09:30:00,CUST-7360,AGT-212,187,11.9,Resolved,5,Positive,Technical Support
IM-2026040743,2026-04-09 09:30:00,CUST-8406,AGT-205,48,19.3,Resolved,5,Neutral,Billing & Payment
IM-2026040744,2026-04-09 09:45:00,CUST-4940,AGT-229,370,3.3,Resolved,1,Negative,Network Outage
IM-2026040745,2026-04-09 09:45:00,CUST-9063,AGT-202,387,8.9,Transferred,1,Negative,Account Management
IM-2026040746,2026-04-09 10:15:00,CUST-3333,AGT-215,705,2.0,Resolved,1,Negative,Technical Support
IM-2026040747,2026-04-09 11:00:00,CUST-8538,AGT-214,274,13.9,Unresolved,5,Neutral,Account Management
IM-2026040748,2026-04-09 11:00:00,CUST-9337,AGT-212,205,13.8,Resolved,5,Neutral,Technical Support
IM-2026040749,2026-04-09 11:15:00,CUST-3293,AGT-213,570,14.7,Unresolved,1,Negative,General Inquiry
IM-2026040750,2026-04-09 11:30:00,CUST-8647,AGT-203,224,18.3,Resolved,5,Positive,General Inquiry
IM-2026040751,2026-04-09 11:30:00,CUST-3991,AGT-210,1338,11.6,Transferred,2,Negative,General Inquiry
IM-2026040752,2026-04-09 11:30:00,CUST-3042,AGT-206,548,13.3,Resolved,2,Negative,Technical Support
IM-2026040753,2026-04-09 11:45:00,CUST-6952,AGT-230,161,16.7,Unresolved,3,Positive,General Inquiry
IM-2026040754,2026-04-09 12:00:00,CUST-8662,AGT-222,222,7.6,Unresolved,4,Positive,Billing & Payment
IM-2026040755,2026-04-09 12:15:00,CUST-7941,AGT-222,313,17.8,Resolved,1,Negative,Network Outage
IM-2026040756,2026-04-09 12:15:00,CUST-2474,AGT-233,65,8.5,Resolved,5,Negative,Technical Support
IM-2026040757,2026-04-09 12:15:00,CUST-1612,AGT-221,188,10.3,Resolved,5,Neutral,Billing & Payment
IM-2026040758,2026-04-09 12:15:00,CUST-4201,AGT-206,79,19.8,Resolved,5,Positive,Technical Support
IM-2026040759,2026-04-09 13:00:00,CUST-7755,AGT-227,966,17.0,Resolved,3,Neutral,Account Management
IM-2026040760,2026-04-09 13:15:00,CUST-9865,AGT-234,960,12.0,Unresolved,1,Neutral,Network Outage
IM-2026040761,2026-04-09 13:15:00,CUST-7462,AGT-203,445,6.8,Resolved,2,Negative,Billing & Payment
IM-2026040762,2026-04-09 14:15:00,CUST-8459,AGT-215,303,11.5,Unresolved,3,Neutral,Network Outage
IM-2026040763,2026-04-09 14:15:00,CUST-6311,AGT-224,56,6.3,Unresolved,5,Positive,Account Management
IM-2026040764,2026-04-09 15:00:00,CUST-1862,AGT-217,361,7.5,Unresolved,1,Negative,Network Outage
IM-2026040765,2026-04-09 15:15:00,CUST-6196,AGT-227,574,14.5,Resolved,1,Neutral,Technical Support
IM-2026040766,2026-04-09 15:30:00,CUST-2705,AGT-227,1001,14.4,Transferred,1,Negative,Technical Support
IM-2026040767,2026-04-09 15:30:00,CUST-9759,AGT-217,77,6.6,Resolved,4,Positive,Billing & Payment
IM-2026040768,2026-04-09 16:00:00,CUST-6097,AGT-208,64,11.6,Resolved,5,Positive,Account Management
IM-2026040769,2026-04-09 16:00:00,CUST-1131,AGT-211,65,14.2,Transferred,3,Positive,Technical Support
IM-2026040770,2026-04-09 16:00:00,CUST-7632,AGT-222,954,17.9,Resolved,1,Negative,Technical Support
IM-2026040771,2026-04-09 16:15:00,CUST-7595,AGT-214,260,5.1,Resolved,4,Positive,Account Management
IM-2026040772,2026-04-09 16:45:00,CUST-3178,AGT-229,317,8.2,Transferred,1,Positive,Network Outage
IM-2026040773,2026-04-09 17:00:00,CUST-7534,AGT-210,1038,21.8,Unresolved,2,Negative,Technical Support
IM-2026040774,2026-04-09 17:00:00,CUST-7740,AGT-220,1342,16.2,Resolved,1,Neutral,Account Management
IM-2026040775,2026-04-09 17:15:00,CUST-4978,AGT-230,1351,8.5,Resolved,1,Negative,Technical Support
IM-2026040776,2026-04-09 17:15:00,CUST-1981,AGT-224,364,3.0,Resolved,1,Neutral,Account Management
IM-2026040777,2026-04-09 17:30:00,CUST-3742,AGT-234,563,2.2,Resolved,2,Negative,Technical Support
IM-2026040778,2026-04-09 18:45:00,CUST-1170,AGT-232,870,11.4,Resolved,2,Neutral,Account Management
IM-2026040779,2026-04-09 19:00:00,CUST-6301,AGT-222,172,11.1,Resolved,5,Positive,Technical Support
IM-2026040780,2026-04-09 19:15:00,CUST-1539,AGT-234,87,2.0,Resolved,5,Positive,Account Management
IM-2026040781,2026-04-09 19:45:00,CUST-7716,AGT-201,247,14.6,Resolved,5,Positive,Technical Support
IM-2026040782,2026-04-09 20:00:00,CUST-3549,AGT-201,406,15.0,Unresolved,1,Negative,General Inquiry
IM-2026040783,2026-04-09 20:15:00,CUST-8430,AGT-208,173,12.8,Resolved,4,Positive,Technical Support
IM-2026040784,2026-04-09 21:30:00,CUST-8050,AGT-210,97,16.5,Resolved,3,Positive,Network Outage
IM-2026040785,2026-04-09 21:45:00,CUST-5303,AGT-216,131,16.0,Unresolved,4,Positive,Account Management
IM-2026040786,2026-04-09 21:45:00,CUST-9429,AGT-225,45,16.7,Resolved,4,Negative,Billing & Payment
IM-2026040787,2026-04-09 22:00:00,CUST-4686,AGT-223,261,13.7,Resolved,4,Positive,Technical Support
IM-2026040788,2026-04-09 22:00:00,CUST-8558,AGT-224,791,5.6,Resolved,2,Negative,Technical Support
IM-2026040789,2026-04-09 22:30:00,CUST-9980,AGT-215,52,12.9,Resolved,4,Positive,Technical Support
IM-2026040790,2026-04-09 22:45:00,CUST-7486,AGT-227,142,4.7,Resolved,5,Negative,Technical Support
IM-2026040791,2026-04-09 22:45:00,CUST-6521,AGT-228,649,10.5,Unresolved,2,Negative,Network Outage
IM-2026040792,2026-04-09 22:45:00,CUST-8457,AGT-223,80,7.5,Resolved,5,Positive,Billing & Payment
IM-2026040793,2026-04-09 23:15:00,CUST-7881,AGT-229,746,14.7,Unresolved,1,Negative,Account Management
IM-2026040794,2026-04-09 23:15:00,CUST-3945,AGT-228,175,17.7,Resolved,5,Positive,Network Outage
IM-2026040795,2026-04-09 23:15:00,CUST-3559,AGT-217,73,7.1,Resolved,5,Neutral,Billing & Payment
IM-2026040796,2026-04-09 23:45:00,CUST-5137,AGT-232,125,10.9,Resolved,3,Positive,Account Management
IM-2026040797,2026-04-09 23:45:00,CUST-8737,AGT-211,529,10.0,Resolved,1,Negative,Billing & Payment
IM-2026040798,2026-04-10 00:00:00,CUST-3940,AGT-229,114,22.8,Resolved,4,Positive,Billing & Payment
IM-2026040799,2026-04-10 00:00:00,CUST-6067,AGT-221,178,13.0,Resolved,4,Positive,Billing & Payment
IM-2026040800,2026-04-10 00:15:00,CUST-4483,AGT-231,291,12.0,Resolved,5,Negative,Account Management
IM-2026040801,2026-04-10 00:30:00,CUST-1289,AGT-206,203,17.2,Resolved,5,Negative,Account Management
IM-2026040802,2026-04-10 00:30:00,CUST-3566,AGT-210,81,17.8,Unresolved,5,Positive,Technical Support
IM-2026040803,2026-04-10 01:15:00,CUST-2485,AGT-226,308,16.0,Resolved,1,Neutral,General Inquiry
IM-2026040804,2026-04-10 01:45:00,CUST-2840,AGT-225,346,14.4,Resolved,2,Negative,Technical Support
IM-2026040805,2026-04-10 02:15:00,CUST-4963,AGT-216,561,15.8,Resolved,3,Neutral,Billing & Payment
IM-2026040806,2026-04-10 02:15:00,CUST-3700,AGT-212,1912,11.4,Unresolved,2,Negative,Technical Support
IM-2026040807,2026-04-10 02:30:00,CUST-3137,AGT-231,61,14.7,Resolved,5,Neutral,Billing & Payment
IM-2026040808,2026-04-10 02:45:00,CUST-1067,AGT-207,167,16.8,Resolved,4,Neutral,General Inquiry
IM-2026040809,2026-04-10 02:45:00,CUST-6515,AGT-227,154,16.8,Unresolved,4,Neutral,Account Management
IM-2026040810,2026-04-10 02:45:00,CUST-5507,AGT-218,282,2.0,Unresolved,5,Positive,General Inquiry
IM-2026040811,2026-04-10 03:00:00,CUST-9628,AGT-230,306,16.7,Resolved,1,Negative,Account Management
IM-2026040812,2026-04-10 03:15:00,CUST-2489,AGT-231,361,14.4,Resolved,1,Neutral,Technical Support
IM-2026040813,2026-04-10 03:15:00,CUST-3962,AGT-224,594,14.3,Resolved,1,Negative,Technical Support
IM-2026040814,2026-04-10 03:30:00,CUST-1175,AGT-211,250,13.3,Resolved,5,Positive,Account Management
IM-2026040815,2026-04-10 03:30:00,CUST-6456,AGT-222,373,16.1,Resolved,1,Negative,Billing & Payment
IM-2026040816,2026-04-10 03:45:00,CUST-1658,AGT-205,505,16.5,Unresolved,1,Negative,Account Management
IM-2026040817,2026-04-10 04:00:00,CUST-7025,AGT-231,1159,23.9,Unresolved,2,Positive,Technical Support
IM-2026040818,2026-04-10 04:00:00,CUST-9453,AGT-228,1116,5.2,Transferred,3,Negative,Network Outage
IM-2026040819,2026-04-10 04:15:00,CUST-6093,AGT-232,253,12.7,Resolved,5,Positive,Account Management
IM-2026040820,2026-04-10 04:15:00,CUST-5113,AGT-213,1733,18.8,Unresolved,1,Negative,Technical Support
IM-2026040821,2026-04-10 04:15:00,CUST-3788,AGT-234,283,14.8,Resolved,4,Positive,Billing & Payment
IM-2026040822,2026-04-10 04:15:00,CUST-6782,AGT-216,447,8.2,Resolved,2,Negative,General Inquiry
IM-2026040823,2026-04-10 04:30:00,CUST-4405,AGT-215,1117,18.2,Resolved,1,Neutral,Technical Support
IM-2026040824,2026-04-10 04:30:00,CUST-5453,AGT-215,58,14.3,Resolved,4,Positive,Network Outage
IM-2026040825,2026-04-10 05:30:00,CUST-3200,AGT-224,908,15.8,Unresolved,3,Negative,Technical Support
IM-2026040826,2026-04-10 05:45:00,CUST-4822,AGT-219,221,18.2,Resolved,5,Negative,Technical Support
IM-2026040827,2026-04-10 05:45:00,CUST-3849,AGT-231,792,10.2,Unresolved,1,Neutral,Technical Support
IM-2026040828,2026-04-10 06:30:00,CUST-6803,AGT-215,592,10.0,Resolved,1,Negative,General Inquiry
IM-2026040829,2026-04-10 07:15:00,CUST-2070,AGT-227,102,25.5,Resolved,5,Neutral,General Inquiry
IM-2026040830,2026-04-10 07:15:00,CUST-3823,AGT-233,150,11.6,Resolved,4,Positive,General Inquiry
IM-2026040831,2026-04-10 07:15:00,CUST-3024,AGT-214,246,14.0,Resolved,4,Neutral,Technical Support
IM-2026040832,2026-04-10 07:30:00,CUST-8711,AGT-224,93,19.0,Resolved,5,Positive,Account Management
IM-2026040833,2026-04-10 07:30:00,CUST-6433,AGT-221,72,9.6,Unresolved,5,Positive,Billing & Payment
IM-2026040834,2026-04-10 07:45:00,CUST-7800,AGT-205,95,10.7,Resolved,3,Neutral,Billing & Payment
IM-2026040835,2026-04-10 07:45:00,CUST-4311,AGT-230,228,12.6,Resolved,5,Positive,General Inquiry
IM-2026040836,2026-04-10 07:45:00,CUST-7140,AGT-204,115,5.8,Resolved,4,Positive,Network Outage
IM-2026040837,2026-04-10 07:45:00,CUST-5075,AGT-230,68,15.3,Unresolved,4,Positive,Technical Support
IM-2026040838,2026-04-10 08:00:00,CUST-9863,AGT-227,519,3.6,Resolved,2,Negative,Technical Support
IM-2026040839,2026-04-10 08:00:00,CUST-3795,AGT-222,856,17.4,Unresolved,1,Negative,Technical Support
IM-2026040840,2026-04-10 08:15:00,CUST-9497,AGT-217,834,12.7,Unresolved,2,Neutral,Billing & Payment
IM-2026040841,2026-04-10 08:30:00,CUST-1715,AGT-231,411,18.7,Resolved,1,Negative,Technical Support
IM-2026040842,2026-04-10 08:45:00,CUST-6056,AGT-230,776,2.1,Resolved,1,Negative,Technical Support
IM-2026040843,2026-04-10 09:00:00,CUST-1202,AGT-213,73,28.1,Resolved,5,Positive,Technical Support
IM-2026040844,2026-04-10 09:00:00,CUST-5015,AGT-226,674,7.6,Resolved,1,Negative,Network Outage
IM-2026040845,2026-04-10 09:00:00,CUST-6280,AGT-215,96,8.2,Unresolved,4,Positive,Account Management
IM-2026040846,2026-04-10 09:15:00,CUST-2654,AGT-216,290,5.3,Resolved,4,Positive,General Inquiry
IM-2026040847,2026-04-10 09:15:00,CUST-8283,AGT-228,214,7.0,Resolved,4,Positive,Technical Support
IM-2026040848,2026-04-10 10:45:00,CUST-1288,AGT-209,146,22.2,Resolved,5,Positive,Technical Support
IM-2026040849,2026-04-10 10:45:00,CUST-5274,AGT-232,160,10.8,Resolved,3,Positive,Network Outage
IM-2026040850,2026-04-10 12:45:00,CUST-1318,AGT-228,179,16.6,Resolved,3,Positive,Billing & Payment
IM-2026040851,2026-04-10 12:45:00,CUST-2375,AGT-211,91,8.2,Transferred,5,Positive,Billing & Payment
IM-2026040852,2026-04-10 13:00:00,CUST-7042,AGT-216,1441,7.3,Unresolved,1,Neutral,General Inquiry
IM-2026040853,2026-04-10 13:00:00,CUST-4172,AGT-226,103,5.8,Resolved,5,Negative,Billing & Payment
IM-2026040854,2026-04-10 13:15:00,CUST-9316,AGT-207,89,19.4,Resolved,4,Positive,Billing & Payment
IM-2026040855,2026-04-10 13:45:00,CUST-7817,AGT-207,393,6.0,Transferred,1,Negative,Technical Support
IM-2026040856,2026-04-10 14:00:00,CUST-5275,AGT-215,518,14.2,Unresolved,3,Neutral,Account Management
IM-2026040857,2026-04-10 14:15:00,CUST-1247,AGT-227,129,16.2,Resolved,5,Positive,Network Outage
IM-2026040858,2026-04-10 14:30:00,CUST-8997,AGT-210,341,10.2,Resolved,3,Neutral,General Inquiry
IM-2026040859,2026-04-10 15:00:00,CUST-2401,AGT-223,137,20.5,Resolved,5,Neutral,Technical Support
IM-2026040860,2026-04-10 15:00:00,CUST-5071,AGT-208,248,9.2,Resolved,5,Negative,Technical Support
IM-2026040861,2026-04-10 15:15:00,CUST-4393,AGT-215,820,11.6,Resolved,1,Neutral,Account Management
IM-2026040862,2026-04-10 15:30:00,CUST-6109,AGT-229,1380,18.4,Unresolved,2,Negative,Billing & Payment
IM-2026040863,2026-04-10 15:45:00,CUST-1794,AGT-226,83,14.2,Resolved,5,Positive,Technical Support
IM-2026040864,2026-04-10 16:00:00,CUST-4621,AGT-215,533,10.5,Resolved,1,Neutral,Network Outage
IM-2026040865,2026-04-10 16:30:00,CUST-8230,AGT-213,342,10.0,Resolved,3,Negative,Network Outage
IM-2026040866,2026-04-10 17:00:00,CUST-4015,AGT-232,200,9.6,Unresolved,5,Positive,General Inquiry
IM-2026040867,2026-04-10 17:30:00,CUST-7842,AGT-203,73,11.8,Resolved,5,Positive,Technical Support
IM-2026040868,2026-04-10 17:45:00,CUST-8691,AGT-205,605,11.2,Unresolved,1,Negative,Network Outage
IM-2026040869,2026-04-10 17:45:00,CUST-3398,AGT-228,116,18.0,Resolved,4,Positive,Technical Support
IM-2026040870,2026-04-10 17:45:00,CUST-6236,AGT-225,119,17.6,Resolved,4,Positive,Account Management
IM-2026040871,2026-04-10 18:00:00,CUST-4841,AGT-214,309,21.8,Transferred,2,Neutral,Network Outage
IM-2026040872,2026-04-10 18:15:00,CUST-3023,AGT-234,168,11.1,Resolved,4,Neutral,Technical Support
IM-2026040873,2026-04-10 18:45:00,CUST-5459,AGT-222,59,7.5,Resolved,4,Positive,Technical Support
IM-2026040874,2026-04-10 19:30:00,CUST-1760,AGT-206,91,19.2,Resolved,5,Neutral,Billing & Payment
IM-2026040875,2026-04-10 19:45:00,CUST-8505,AGT-215,240,13.8,Resolved,5,Negative,Technical Support
IM-2026040876,2026-04-10 20:00:00,CUST-6088,AGT-201,943,21.4,Resolved,1,Negative,Account Management
IM-2026040877,2026-04-10 20:00:00,CUST-2634,AGT-231,1445,12.4,Resolved,1,Negative,Account Management
IM-2026040878,2026-04-10 20:15:00,CUST-3061,AGT-219,429,11.9,Resolved,1,Negative,Billing & Payment
IM-2026040879,2026-04-10 20:30:00,CUST-3159,AGT-223,365,13.3,Resolved,3,Negative,Network Outage
IM-2026040880,2026-04-10 20:30:00,CUST-2659,AGT-207,126,24.2,Resolved,5,Positive,General Inquiry
IM-2026040881,2026-04-10 20:30:00,CUST-5578,AGT-220,111,10.9,Resolved,4,Neutral,General Inquiry
IM-2026040882,2026-04-10 20:30:00,CUST-4925,AGT-217,479,4.0,Resolved,1,Negative,Account Management
IM-2026040883,2026-04-10 20:45:00,CUST-6403,AGT-231,462,13.5,Transferred,3,Negative,Network Outage
IM-2026040884,2026-04-10 21:00:00,CUST-5704,AGT-202,347,14.9,Transferred,1,Negative,Technical Support
IM-2026040885,2026-04-10 21:45:00,CUST-5413,AGT-221,191,6.0,Resolved,3,Positive,Billing & Payment
IM-2026040886,2026-04-10 22:00:00,CUST-9118,AGT-226,204,17.1,Unresolved,3,Negative,Network Outage
IM-2026040887,2026-04-10 22:30:00,CUST-3460,AGT-225,302,14.0,Resolved,1,Negative,Account Management
IM-2026040888,2026-04-10 22:30:00,CUST-1014,AGT-214,117,2.0,Resolved,5,Neutral,Account Management
IM-2026040889,2026-04-10 22:45:00,CUST-9971,AGT-233,285,12.7,Resolved,4,Neutral,Billing & Payment
IM-2026040890,2026-04-10 22:45:00,CUST-9868,AGT-221,71,8.9,Resolved,4,Positive,General Inquiry
IM-2026040891,2026-04-10 23:00:00,CUST-5597,AGT-231,281,10.5,Resolved,5,Positive,Account Management
IM-2026040892,2026-04-10 23:30:00,CUST-8025,AGT-206,395,14.9,Resolved,2,Negative,Billing & Payment
IM-2026040893,2026-04-10 23:30:00,CUST-5941,AGT-211,117,4.1,Unresolved,5,Neutral,General Inquiry
IM-2026040894,2026-04-11 00:30:00,CUST-6156,AGT-214,295,12.9,Resolved,5,Positive,Technical Support
IM-2026040895,2026-04-11 01:00:00,CUST-6378,AGT-203,566,14.2,Resolved,1,Neutral,Account Management
IM-2026040896,2026-04-11 01:00:00,CUST-7812,AGT-206,351,15.9,Resolved,1,Positive,Network Outage
IM-2026040897,2026-04-11 01:15:00,CUST-6968,AGT-211,367,7.2,Unresolved,3,Negative,Account Management
IM-2026040898,2026-04-11 01:30:00,CUST-4012,AGT-208,321,13.1,Unresolved,2,Negative,Billing & Payment
IM-2026040899,2026-04-11 01:45:00,CUST-2688,AGT-206,127,15.2,Resolved,4,Positive,Technical Support
IM-2026040900,2026-04-11 02:15:00,CUST-2742,AGT-225,144,11.9,Resolved,4,Positive,General Inquiry
IM-2026040901,2026-04-11 02:30:00,CUST-8158,AGT-213,60,14.5,Unresolved,4,Positive,Account Management
IM-2026040902,2026-04-11 02:30:00,CUST-5002,AGT-201,93,14.3,Resolved,4,Positive,Technical Support
IM-2026040903,2026-04-11 02:45:00,CUST-4055,AGT-212,582,7.3,Unresolved,1,Negative,Network Outage
IM-2026040904,2026-04-11 03:15:00,CUST-9432,AGT-213,131,12.4,Unresolved,4,Negative,Billing & Payment
IM-2026040905,2026-04-11 03:15:00,CUST-2024,AGT-225,507,12.7,Transferred,3,Neutral,Account Management
IM-2026040906,2026-04-11 03:15:00,CUST-1218,AGT-205,140,8.7,Resolved,4,Neutral,Network Outage
IM-2026040907,2026-04-11 03:30:00,CUST-6456,AGT-227,1382,10.7,Resolved,1,Neutral,Account Management
IM-2026040908,2026-04-11 03:45:00,CUST-7548,AGT-202,1113,18.3,Unresolved,1,Negative,Billing & Payment
IM-2026040909,2026-04-11 04:00:00,CUST-4256,AGT-211,303,15.0,Transferred,1,Neutral,Billing & Payment
IM-2026040910,2026-04-11 04:45:00,CUST-4620,AGT-208,461,7.1,Resolved,1,Negative,Account Management
IM-2026040911,2026-04-11 05:00:00,CUST-8472,AGT-216,70,8.4,Resolved,4,Neutral,General Inquiry
IM-2026040912,2026-04-11 05:15:00,CUST-3017,AGT-229,239,9.6,Resolved,5,Positive,Network Outage
IM-2026040913,2026-04-11 05:30:00,CUST-4920,AGT-213,77,16.7,Unresolved,4,Positive,Network Outage
IM-2026040914,2026-04-11 05:30:00,CUST-7030,AGT-220,116,11.9,Resolved,5,Neutral,Account Management
IM-2026040915,2026-04-11 05:45:00,CUST-4638,AGT-217,393,8.1,Unresolved,1,Negative,Account Management
IM-2026040916,2026-04-11 06:00:00,CUST-8740,AGT-223,1298,15.7,Unresolved,1,Neutral,Account Management
IM-2026040917,2026-04-11 06:15:00,CUST-2110,AGT-218,436,2.0,Resolved,1,Positive,Billing & Payment
IM-2026040918,2026-04-11 06:15:00,CUST-5263,AGT-222,495,15.1,Resolved,2,Positive,Technical Support
IM-2026040919,2026-04-11 06:15:00,CUST-8634,AGT-216,61,15.2,Resolved,3,Positive,Network Outage
IM-2026040920,2026-04-11 06:30:00,CUST-1305,AGT-222,820,8.2,Resolved,2,Negative,Technical Support
IM-2026040921,2026-04-11 06:30:00,CUST-7731,AGT-227,522,8.5,Unresolved,2,Negative,Billing & Payment
IM-2026040922,2026-04-11 07:00:00,CUST-5535,AGT-216,84,21.5,Resolved,5,Neutral,Account Management
IM-2026040923,2026-04-11 07:30:00,CUST-9693,AGT-219,457,15.3,Resolved,3,Negative,Technical Support
IM-2026040924,2026-04-11 07:30:00,CUST-2302,AGT-206,305,6.4,Resolved,1,Positive,Technical Support
IM-2026040925,2026-04-11 07:30:00,CUST-4630,AGT-204,1078,12.9,Resolved,1,Negative,General Inquiry
IM-2026040926,2026-04-11 07:30:00,CUST-6688,AGT-201,871,8.7,Resolved,1,Neutral,Technical Support
IM-2026040927,2026-04-11 07:30:00,CUST-4027,AGT-202,555,18.2,Transferred,1,Neutral,Network Outage
IM-2026040928,2026-04-11 07:45:00,CUST-3589,AGT-230,242,13.4,Resolved,5,Neutral,Technical Support
IM-2026040929,2026-04-11 08:15:00,CUST-6289,AGT-220,879,17.7,Resolved,3,Negative,Billing & Payment
IM-2026040930,2026-04-11 08:15:00,CUST-5024,AGT-229,119,2.0,Resolved,5,Positive,Network Outage
IM-2026040931,2026-04-11 08:30:00,CUST-1951,AGT-204,565,17.1,Resolved,2,Negative,Technical Support
IM-2026040932,2026-04-11 08:30:00,CUST-9051,AGT-214,950,9.0,Resolved,2,Negative,Account Management
IM-2026040933,2026-04-11 08:30:00,CUST-7296,AGT-216,137,5.2,Resolved,5,Positive,Technical Support
IM-2026040934,2026-04-11 09:00:00,CUST-7377,AGT-230,406,15.8,Resolved,1,Negative,Technical Support
IM-2026040935,2026-04-11 10:00:00,CUST-1908,AGT-202,126,19.0,Resolved,3,Negative,Billing & Payment
IM-2026040936,2026-04-11 10:00:00,CUST-8214,AGT-203,134,14.9,Unresolved,4,Positive,Technical Support
IM-2026040937,2026-04-11 10:00:00,CUST-5230,AGT-220,285,8.5,Resolved,3,Neutral,General Inquiry
IM-2026040938,2026-04-11 10:15:00,CUST-1400,AGT-228,428,9.0,Resolved,1,Negative,Account Management
IM-2026040939,2026-04-11 11:30:00,CUST-3993,AGT-233,862,23.4,Transferred,1,Negative,General Inquiry
IM-2026040940,2026-04-11 13:15:00,CUST-5878,AGT-219,310,22.9,Unresolved,1,Positive,Network Outage
IM-2026040941,2026-04-11 13:30:00,CUST-2778,AGT-207,572,7.8,Unresolved,1,Negative,Billing & Payment
IM-2026040942,2026-04-11 13:30:00,CUST-2671,AGT-203,639,9.1,Unresolved,1,Negative,Account Management
IM-2026040943,2026-04-11 13:45:00,CUST-6141,AGT-219,216,15.1,Unresolved,4,Positive,Technical Support
IM-2026040944,2026-04-11 14:00:00,CUST-9575,AGT-211,387,9.6,Transferred,1,Negative,Network Outage
IM-2026040945,2026-04-11 14:00:00,CUST-6385,AGT-222,228,9.6,Resolved,3,Positive,Account Management
IM-2026040946,2026-04-11 14:15:00,CUST-3936,AGT-225,132,8.0,Resolved,5,Neutral,Billing & Payment
IM-2026040947,2026-04-11 14:30:00,CUST-3084,AGT-212,293,12.3,Resolved,3,Negative,Account Management
IM-2026040948,2026-04-11 14:30:00,CUST-8553,AGT-229,310,12.3,Resolved,2,Neutral,Billing & Payment
IM-2026040949,2026-04-11 14:30:00,CUST-4710,AGT-213,586,7.3,Resolved,1,Negative,General Inquiry
IM-2026040950,2026-04-11 14:45:00,CUST-9796,AGT-205,619,7.5,Unresolved,2,Negative,Billing & Payment
IM-2026040951,2026-04-11 14:45:00,CUST-4752,AGT-221,674,15.3,Resolved,1,Negative,Billing & Payment
IM-2026040952,2026-04-11 14:45:00,CUST-1506,AGT-224,155,14.8,Resolved,5,Positive,Billing & Payment
IM-2026040953,2026-04-11 14:45:00,CUST-9519,AGT-230,274,11.9,Unresolved,4,Neutral,Account Management
IM-2026040954,2026-04-11 14:45:00,CUST-4574,AGT-228,200,13.2,Resolved,5,Neutral,General Inquiry
IM-2026040955,2026-04-11 15:00:00,CUST-7558,AGT-201,372,2.0,Unresolved,1,Neutral,General Inquiry
IM-2026040956,2026-04-11 15:15:00,CUST-5255,AGT-209,184,12.1,Resolved,5,Neutral,Technical Support
IM-2026040957,2026-04-11 15:30:00,CUST-4969,AGT-232,195,14.4,Transferred,4,Positive,Network Outage
IM-2026040958,2026-04-11 15:30:00,CUST-5598,AGT-231,339,12.3,Resolved,3,Neutral,Network Outage
IM-2026040959,2026-04-11 15:45:00,CUST-1893,AGT-206,137,15.0,Resolved,4,Neutral,Account Management
IM-2026040960,2026-04-11 15:45:00,CUST-4779,AGT-222,1032,10.1,Unresolved,2,Neutral,Billing & Payment
IM-2026040961,2026-04-11 16:00:00,CUST-7713,AGT-214,186,10.2,Resolved,3,Positive,Technical Support
IM-2026040962,2026-04-11 16:00:00,CUST-8353,AGT-218,337,7.7,Unresolved,1,Positive,Billing & Payment
IM-2026040963,2026-04-11 16:15:00,CUST-6253,AGT-234,201,8.1,Resolved,4,Neutral,General Inquiry
IM-2026040964,2026-04-11 16:45:00,CUST-9447,AGT-222,69,9.2,Resolved,5,Neutral,Billing & Payment
IM-2026040965,2026-04-11 17:30:00,CUST-5555,AGT-216,386,7.9,Transferred,1,Negative,Network Outage
IM-2026040966,2026-04-11 17:30:00,CUST-4081,AGT-220,345,18.4,Unresolved,1,Negative,General Inquiry
IM-2026040967,2026-04-11 17:45:00,CUST-8661,AGT-204,592,10.2,Resolved,1,Negative,Billing & Payment
IM-2026040968,2026-04-11 18:00:00,CUST-9589,AGT-218,322,7.3,Transferred,1,Negative,Account Management
IM-2026040969,2026-04-11 18:00:00,CUST-3421,AGT-216,745,13.3,Resolved,1,Negative,Billing & Payment
IM-2026040970,2026-04-11 18:30:00,CUST-6075,AGT-204,108,8.5,Resolved,4,Positive,Network Outage
IM-2026040971,2026-04-11 18:45:00,CUST-3447,AGT-218,440,16.1,Unresolved,2,Negative,Technical Support
IM-2026040972,2026-04-11 19:00:00,CUST-2266,AGT-231,577,12.1,Resolved,2,Neutral,Network Outage
IM-2026040973,2026-04-11 19:00:00,CUST-1485,AGT-202,791,13.4,Unresolved,2,Positive,Billing & Payment
IM-2026040974,2026-04-11 19:15:00,CUST-5388,AGT-204,88,15.5,Resolved,4,Positive,Billing & Payment
IM-2026040975,2026-04-11 19:15:00,CUST-5991,AGT-211,123,16.8,Resolved,5,Neutral,Account Management
IM-2026040976,2026-04-11 19:30:00,CUST-3883,AGT-228,532,9.8,Unresolved,3,Neutral,Billing & Payment
IM-2026040977,2026-04-11 20:00:00,CUST-5353,AGT-223,591,9.9,Unresolved,3,Negative,Technical Support
IM-2026040978,2026-04-11 20:00:00,CUST-3131,AGT-210,83,13.6,Resolved,3,Negative,General Inquiry
IM-2026040979,2026-04-11 20:30:00,CUST-8281,AGT-223,125,8.4,Resolved,5,Negative,Technical Support
IM-2026040980,2026-04-11 20:30:00,CUST-6101,AGT-202,457,9.2,Transferred,1,Negative,Technical Support
IM-2026040981,2026-04-11 20:45:00,CUST-6950,AGT-207,91,12.0,Resolved,4,Positive,Network Outage
IM-2026040982,2026-04-11 21:00:00,CUST-4325,AGT-234,216,15.7,Resolved,5,Neutral,Technical Support
IM-2026040983,2026-04-11 22:00:00,CUST-7090,AGT-219,53,19.0,Resolved,5,Positive,General Inquiry
IM-2026040984,2026-04-11 22:15:00,CUST-2933,AGT-233,61,14.3,Resolved,5,Positive,Billing & Payment
IM-2026040985,2026-04-11 22:30:00,CUST-8224,AGT-214,483,7.0,Unresolved,3,Neutral,General Inquiry
IM-2026040986,2026-04-11 23:15:00,CUST-9444,AGT-232,480,10.1,Resolved,1,Positive,Billing & Payment
IM-2026040987,2026-04-12 00:00:00,CUST-1552,AGT-202,285,16.1,Resolved,4,Positive,Account Management
IM-2026040988,2026-04-12 00:00:00,CUST-8007,AGT-227,209,14.8,Unresolved,5,Positive,Billing & Payment
IM-2026040989,2026-04-12 00:00:00,CUST-4561,AGT-225,113,11.3,Transferred,5,Negative,Technical Support
IM-2026040990,2026-04-12 00:15:00,CUST-6584,AGT-221,454,2.0,Resolved,1,Negative,General Inquiry
IM-2026040991,2026-04-12 01:00:00,CUST-3175,AGT-214,199,10.7,Resolved,4,Positive,Network Outage
IM-2026040992,2026-04-12 01:15:00,CUST-3590,AGT-223,79,14.7,Resolved,5,Positive,Network Outage
IM-2026040993,2026-04-12 02:00:00,CUST-3380,AGT-217,1087,14.8,Unresolved,1,Negative,General Inquiry
IM-2026040994,2026-04-12 03:00:00,CUST-9120,AGT-212,328,16.8,Unresolved,1,Negative,Billing & Payment
IM-2026040995,2026-04-12 03:15:00,CUST-5892,AGT-222,120,16.6,Resolved,4,Positive,Technical Support
IM-2026040996,2026-04-12 03:30:00,CUST-9228,AGT-214,518,19.5,Unresolved,1,Negative,Technical Support
IM-2026040997,2026-04-12 03:30:00,CUST-9527,AGT-226,116,14.2,Resolved,5,Positive,Technical Support
IM-2026040998,2026-04-12 03:45:00,CUST-7713,AGT-228,409,12.1,Resolved,1,Negative,Network Outage
IM-2026040999,2026-04-12 04:15:00,CUST-1026,AGT-205,156,9.3,Resolved,5,Positive,Technical Support
IM-2026041000,2026-04-12 04:30:00,CUST-9308,AGT-222,321,2.0,Resolved,2,Negative,Network Outage
IM-2026041001,2026-04-12 04:30:00,CUST-9163,AGT-204,928,8.1,Resolved,1,Negative,Account Management
IM-2026041002,2026-04-12 05:00:00,CUST-3901,AGT-213,253,9.6,Resolved,5,Negative,Network Outage
IM-2026041003,2026-04-12 05:15:00,CUST-9012,AGT-207,80,9.6,Resolved,5,Neutral,Billing & Payment
IM-2026041004,2026-04-12 05:30:00,CUST-6181,AGT-204,393,13.5,Resolved,1,Negative,Technical Support
IM-2026041005,2026-04-12 05:45:00,CUST-3773,AGT-234,113,13.6,Resolved,3,Negative,Billing & Payment
IM-2026041006,2026-04-12 06:00:00,CUST-2391,AGT-220,303,19.6,Resolved,1,Neutral,Billing & Payment
IM-2026041007,2026-04-12 06:00:00,CUST-9356,AGT-224,781,12.6,Unresolved,2,Positive,Account Management
IM-2026041008,2026-04-12 06:15:00,CUST-1880,AGT-201,291,16.5,Resolved,5,Positive,Account Management
IM-2026041009,2026-04-12 06:30:00,CUST-8603,AGT-209,76,20.2,Resolved,5,Positive,Billing & Payment
IM-2026041010,2026-04-12 06:45:00,CUST-1223,AGT-212,99,11.0,Resolved,4,Neutral,Technical Support
IM-2026041011,2026-04-12 07:15:00,CUST-2972,AGT-208,47,13.1,Resolved,4,Negative,Billing & Payment
IM-2026041012,2026-04-12 07:15:00,CUST-3093,AGT-202,860,7.1,Resolved,1,Neutral,Technical Support
IM-2026041013,2026-04-12 08:00:00,CUST-6978,AGT-216,280,14.6,Resolved,5,Positive,Account Management
IM-2026041014,2026-04-12 08:15:00,CUST-3444,AGT-224,879,21.8,Unresolved,2,Negative,Technical Support
IM-2026041015,2026-04-12 08:15:00,CUST-2797,AGT-217,45,7.2,Resolved,4,Positive,Account Management
IM-2026041016,2026-04-12 08:15:00,CUST-8220,AGT-210,87,10.2,Resolved,5,Neutral,Technical Support
IM-2026041017,2026-04-12 08:30:00,CUST-9751,AGT-209,88,12.5,Resolved,5,Positive,Network Outage
IM-2026041018,2026-04-12 08:45:00,CUST-7910,AGT-230,545,9.9,Unresolved,2,Positive,Billing & Payment
IM-2026041019,2026-04-12 08:45:00,CUST-6368,AGT-220,1124,12.9,Resolved,2,Neutral,General Inquiry
IM-2026041020,2026-04-12 08:45:00,CUST-5398,AGT-213,2214,4.5,Resolved,1,Negative,Technical Support
IM-2026041021,2026-04-12 09:15:00,CUST-5507,AGT-220,441,11.7,Unresolved,2,Neutral,Account Management
IM-2026041022,2026-04-12 09:30:00,CUST-5784,AGT-215,161,7.2,Resolved,5,Positive,Technical Support
IM-2026041023,2026-04-12 09:45:00,CUST-3596,AGT-204,1028,7.9,Unresolved,1,Negative,Billing & Payment
IM-2026041024,2026-04-12 10:00:00,CUST-6491,AGT-232,121,6.5,Unresolved,5,Positive,General Inquiry
IM-2026041025,2026-04-12 10:15:00,CUST-2565,AGT-230,920,8.0,Unresolved,1,Neutral,Technical Support
IM-2026041026,2026-04-12 10:15:00,CUST-1876,AGT-216,100,8.0,Resolved,5,Neutral,Network Outage
IM-2026041027,2026-04-12 10:30:00,CUST-8373,AGT-225,214,6.9,Resolved,4,Positive,Account Management
IM-2026041028,2026-04-12 10:45:00,CUST-9425,AGT-207,312,14.6,Resolved,3,Negative,Network Outage
IM-2026041029,2026-04-12 11:00:00,CUST-5101,AGT-220,139,14.7,Unresolved,3,Positive,Account Management
IM-2026041030,2026-04-12 11:30:00,CUST-5831,AGT-222,392,10.8,Unresolved,2,Negative,Technical Support
IM-2026041031,2026-04-12 11:30:00,CUST-4125,AGT-216,200,17.6,Resolved,5,Neutral,Technical Support
IM-2026041032,2026-04-12 11:45:00,CUST-6974,AGT-202,115,14.5,Resolved,5,Positive,General Inquiry
IM-2026041033,2026-04-12 12:15:00,CUST-5953,AGT-233,149,7.4,Resolved,4,Positive,Account Management
IM-2026041034,2026-04-12 12:15:00,CUST-7051,AGT-226,855,14.0,Transferred,1,Negative,Billing & Payment
IM-2026041035,2026-04-12 12:30:00,CUST-5151,AGT-212,778,7.8,Resolved,1,Negative,Technical Support
IM-2026041036,2026-04-12 13:00:00,CUST-6220,AGT-228,48,20.9,Resolved,5,Positive,Billing & Payment
IM-2026041037,2026-04-12 13:30:00,CUST-6245,AGT-234,368,13.7,Resolved,1,Negative,Technical Support
IM-2026041038,2026-04-12 14:00:00,CUST-5329,AGT-217,358,22.9,Unresolved,2,Negative,Billing & Payment
IM-2026041039,2026-04-12 14:00:00,CUST-8575,AGT-205,325,6.0,Unresolved,1,Positive,Technical Support
IM-2026041040,2026-04-12 14:00:00,CUST-2989,AGT-217,574,20.4,Transferred,3,Negative,Billing & Payment
IM-2026041041,2026-04-12 14:30:00,CUST-1101,AGT-221,700,10.0,Unresolved,2,Neutral,Technical Support
IM-2026041042,2026-04-12 14:45:00,CUST-9590,AGT-221,130,18.0,Resolved,4,Positive,Network Outage
IM-2026041043,2026-04-12 15:15:00,CUST-4959,AGT-205,274,16.4,Resolved,4,Negative,General Inquiry
IM-2026041044,2026-04-12 16:00:00,CUST-2321,AGT-207,52,13.6,Resolved,4,Negative,Network Outage
IM-2026041045,2026-04-12 16:15:00,CUST-7694,AGT-215,758,3.4,Transferred,1,Neutral,Account Management
IM-2026041046,2026-04-12 16:15:00,CUST-2145,AGT-213,49,21.4,Resolved,5,Positive,Account Management
IM-2026041047,2026-04-12 16:15:00,CUST-8696,AGT-211,94,11.7,Resolved,5,Positive,Account Management
IM-2026041048,2026-04-12 16:30:00,CUST-7476,AGT-209,603,11.5,Transferred,1,Negative,Account Management
IM-2026041049,2026-04-12 17:00:00,CUST-9226,AGT-229,759,22.2,Unresolved,1,Neutral,General Inquiry
IM-2026041050,2026-04-12 17:30:00,CUST-2290,AGT-217,578,9.9,Resolved,2,Negative,Technical Support
IM-2026041051,2026-04-12 18:00:00,CUST-2997,AGT-208,389,11.7,Unresolved,1,Negative,Billing & Payment
IM-2026041052,2026-04-12 18:15:00,CUST-9813,AGT-209,49,14.7,Transferred,4,Positive,Technical Support
IM-2026041053,2026-04-12 18:30:00,CUST-8828,AGT-222,230,12.4,Resolved,5,Neutral,Account Management
IM-2026041054,2026-04-12 18:45:00,CUST-8105,AGT-222,112,4.1,Resolved,4,Negative,Technical Support
IM-2026041055,2026-04-12 19:00:00,CUST-5546,AGT-207,1298,6.5,Resolved,1,Negative,Technical Support
IM-2026041056,2026-04-12 19:30:00,CUST-4984,AGT-233,451,13.9,Resolved,3,Negative,Account Management
IM-2026041057,2026-04-12 20:00:00,CUST-6528,AGT-207,450,6.6,Resolved,2,Negative,General Inquiry
IM-2026041058,2026-04-12 20:00:00,CUST-5808,AGT-201,73,15.5,Resolved,5,Positive,Technical Support
IM-2026041059,2026-04-12 20:00:00,CUST-1065,AGT-209,353,12.5,Resolved,3,Neutral,Network Outage
IM-2026041060,2026-04-12 20:00:00,CUST-2101,AGT-202,230,15.2,Resolved,5,Positive,Account Management
IM-2026041061,2026-04-12 20:30:00,CUST-8137,AGT-231,293,11.1,Resolved,5,Positive,Technical Support
IM-2026041062,2026-04-12 20:30:00,CUST-2947,AGT-203,763,14.2,Unresolved,1,Negative,Technical Support
IM-2026041063,2026-04-12 20:45:00,CUST-2664,AGT-221,128,13.3,Resolved,3,Positive,Account Management
IM-2026041064,2026-04-12 20:45:00,CUST-2206,AGT-226,473,9.3,Unresolved,1,Negative,Account Management
IM-2026041065,2026-04-12 20:45:00,CUST-1002,AGT-230,763,17.3,Unresolved,1,Negative,General Inquiry
IM-2026041066,2026-04-12 21:15:00,CUST-1848,AGT-214,409,7.9,Resolved,2,Positive,Technical Support
IM-2026041067,2026-04-12 21:30:00,CUST-5838,AGT-202,454,17.7,Resolved,1,Positive,Technical Support
IM-2026041068,2026-04-12 21:30:00,CUST-3937,AGT-223,134,10.3,Resolved,5,Positive,Billing & Payment
IM-2026041069,2026-04-12 22:00:00,CUST-3979,AGT-222,361,5.9,Transferred,2,Neutral,Account Management
IM-2026041070,2026-04-12 22:15:00,CUST-1453,AGT-204,991,12.3,Resolved,2,Negative,Technical Support
IM-2026041071,2026-04-12 23:00:00,CUST-7630,AGT-211,481,12.2,Resolved,2,Neutral,Technical Support
IM-2026041072,2026-04-13 00:15:00,CUST-9468,AGT-221,272,14.3,Unresolved,4,Positive,Technical Support
IM-2026041073,2026-04-13 00:45:00,CUST-5332,AGT-234,48,18.5,Resolved,4,Neutral,Technical Support
IM-2026041074,2026-04-13 01:30:00,CUST-7226,AGT-230,175,14.5,Resolved,5,Positive,General Inquiry
IM-2026041075,2026-04-13 01:30:00,CUST-8885,AGT-208,232,2.2,Resolved,5,Neutral,Billing & Payment
IM-2026041076,2026-04-13 01:45:00,CUST-2823,AGT-211,83,4.6,Resolved,5,Positive,Technical Support
IM-2026041077,2026-04-13 01:45:00,CUST-2471,AGT-214,1635,19.7,Unresolved,1,Neutral,Network Outage
IM-2026041078,2026-04-13 02:00:00,CUST-9776,AGT-230,177,19.5,Resolved,5,Negative,Technical Support
IM-2026041079,2026-04-13 02:15:00,CUST-6623,AGT-221,296,11.0,Resolved,5,Positive,General Inquiry
IM-2026041080,2026-04-13 02:15:00,CUST-4620,AGT-233,105,16.2,Resolved,4,Positive,Billing & Payment
IM-2026041081,2026-04-13 02:15:00,CUST-6554,AGT-214,353,16.9,Unresolved,2,Negative,Account Management
IM-2026041082,2026-04-13 02:30:00,CUST-7665,AGT-204,1016,5.0,Resolved,1,Neutral,Account Management
IM-2026041083,2026-04-13 02:30:00,CUST-3607,AGT-205,67,12.8,Resolved,4,Positive,Billing & Payment
IM-2026041084,2026-04-13 03:00:00,CUST-7441,AGT-220,322,17.2,Unresolved,1,Negative,Billing & Payment
IM-2026041085,2026-04-13 03:15:00,CUST-5648,AGT-203,739,14.3,Resolved,1,Negative,Billing & Payment
IM-2026041086,2026-04-13 03:30:00,CUST-2405,AGT-206,75,10.8,Resolved,4,Positive,Network Outage
IM-2026041087,2026-04-13 03:45:00,CUST-5254,AGT-202,270,11.3,Resolved,5,Negative,Technical Support
IM-2026041088,2026-04-13 04:00:00,CUST-3815,AGT-203,173,7.9,Resolved,5,Neutral,Account Management
IM-2026041089,2026-04-13 04:30:00,CUST-7345,AGT-233,453,12.4,Transferred,1,Negative,General Inquiry
IM-2026041090,2026-04-13 04:30:00,CUST-5258,AGT-224,613,15.0,Unresolved,1,Negative,Account Management
IM-2026041091,2026-04-13 04:45:00,CUST-4528,AGT-223,238,13.7,Resolved,5,Neutral,Technical Support
IM-2026041092,2026-04-13 04:45:00,CUST-6066,AGT-202,182,10.5,Resolved,5,Positive,Billing & Payment
IM-2026041093,2026-04-13 05:00:00,CUST-6935,AGT-228,108,16.5,Resolved,4,Negative,Network Outage
IM-2026041094,2026-04-13 05:00:00,CUST-6559,AGT-229,137,12.9,Resolved,4,Positive,Billing & Payment
IM-2026041095,2026-04-13 05:30:00,CUST-3805,AGT-215,56,13.7,Resolved,5,Neutral,Account Management
IM-2026041096,2026-04-13 05:45:00,CUST-4254,AGT-205,344,7.3,Resolved,1,Negative,Network Outage
IM-2026041097,2026-04-13 05:45:00,CUST-7449,AGT-204,68,13.5,Resolved,4,Positive,Technical Support
IM-2026041098,2026-04-13 05:45:00,CUST-2417,AGT-224,253,12.5,Resolved,5,Positive,Technical Support
IM-2026041099,2026-04-13 05:45:00,CUST-6482,AGT-222,381,13.6,Unresolved,3,Negative,General Inquiry
IM-2026041100,2026-04-13 06:15:00,CUST-8776,AGT-230,232,8.3,Resolved,5,Positive,Technical Support
IM-2026041101,2026-04-13 06:30:00,CUST-3768,AGT-234,151,13.7,Resolved,3,Positive,Network Outage
IM-2026041102,2026-04-13 07:00:00,CUST-7654,AGT-231,366,15.5,Resolved,1,Neutral,Billing & Payment
IM-2026041103,2026-04-13 07:15:00,CUST-5427,AGT-208,56,12.9,Resolved,5,Neutral,Network Outage
IM-2026041104,2026-04-13 07:30:00,CUST-3930,AGT-217,220,7.3,Resolved,5,Positive,Network Outage
IM-2026041105,2026-04-13 07:30:00,CUST-7436,AGT-221,290,12.9,Resolved,5,Positive,Billing & Payment
IM-2026041106,2026-04-13 07:45:00,CUST-4774,AGT-204,811,12.2,Resolved,2,Negative,Network Outage
IM-2026041107,2026-04-13 07:45:00,CUST-7896,AGT-225,339,10.0,Resolved,1,Neutral,Billing & Payment
IM-2026041108,2026-04-13 08:00:00,CUST-6530,AGT-232,1068,3.9,Resolved,1,Negative,Billing & Payment
IM-2026041109,2026-04-13 08:00:00,CUST-3694,AGT-217,741,9.7,Transferred,1,Negative,Billing & Payment
IM-2026041110,2026-04-13 08:15:00,CUST-4228,AGT-216,388,12.8,Resolved,1,Negative,General Inquiry
IM-2026041111,2026-04-13 08:30:00,CUST-6541,AGT-218,351,14.0,Resolved,1,Negative,Account Management
IM-2026041112,2026-04-13 08:30:00,CUST-2999,AGT-204,709,5.9,Transferred,2,Negative,Network Outage
IM-2026041113,2026-04-13 08:45:00,CUST-5982,AGT-210,199,17.5,Unresolved,4,Neutral,Account Management
IM-2026041114,2026-04-13 09:00:00,CUST-2336,AGT-223,759,2.0,Resolved,1,Negative,Billing & Payment
IM-2026041115,2026-04-13 09:45:00,CUST-3446,AGT-228,839,6.0,Unresolved,1,Negative,Technical Support
IM-2026041116,2026-04-13 10:15:00,CUST-8136,AGT-225,753,12.4,Resolved,2,Negative,Network Outage
IM-2026041117,2026-04-13 10:15:00,CUST-5002,AGT-229,83,10.7,Resolved,5,Positive,Account Management
IM-2026041118,2026-04-13 11:15:00,CUST-9959,AGT-206,911,11.3,Resolved,1,Negative,Account Management
IM-2026041119,2026-04-13 11:15:00,CUST-8097,AGT-219,362,6.5,Unresolved,1,Negative,Account Management
IM-2026041120,2026-04-13 11:15:00,CUST-5614,AGT-215,125,2.0,Resolved,4,Neutral,Account Management
IM-2026041121,2026-04-13 11:15:00,CUST-7455,AGT-225,66,6.7,Resolved,5,Positive,Network Outage
IM-2026041122,2026-04-13 11:30:00,CUST-1270,AGT-228,820,15.3,Resolved,2,Negative,Billing & Payment
IM-2026041123,2026-04-13 11:45:00,CUST-7599,AGT-213,644,9.4,Resolved,2,Negative,Account Management
IM-2026041124,2026-04-13 12:00:00,CUST-3536,AGT-206,192,6.8,Resolved,5,Positive,Network Outage
IM-2026041125,2026-04-13 12:00:00,CUST-5759,AGT-203,51,10.3,Resolved,3,Neutral,Network Outage
IM-2026041126,2026-04-13 12:00:00,CUST-6311,AGT-228,745,7.3,Unresolved,2,Negative,Billing & Payment
IM-2026041127,2026-04-13 12:00:00,CUST-8103,AGT-208,282,17.6,Resolved,4,Positive,Technical Support
IM-2026041128,2026-04-13 12:15:00,CUST-6670,AGT-205,138,2.0,Resolved,5,Negative,Network Outage
IM-2026041129,2026-04-13 12:45:00,CUST-2859,AGT-233,322,2.0,Unresolved,1,Neutral,General Inquiry
IM-2026041130,2026-04-13 12:45:00,CUST-1711,AGT-214,221,9.6,Resolved,5,Positive,Technical Support
IM-2026041131,2026-04-13 12:45:00,CUST-5003,AGT-202,83,19.9,Resolved,3,Positive,Billing & Payment
IM-2026041132,2026-04-13 13:00:00,CUST-8597,AGT-215,175,13.9,Resolved,5,Neutral,Technical Support
IM-2026041133,2026-04-13 13:00:00,CUST-5358,AGT-212,2142,9.6,Resolved,3,Negative,General Inquiry
IM-2026041134,2026-04-13 13:00:00,CUST-2922,AGT-212,55,18.9,Resolved,5,Neutral,Account Management
IM-2026041135,2026-04-13 13:00:00,CUST-6024,AGT-206,308,4.7,Unresolved,3,Neutral,Billing & Payment
IM-2026041136,2026-04-13 13:45:00,CUST-8261,AGT-204,165,9.9,Resolved,5,Positive,Network Outage
IM-2026041137,2026-04-13 14:00:00,CUST-9733,AGT-201,108,20.9,Resolved,5,Positive,Billing & Payment
IM-2026041138,2026-04-13 14:00:00,CUST-9320,AGT-225,45,18.4,Resolved,4,Positive,Technical Support
IM-2026041139,2026-04-13 14:15:00,CUST-4787,AGT-220,371,6.4,Resolved,1,Negative,Billing & Payment
IM-2026041140,2026-04-13 14:30:00,CUST-4032,AGT-229,175,20.6,Resolved,5,Positive,Network Outage
IM-2026041141,2026-04-13 14:30:00,CUST-4323,AGT-217,445,15.0,Unresolved,2,Positive,Billing & Payment
IM-2026041142,2026-04-13 14:30:00,CUST-2619,AGT-219,233,3.2,Resolved,4,Positive,Billing & Payment
IM-2026041143,2026-04-13 14:45:00,CUST-6604,AGT-229,159,12.7,Resolved,4,Positive,Technical Support
IM-2026041144,2026-04-13 15:45:00,CUST-7023,AGT-217,217,11.6,Resolved,4,Positive,General Inquiry
IM-2026041145,2026-04-13 16:00:00,CUST-4860,AGT-224,298,12.2,Transferred,4,Positive,Account Management
IM-2026041146,2026-04-13 16:00:00,CUST-4532,AGT-201,363,16.0,Unresolved,1,Negative,Technical Support
IM-2026041147,2026-04-13 16:00:00,CUST-9700,AGT-227,446,12.5,Unresolved,2,Negative,Technical Support
IM-2026041148,2026-04-13 16:00:00,CUST-8898,AGT-229,239,6.1,Resolved,3,Positive,General Inquiry
IM-2026041149,2026-04-13 16:15:00,CUST-6577,AGT-223,199,9.3,Unresolved,3,Negative,Account Management
IM-2026041150,2026-04-13 17:30:00,CUST-8004,AGT-205,140,13.9,Resolved,4,Negative,Billing & Payment
IM-2026041151,2026-04-13 17:45:00,CUST-1355,AGT-217,343,10.2,Resolved,1,Positive,General Inquiry
IM-2026041152,2026-04-13 18:30:00,CUST-7704,AGT-220,696,4.2,Transferred,1,Negative,Billing & Payment
IM-2026041153,2026-04-13 18:45:00,CUST-3079,AGT-217,62,11.8,Resolved,5,Neutral,Technical Support
IM-2026041154,2026-04-13 19:00:00,CUST-9146,AGT-215,127,16.6,Resolved,5,Positive,Network Outage
IM-2026041155,2026-04-13 19:00:00,CUST-9379,AGT-205,638,8.6,Unresolved,3,Positive,Technical Support
IM-2026041156,2026-04-13 19:15:00,CUST-2813,AGT-209,66,18.0,Resolved,5,Neutral,Billing & Payment
IM-2026041157,2026-04-13 20:15:00,CUST-9591,AGT-201,393,10.2,Resolved,3,Negative,Account Management
IM-2026041158,2026-04-13 20:45:00,CUST-9422,AGT-207,1231,10.3,Resolved,3,Negative,Network Outage
IM-2026041159,2026-04-13 21:00:00,CUST-6238,AGT-226,117,13.2,Resolved,4,Positive,Technical Support
IM-2026041160,2026-04-13 21:00:00,CUST-4874,AGT-232,369,8.1,Resolved,3,Negative,Account Management
IM-2026041161,2026-04-13 21:15:00,CUST-5716,AGT-229,469,6.4,Resolved,1,Neutral,Billing & Payment
IM-2026041162,2026-04-13 21:30:00,CUST-4669,AGT-215,551,19.7,Resolved,2,Negative,Billing & Payment
IM-2026041163,2026-04-13 21:30:00,CUST-8233,AGT-221,407,12.7,Unresolved,2,Negative,Billing & Payment
IM-2026041164,2026-04-13 21:45:00,CUST-5206,AGT-225,47,16.3,Resolved,5,Positive,Account Management
IM-2026041165,2026-04-13 22:00:00,CUST-6527,AGT-225,277,8.9,Resolved,5,Positive,Billing & Payment
IM-2026041166,2026-04-13 22:00:00,CUST-2128,AGT-232,702,16.7,Resolved,3,Negative,Billing & Payment
IM-2026041167,2026-04-13 22:30:00,CUST-2977,AGT-215,352,16.1,Unresolved,2,Negative,Billing & Payment
IM-2026041168,2026-04-13 22:45:00,CUST-1423,AGT-224,279,18.9,Resolved,4,Neutral,Account Management
IM-2026041169,2026-04-13 22:45:00,CUST-6499,AGT-207,127,14.1,Resolved,5,Positive,Account Management
IM-2026041170,2026-04-13 23:00:00,CUST-5496,AGT-215,450,10.9,Unresolved,2,Neutral,Technical Support
IM-2026041171,2026-04-13 23:00:00,CUST-5540,AGT-219,734,10.1,Resolved,2,Negative,Billing & Payment
IM-2026041172,2026-04-13 23:00:00,CUST-7504,AGT-210,380,16.0,Resolved,1,Neutral,Network Outage
IM-2026041173,2026-04-13 23:00:00,CUST-3906,AGT-233,889,27.4,Resolved,1,Negative,Billing & Payment
IM-2026041174,2026-04-13 23:15:00,CUST-7376,AGT-206,362,2.0,Unresolved,2,Negative,Network Outage
IM-2026041175,2026-04-13 23:15:00,CUST-2619,AGT-222,93,9.9,Resolved,5,Positive,Network Outage
IM-2026041176,2026-04-13 23:30:00,CUST-3764,AGT-232,1485,13.1,Resolved,3,Negative,Account Management
IM-2026041177,2026-04-13 23:45:00,CUST-4329,AGT-226,635,19.1,Resolved,1,Neutral,Technical Support
IM-2026041178,2026-04-13 23:45:00,CUST-4610,AGT-209,1191,14.2,Resolved,2,Negative,Technical Support
IM-2026041179,2026-04-14 00:00:00,CUST-8234,AGT-203,111,15.3,Resolved,4,Positive,Technical Support
IM-2026041180,2026-04-14 00:30:00,CUST-2674,AGT-219,471,13.1,Resolved,1,Negative,Account Management
IM-2026041181,2026-04-14 00:45:00,CUST-1716,AGT-221,314,7.4,Resolved,1,Neutral,Billing & Payment
IM-2026041182,2026-04-14 00:45:00,CUST-9157,AGT-234,279,7.0,Resolved,5,Positive,Technical Support
IM-2026041183,2026-04-14 01:00:00,CUST-7156,AGT-232,302,11.9,Unresolved,1,Negative,Account Management
IM-2026041184,2026-04-14 01:00:00,CUST-7806,AGT-201,588,4.9,Unresolved,2,Neutral,Billing & Payment
IM-2026041185,2026-04-14 01:15:00,CUST-1921,AGT-221,146,10.5,Resolved,4,Positive,General Inquiry
IM-2026041186,2026-04-14 02:15:00,CUST-4625,AGT-203,229,19.0,Resolved,5,Neutral,Billing & Payment
IM-2026041187,2026-04-14 02:15:00,CUST-8099,AGT-213,548,11.4,Resolved,1,Negative,Billing & Payment
IM-2026041188,2026-04-14 02:15:00,CUST-9675,AGT-205,519,8.8,Unresolved,1,Negative,Technical Support
IM-2026041189,2026-04-14 02:30:00,CUST-9886,AGT-234,346,7.8,Resolved,2,Negative,Account Management
IM-2026041190,2026-04-14 02:30:00,CUST-1637,AGT-220,88,7.0,Resolved,4,Positive,Billing & Payment
IM-2026041191,2026-04-14 03:30:00,CUST-4341,AGT-205,398,9.3,Unresolved,3,Neutral,Technical Support
IM-2026041192,2026-04-14 03:30:00,CUST-3925,AGT-230,276,14.5,Resolved,4,Neutral,Account Management
IM-2026041193,2026-04-14 03:30:00,CUST-4644,AGT-201,2718,7.8,Resolved,1,Positive,Billing & Payment
IM-2026041194,2026-04-14 03:45:00,CUST-1496,AGT-205,354,12.8,Resolved,2,Positive,Network Outage
IM-2026041195,2026-04-14 03:45:00,CUST-8887,AGT-218,320,15.2,Transferred,1,Negative,General Inquiry
IM-2026041196,2026-04-14 04:30:00,CUST-6832,AGT-204,228,12.8,Resolved,5,Positive,Account Management
IM-2026041197,2026-04-14 04:30:00,CUST-6177,AGT-220,720,7.5,Unresolved,1,Negative,Account Management
IM-2026041198,2026-04-14 04:45:00,CUST-8961,AGT-219,467,10.7,Unresolved,3,Neutral,Billing & Payment
IM-2026041199,2026-04-14 04:45:00,CUST-7770,AGT-203,78,5.3,Resolved,5,Positive,Billing & Payment
IM-2026041200,2026-04-14 05:00:00,CUST-9051,AGT-208,385,15.2,Resolved,1,Negative,General Inquiry
IM-2026041201,2026-04-14 05:30:00,CUST-1721,AGT-230,121,17.2,Resolved,5,Neutral,General Inquiry
IM-2026041202,2026-04-14 05:30:00,CUST-5812,AGT-211,659,21.4,Resolved,2,Negative,General Inquiry
IM-2026041203,2026-04-14 05:30:00,CUST-8461,AGT-224,105,5.1,Resolved,4,Neutral,Network Outage
IM-2026041204,2026-04-14 05:45:00,CUST-6307,AGT-203,551,3.9,Resolved,2,Negative,Technical Support
IM-2026041205,2026-04-14 05:45:00,CUST-3424,AGT-221,84,6.7,Transferred,5,Positive,Account Management
IM-2026041206,2026-04-14 06:00:00,CUST-4473,AGT-213,538,11.1,Unresolved,2,Negative,General Inquiry
IM-2026041207,2026-04-14 06:30:00,CUST-8830,AGT-222,161,7.1,Resolved,5,Positive,General Inquiry
IM-2026041208,2026-04-14 06:30:00,CUST-9867,AGT-219,847,8.1,Resolved,1,Negative,Network Outage
IM-2026041209,2026-04-14 06:45:00,CUST-2277,AGT-223,119,6.0,Unresolved,3,Positive,Technical Support
IM-2026041210,2026-04-14 06:45:00,CUST-7958,AGT-222,724,15.7,Resolved,1,Neutral,Billing & Payment
IM-2026041211,2026-04-14 07:15:00,CUST-1137,AGT-213,102,12.3,Resolved,4,Positive,Account Management
IM-2026041212,2026-04-14 07:30:00,CUST-5852,AGT-220,306,8.9,Unresolved,2,Positive,Technical Support
IM-2026041213,2026-04-14 07:30:00,CUST-9209,AGT-229,161,11.2,Resolved,5,Positive,Network Outage
IM-2026041214,2026-04-14 07:45:00,CUST-8965,AGT-229,374,7.3,Unresolved,1,Negative,Technical Support
IM-2026041215,2026-04-14 08:00:00,CUST-3749,AGT-210,161,15.5,Resolved,4,Positive,Technical Support
IM-2026041216,2026-04-14 08:30:00,CUST-2216,AGT-224,156,10.2,Resolved,5,Positive,Account Management
IM-2026041217,2026-04-14 08:45:00,CUST-5665,AGT-223,737,5.5,Unresolved,1,Positive,Network Outage
IM-2026041218,2026-04-14 09:00:00,CUST-9743,AGT-212,158,4.2,Resolved,4,Positive,Technical Support
IM-2026041219,2026-04-14 09:30:00,CUST-7402,AGT-226,334,14.6,Unresolved,1,Negative,Account Management
IM-2026041220,2026-04-14 09:45:00,CUST-1450,AGT-219,67,13.9,Resolved,5,Positive,Account Management
IM-2026041221,2026-04-14 10:00:00,CUST-1440,AGT-226,482,6.0,Unresolved,1,Negative,General Inquiry
IM-2026041222,2026-04-14 10:15:00,CUST-4588,AGT-229,89,17.0,Resolved,4,Positive,Billing & Payment
IM-2026041223,2026-04-14 10:45:00,CUST-7956,AGT-216,384,17.6,Resolved,1,Neutral,Billing & Payment
IM-2026041224,2026-04-14 11:00:00,CUST-7352,AGT-232,784,15.3,Resolved,1,Negative,Billing & Payment
IM-2026041225,2026-04-14 12:00:00,CUST-4238,AGT-202,388,9.5,Resolved,1,Neutral,Account Management
IM-2026041226,2026-04-14 12:15:00,CUST-8935,AGT-214,234,9.9,Resolved,5,Negative,Network Outage
IM-2026041227,2026-04-14 12:15:00,CUST-9686,AGT-224,1843,21.4,Resolved,3,Negative,General Inquiry
IM-2026041228,2026-04-14 12:30:00,CUST-6406,AGT-213,1032,6.7,Resolved,1,Negative,Network Outage
IM-2026041229,2026-04-14 12:30:00,CUST-5626,AGT-223,520,18.8,Unresolved,2,Positive,Billing & Payment
IM-2026041230,2026-04-14 12:30:00,CUST-9211,AGT-212,642,12.0,Resolved,2,Negative,Billing & Payment
IM-2026041231,2026-04-14 12:30:00,CUST-2605,AGT-220,164,14.3,Resolved,4,Positive,Account Management
IM-2026041232,2026-04-14 12:45:00,CUST-3108,AGT-203,464,18.5,Resolved,1,Negative,Billing & Payment
IM-2026041233,2026-04-14 12:45:00,CUST-6932,AGT-234,570,21.5,Resolved,1,Negative,Technical Support
IM-2026041234,2026-04-14 13:15:00,CUST-4380,AGT-228,280,15.5,Resolved,3,Positive,General Inquiry
IM-2026041235,2026-04-14 13:15:00,CUST-1602,AGT-218,374,16.5,Unresolved,2,Negative,Account Management
IM-2026041236,2026-04-14 13:30:00,CUST-7040,AGT-202,149,8.4,Resolved,5,Neutral,Technical Support
IM-2026041237,2026-04-14 13:30:00,CUST-3922,AGT-201,760,2.7,Unresolved,1,Negative,Billing & Payment
IM-2026041238,2026-04-14 13:45:00,CUST-1551,AGT-206,70,10.1,Resolved,4,Neutral,Technical Support
IM-2026041239,2026-04-14 13:45:00,CUST-8384,AGT-233,726,11.1,Resolved,1,Negative,Technical Support
IM-2026041240,2026-04-14 13:45:00,CUST-2164,AGT-203,128,14.8,Resolved,3,Neutral,Account Management
IM-2026041241,2026-04-14 14:15:00,CUST-2757,AGT-231,1467,10.3,Resolved,3,Neutral,Billing & Payment
IM-2026041242,2026-04-14 14:45:00,CUST-7448,AGT-231,122,14.6,Resolved,5,Positive,Billing & Payment
IM-2026041243,2026-04-14 15:00:00,CUST-1737,AGT-221,130,14.5,Resolved,5,Positive,Network Outage
IM-2026041244,2026-04-14 15:00:00,CUST-9045,AGT-219,155,13.6,Resolved,5,Positive,Network Outage
IM-2026041245,2026-04-14 15:15:00,CUST-5002,AGT-221,535,7.9,Unresolved,2,Negative,Network Outage
IM-2026041246,2026-04-14 15:15:00,CUST-9505,AGT-201,87,2.4,Resolved,5,Positive,Network Outage
IM-2026041247,2026-04-14 15:30:00,CUST-3393,AGT-216,179,10.3,Resolved,5,Positive,Billing & Payment
IM-2026041248,2026-04-14 16:00:00,CUST-1910,AGT-230,88,7.0,Resolved,5,Neutral,Billing & Payment
IM-2026041249,2026-04-14 16:00:00,CUST-5026,AGT-224,601,12.3,Resolved,3,Negative,Technical Support
IM-2026041250,2026-04-14 16:15:00,CUST-2961,AGT-232,193,4.5,Resolved,4,Positive,Network Outage
IM-2026041251,2026-04-14 16:30:00,CUST-5674,AGT-222,514,12.3,Resolved,2,Positive,Technical Support
IM-2026041252,2026-04-14 16:30:00,CUST-7263,AGT-217,234,9.8,Resolved,4,Positive,Network Outage
IM-2026041253,2026-04-14 16:45:00,CUST-4352,AGT-209,823,12.1,Unresolved,3,Negative,Technical Support
IM-2026041254,2026-04-14 16:45:00,CUST-8889,AGT-209,314,6.2,Resolved,1,Positive,General Inquiry
IM-2026041255,2026-04-14 17:00:00,CUST-1084,AGT-228,224,10.9,Unresolved,5,Negative,Billing & Payment
IM-2026041256,2026-04-14 17:00:00,CUST-3019,AGT-210,475,15.4,Resolved,1,Neutral,Network Outage
IM-2026041257,2026-04-14 17:15:00,CUST-6507,AGT-206,436,2.7,Unresolved,1,Neutral,Billing & Payment
IM-2026041258,2026-04-14 17:30:00,CUST-7512,AGT-228,141,8.5,Resolved,5,Neutral,Network Outage
IM-2026041259,2026-04-14 17:45:00,CUST-9511,AGT-228,78,10.7,Unresolved,5,Positive,Technical Support
IM-2026041260,2026-04-14 18:00:00,CUST-8664,AGT-203,602,19.5,Resolved,1,Neutral,Billing & Payment
IM-2026041261,2026-04-14 18:15:00,CUST-3807,AGT-213,250,9.9,Resolved,3,Positive,Network Outage
IM-2026041262,2026-04-14 19:00:00,CUST-6951,AGT-225,1743,12.4,Resolved,1,Negative,Billing & Payment
IM-2026041263,2026-04-14 19:15:00,CUST-5312,AGT-204,163,5.0,Resolved,5,Positive,Account Management
IM-2026041264,2026-04-14 19:30:00,CUST-7545,AGT-210,809,11.2,Resolved,1,Negative,Network Outage
IM-2026041265,2026-04-14 20:00:00,CUST-4176,AGT-220,165,3.9,Resolved,4,Neutral,Technical Support
IM-2026041266,2026-04-14 20:30:00,CUST-7679,AGT-223,254,18.1,Resolved,4,Positive,Account Management
IM-2026041267,2026-04-14 20:45:00,CUST-3425,AGT-228,344,11.3,Resolved,2,Negative,Network Outage
IM-2026041268,2026-04-14 21:00:00,CUST-4371,AGT-234,79,12.7,Resolved,5,Neutral,Account Management
IM-2026041269,2026-04-14 21:15:00,CUST-8649,AGT-203,757,11.9,Resolved,1,Negative,Technical Support
IM-2026041270,2026-04-14 21:15:00,CUST-9775,AGT-214,416,15.5,Resolved,1,Negative,Technical Support
IM-2026041271,2026-04-14 21:30:00,CUST-5946,AGT-215,396,13.6,Transferred,1,Negative,Technical Support
IM-2026041272,2026-04-14 21:30:00,CUST-7867,AGT-213,728,8.1,Resolved,2,Neutral,Account Management
IM-2026041273,2026-04-14 21:45:00,CUST-7277,AGT-209,1017,20.3,Unresolved,1,Negative,General Inquiry
IM-2026041274,2026-04-14 22:00:00,CUST-3371,AGT-225,244,9.3,Resolved,5,Positive,Billing & Payment
IM-2026041275,2026-04-14 22:00:00,CUST-3441,AGT-212,751,3.0,Unresolved,2,Neutral,Account Management
IM-2026041276,2026-04-14 22:00:00,CUST-3446,AGT-224,181,4.7,Resolved,5,Positive,Billing & Payment
IM-2026041277,2026-04-14 22:15:00,CUST-7127,AGT-234,396,8.8,Unresolved,1,Negative,Network Outage
IM-2026041278,2026-04-14 23:00:00,CUST-4848,AGT-209,166,6.4,Resolved,4,Positive,Billing & Payment
IM-2026041279,2026-04-14 23:30:00,CUST-9229,AGT-211,180,12.5,Resolved,4,Positive,Billing & Payment
IM-2026041280,2026-04-14 23:30:00,CUST-3923,AGT-234,75,14.4,Resolved,5,Positive,Account Management
IM-2026041281,2026-04-15 00:00:00,CUST-8476,AGT-204,158,16.9,Resolved,5,Neutral,Network Outage
IM-2026041282,2026-04-15 00:15:00,CUST-4534,AGT-232,66,15.9,Resolved,4,Neutral,Technical Support
IM-2026041283,2026-04-15 00:30:00,CUST-6612,AGT-205,689,7.5,Transferred,1,Negative,Network Outage
IM-2026041284,2026-04-15 00:45:00,CUST-4887,AGT-232,1104,8.5,Resolved,2,Negative,Billing & Payment
IM-2026041285,2026-04-15 01:15:00,CUST-2665,AGT-229,1709,2.9,Unresolved,1,Neutral,General Inquiry
IM-2026041286,2026-04-15 01:30:00,CUST-9760,AGT-231,47,13.2,Resolved,5,Positive,Network Outage
IM-2026041287,2026-04-15 01:45:00,CUST-9318,AGT-204,549,16.8,Resolved,1,Neutral,Billing & Payment
IM-2026041288,2026-04-15 02:00:00,CUST-3280,AGT-229,206,18.3,Resolved,5,Neutral,Billing & Payment
IM-2026041289,2026-04-15 02:30:00,CUST-7462,AGT-201,690,2.2,Resolved,1,Negative,Account Management
IM-2026041290,2026-04-15 03:30:00,CUST-9119,AGT-230,353,14.2,Unresolved,1,Neutral,Technical Support
IM-2026041291,2026-04-15 03:45:00,CUST-1783,AGT-231,258,5.7,Resolved,3,Neutral,Network Outage
IM-2026041292,2026-04-15 03:45:00,CUST-9172,AGT-215,67,15.2,Unresolved,5,Positive,Billing & Payment
IM-2026041293,2026-04-15 04:15:00,CUST-1645,AGT-224,287,12.2,Resolved,5,Neutral,Network Outage
IM-2026041294,2026-04-15 04:30:00,CUST-3556,AGT-211,79,20.9,Resolved,4,Neutral,Billing & Payment
IM-2026041295,2026-04-15 04:30:00,CUST-4801,AGT-202,297,16.6,Resolved,4,Positive,Network Outage
IM-2026041296,2026-04-15 05:00:00,CUST-6978,AGT-202,681,11.6,Unresolved,1,Negative,Technical Support
IM-2026041297,2026-04-15 05:00:00,CUST-3012,AGT-213,200,10.6,Unresolved,5,Neutral,Account Management
IM-2026041298,2026-04-15 05:15:00,CUST-8623,AGT-209,479,10.1,Unresolved,1,Negative,Account Management
IM-2026041299,2026-04-15 05:15:00,CUST-4700,AGT-234,195,10.6,Resolved,5,Neutral,Technical Support
IM-2026041300,2026-04-15 05:45:00,CUST-1462,AGT-230,969,8.9,Resolved,2,Neutral,Account Management
IM-2026041301,2026-04-15 05:45:00,CUST-1211,AGT-211,472,11.8,Resolved,2,Negative,Technical Support
IM-2026041302,2026-04-15 06:00:00,CUST-5272,AGT-215,220,8.2,Resolved,4,Positive,Billing & Payment
IM-2026041303,2026-04-15 06:00:00,CUST-8160,AGT-229,59,11.5,Unresolved,5,Positive,General Inquiry
IM-2026041304,2026-04-15 06:00:00,CUST-3228,AGT-202,1011,19.9,Unresolved,1,Negative,Network Outage
IM-2026041305,2026-04-15 06:30:00,CUST-1104,AGT-215,223,8.5,Transferred,5,Neutral,Technical Support
IM-2026041306,2026-04-15 06:45:00,CUST-1063,AGT-218,363,7.0,Resolved,1,Neutral,Billing & Payment
IM-2026041307,2026-04-15 07:30:00,CUST-4657,AGT-232,429,2.0,Resolved,2,Neutral,Network Outage
IM-2026041308,2026-04-15 07:45:00,CUST-1673,AGT-233,137,2.0,Resolved,4,Positive,General Inquiry
IM-2026041309,2026-04-15 07:45:00,CUST-5306,AGT-210,61,18.3,Resolved,5,Positive,Billing & Payment
IM-2026041310,2026-04-15 08:15:00,CUST-8591,AGT-208,89,13.5,Resolved,4,Neutral,Technical Support
IM-2026041311,2026-04-15 09:00:00,CUST-3771,AGT-220,133,11.5,Resolved,3,Positive,Technical Support
IM-2026041312,2026-04-15 09:00:00,CUST-3065,AGT-218,538,15.5,Resolved,3,Negative,Account Management
IM-2026041313,2026-04-15 09:45:00,CUST-7467,AGT-219,596,7.2,Resolved,2,Negative,Billing & Payment
IM-2026041314,2026-04-15 10:00:00,CUST-2149,AGT-209,276,20.7,Unresolved,5,Positive,Technical Support
IM-2026041315,2026-04-15 10:00:00,CUST-5628,AGT-216,71,10.3,Resolved,5,Positive,Billing & Payment
IM-2026041316,2026-04-15 10:15:00,CUST-7797,AGT-210,114,14.6,Resolved,4,Positive,Billing & Payment
IM-2026041317,2026-04-15 10:15:00,CUST-1459,AGT-214,367,10.8,Unresolved,3,Negative,General Inquiry
IM-2026041318,2026-04-15 10:30:00,CUST-2678,AGT-233,376,13.9,Resolved,3,Negative,Technical Support
IM-2026041319,2026-04-15 10:30:00,CUST-8542,AGT-214,349,11.5,Transferred,2,Negative,General Inquiry
IM-2026041320,2026-04-15 11:00:00,CUST-4998,AGT-217,52,6.7,Resolved,5,Positive,Technical Support
IM-2026041321,2026-04-15 11:15:00,CUST-1051,AGT-234,1258,8.0,Transferred,1,Neutral,Billing & Payment
IM-2026041322,2026-04-15 11:30:00,CUST-8792,AGT-201,478,21.2,Resolved,1,Negative,Billing & Payment
IM-2026041323,2026-04-15 11:30:00,CUST-7469,AGT-211,69,27.2,Resolved,4,Positive,Account Management
IM-2026041324,2026-04-15 11:45:00,CUST-1698,AGT-228,84,8.5,Resolved,4,Neutral,Network Outage
IM-2026041325,2026-04-15 11:45:00,CUST-4316,AGT-232,602,7.2,Resolved,1,Negative,Network Outage
IM-2026041326,2026-04-15 11:45:00,CUST-1434,AGT-224,575,11.4,Unresolved,1,Neutral,General Inquiry
IM-2026041327,2026-04-15 12:00:00,CUST-5443,AGT-206,103,11.0,Resolved,4,Positive,Account Management
IM-2026041328,2026-04-15 12:15:00,CUST-9142,AGT-206,418,11.4,Unresolved,1,Negative,Technical Support
IM-2026041329,2026-04-15 12:15:00,CUST-5916,AGT-205,139,10.7,Transferred,5,Positive,Account Management
IM-2026041330,2026-04-15 12:15:00,CUST-5072,AGT-227,219,12.3,Resolved,5,Positive,Technical Support
IM-2026041331,2026-04-15 12:30:00,CUST-6209,AGT-220,73,4.0,Resolved,5,Positive,General Inquiry
IM-2026041332,2026-04-15 13:00:00,CUST-8241,AGT-210,114,11.6,Resolved,5,Neutral,Account Management
IM-2026041333,2026-04-15 13:15:00,CUST-6057,AGT-224,310,12.4,Resolved,2,Negative,Billing & Payment
IM-2026041334,2026-04-15 13:15:00,CUST-6994,AGT-213,100,18.7,Resolved,5,Negative,Account Management
IM-2026041335,2026-04-15 13:30:00,CUST-8834,AGT-203,1159,26.2,Resolved,1,Positive,Network Outage
IM-2026041336,2026-04-15 14:00:00,CUST-4508,AGT-210,825,9.7,Resolved,1,Negative,Network Outage
IM-2026041337,2026-04-15 14:00:00,CUST-6868,AGT-230,285,20.8,Resolved,3,Positive,General Inquiry
IM-2026041338,2026-04-15 14:15:00,CUST-6192,AGT-210,220,7.8,Resolved,5,Positive,Network Outage
IM-2026041339,2026-04-15 14:15:00,CUST-2944,AGT-216,151,3.5,Resolved,4,Positive,Technical Support
IM-2026041340,2026-04-15 14:30:00,CUST-5669,AGT-230,143,10.5,Resolved,4,Neutral,Network Outage
IM-2026041341,2026-04-15 14:45:00,CUST-4351,AGT-212,758,2.5,Transferred,2,Neutral,Technical Support
IM-2026041342,2026-04-15 15:00:00,CUST-1577,AGT-216,297,2.0,Resolved,4,Neutral,Technical Support
IM-2026041343,2026-04-15 15:00:00,CUST-1637,AGT-217,159,2.0,Resolved,5,Neutral,Technical Support
IM-2026041344,2026-04-15 15:15:00,CUST-1579,AGT-232,63,7.8,Resolved,5,Positive,Account Management
IM-2026041345,2026-04-15 15:15:00,CUST-5978,AGT-212,309,23.0,Unresolved,2,Negative,Technical Support
IM-2026041346,2026-04-15 15:30:00,CUST-5281,AGT-205,281,15.1,Resolved,5,Neutral,Account Management
IM-2026041347,2026-04-15 15:30:00,CUST-2447,AGT-204,224,7.8,Resolved,5,Positive,Network Outage
IM-2026041348,2026-04-15 15:30:00,CUST-8044,AGT-216,878,19.3,Transferred,3,Negative,Account Management
IM-2026041349,2026-04-15 15:30:00,CUST-2585,AGT-215,990,11.0,Unresolved,1,Negative,Technical Support
IM-2026041350,2026-04-15 15:45:00,CUST-4390,AGT-222,246,9.4,Unresolved,5,Positive,General Inquiry
IM-2026041351,2026-04-15 16:00:00,CUST-8362,AGT-234,224,12.8,Transferred,5,Positive,Technical Support
IM-2026041352,2026-04-15 16:00:00,CUST-5587,AGT-216,156,8.6,Resolved,4,Positive,Technical Support
IM-2026041353,2026-04-15 16:45:00,CUST-8715,AGT-231,903,18.4,Transferred,2,Negative,Billing & Payment
IM-2026041354,2026-04-15 16:45:00,CUST-3876,AGT-232,1401,6.0,Resolved,3,Negative,Account Management
IM-2026041355,2026-04-15 16:45:00,CUST-6669,AGT-224,405,7.4,Transferred,1,Negative,Billing & Payment
IM-2026041356,2026-04-15 17:00:00,CUST-3911,AGT-213,395,12.2,Transferred,1,Negative,Account Management
IM-2026041357,2026-04-15 18:00:00,CUST-7397,AGT-203,291,11.8,Resolved,4,Positive,Technical Support
IM-2026041358,2026-04-15 18:30:00,CUST-6717,AGT-233,284,11.7,Transferred,5,Neutral,Technical Support
IM-2026041359,2026-04-15 19:00:00,CUST-4134,AGT-232,408,7.8,Resolved,1,Negative,Technical Support
IM-2026041360,2026-04-15 19:00:00,CUST-5452,AGT-230,654,13.4,Unresolved,1,Negative,Network Outage
IM-2026041361,2026-04-15 19:15:00,CUST-9416,AGT-227,355,6.2,Resolved,3,Negative,Billing & Payment
IM-2026041362,2026-04-15 20:00:00,CUST-5066,AGT-211,52,20.9,Resolved,5,Neutral,Account Management
IM-2026041363,2026-04-15 20:00:00,CUST-6160,AGT-213,742,13.7,Unresolved,2,Neutral,Account Management
IM-2026041364,2026-04-15 20:15:00,CUST-8352,AGT-218,180,18.1,Resolved,5,Neutral,Account Management
IM-2026041365,2026-04-15 20:15:00,CUST-8536,AGT-232,596,20.6,Resolved,1,Negative,Technical Support
IM-2026041366,2026-04-15 20:45:00,CUST-7187,AGT-230,299,7.4,Resolved,5,Positive,Network Outage
IM-2026041367,2026-04-15 20:45:00,CUST-9612,AGT-203,460,12.0,Resolved,1,Neutral,Network Outage
IM-2026041368,2026-04-15 21:30:00,CUST-1327,AGT-220,657,13.6,Resolved,2,Negative,Account Management
IM-2026041369,2026-04-15 22:00:00,CUST-3728,AGT-211,221,19.5,Resolved,5,Positive,Billing & Payment
IM-2026041370,2026-04-15 22:15:00,CUST-8840,AGT-218,1298,8.6,Resolved,1,Negative,Technical Support
IM-2026041371,2026-04-15 22:15:00,CUST-2752,AGT-220,268,14.2,Resolved,4,Negative,General Inquiry
IM-2026041372,2026-04-15 22:15:00,CUST-2764,AGT-231,507,8.3,Unresolved,2,Negative,Technical Support
IM-2026041373,2026-04-15 22:30:00,CUST-6467,AGT-214,580,8.4,Resolved,1,Negative,General Inquiry
IM-2026041374,2026-04-15 22:45:00,CUST-3418,AGT-221,183,6.9,Resolved,3,Positive,Network Outage
IM-2026041375,2026-04-15 22:45:00,CUST-6166,AGT-223,349,23.0,Resolved,2,Neutral,Network Outage
IM-2026041376,2026-04-15 23:00:00,CUST-8476,AGT-204,433,2.9,Resolved,2,Negative,General Inquiry
IM-2026041377,2026-04-15 23:15:00,CUST-9549,AGT-232,67,17.8,Resolved,5,Negative,Technical Support
IM-2026041378,2026-04-15 23:30:00,CUST-9199,AGT-205,60,13.5,Resolved,4,Positive,Billing & Payment
IM-2026041379,2026-04-16 00:15:00,CUST-4254,AGT-226,218,9.2,Resolved,5,Positive,Network Outage
IM-2026041380,2026-04-16 00:30:00,CUST-2932,AGT-231,329,10.7,Resolved,2,Negative,Account Management
IM-2026041381,2026-04-16 00:45:00,CUST-7546,AGT-216,202,15.0,Resolved,5,Neutral,Network Outage
IM-2026041382,2026-04-16 01:15:00,CUST-6310,AGT-216,108,14.3,Resolved,5,Positive,Billing & Payment
IM-2026041383,2026-04-16 01:45:00,CUST-2585,AGT-229,562,4.6,Resolved,1,Neutral,Billing & Payment
IM-2026041384,2026-04-16 02:00:00,CUST-9637,AGT-216,348,16.8,Resolved,1,Neutral,Account Management
IM-2026041385,2026-04-16 02:00:00,CUST-5367,AGT-223,292,8.4,Unresolved,4,Positive,Billing & Payment
IM-2026041386,2026-04-16 02:30:00,CUST-8425,AGT-220,211,15.0,Resolved,5,Neutral,Network Outage
IM-2026041387,2026-04-16 03:00:00,CUST-7610,AGT-226,96,6.8,Resolved,5,Neutral,Account Management
IM-2026041388,2026-04-16 03:15:00,CUST-4788,AGT-229,134,4.6,Resolved,4,Positive,Technical Support
IM-2026041389,2026-04-16 03:15:00,CUST-5861,AGT-231,67,15.1,Resolved,5,Positive,Technical Support
IM-2026041390,2026-04-16 03:15:00,CUST-5065,AGT-218,223,8.0,Resolved,5,Positive,Technical Support
IM-2026041391,2026-04-16 03:15:00,CUST-8068,AGT-215,114,16.3,Resolved,4,Neutral,General Inquiry
IM-2026041392,2026-04-16 03:30:00,CUST-5544,AGT-212,78,18.7,Resolved,5,Positive,Billing & Payment
IM-2026041393,2026-04-16 04:15:00,CUST-3516,AGT-231,50,9.8,Resolved,4,Neutral,Technical Support
IM-2026041394,2026-04-16 04:15:00,CUST-3547,AGT-216,798,5.7,Resolved,2,Neutral,Technical Support
IM-2026041395,2026-04-16 04:30:00,CUST-6897,AGT-223,431,7.0,Resolved,2,Negative,Billing & Payment
IM-2026041396,2026-04-16 05:00:00,CUST-7684,AGT-222,456,8.7,Transferred,1,Neutral,General Inquiry
IM-2026041397,2026-04-16 05:30:00,CUST-7494,AGT-215,76,8.0,Resolved,4,Positive,General Inquiry
IM-2026041398,2026-04-16 06:00:00,CUST-4051,AGT-226,119,14.7,Resolved,3,Positive,Technical Support
IM-2026041399,2026-04-16 06:00:00,CUST-3261,AGT-213,141,11.3,Resolved,5,Neutral,Technical Support
IM-2026041400,2026-04-16 06:15:00,CUST-1058,AGT-231,166,18.3,Resolved,3,Neutral,Technical Support
IM-2026041401,2026-04-16 06:15:00,CUST-5644,AGT-214,229,7.1,Resolved,4,Negative,Account Management
IM-2026041402,2026-04-16 06:45:00,CUST-2247,AGT-203,326,7.2,Unresolved,3,Negative,Network Outage
IM-2026041403,2026-04-16 07:00:00,CUST-9560,AGT-227,270,12.4,Resolved,4,Neutral,Network Outage
IM-2026041404,2026-04-16 07:00:00,CUST-1576,AGT-225,246,2.2,Transferred,4,Neutral,Account Management
IM-2026041405,2026-04-16 07:00:00,CUST-1984,AGT-221,299,16.1,Resolved,5,Positive,Billing & Payment
IM-2026041406,2026-04-16 07:30:00,CUST-2292,AGT-215,68,9.5,Resolved,4,Positive,Network Outage
IM-2026041407,2026-04-16 07:45:00,CUST-3252,AGT-211,95,11.8,Resolved,5,Neutral,Billing & Payment
IM-2026041408,2026-04-16 08:15:00,CUST-4915,AGT-229,270,10.6,Resolved,5,Positive,Network Outage
IM-2026041409,2026-04-16 08:30:00,CUST-5936,AGT-207,545,6.0,Transferred,3,Negative,Technical Support
IM-2026041410,2026-04-16 08:30:00,CUST-2798,AGT-223,180,15.5,Resolved,5,Positive,Billing & Payment
IM-2026041411,2026-04-16 08:30:00,CUST-1598,AGT-232,130,14.8,Resolved,4,Positive,Network Outage
IM-2026041412,2026-04-16 08:45:00,CUST-1797,AGT-208,382,8.8,Resolved,3,Negative,Network Outage
IM-2026041413,2026-04-16 09:15:00,CUST-9980,AGT-208,1194,10.8,Resolved,1,Negative,Technical Support
IM-2026041414,2026-04-16 09:15:00,CUST-2951,AGT-203,1152,6.5,Resolved,3,Negative,Billing & Payment
IM-2026041415,2026-04-16 09:30:00,CUST-8714,AGT-233,374,21.1,Unresolved,1,Negative,Account Management
IM-2026041416,2026-04-16 09:45:00,CUST-5208,AGT-233,163,8.3,Resolved,5,Positive,Billing & Payment
IM-2026041417,2026-04-16 09:45:00,CUST-6492,AGT-213,154,21.1,Resolved,3,Positive,Billing & Payment
IM-2026041418,2026-04-16 10:30:00,CUST-9025,AGT-209,73,11.7,Resolved,5,Positive,Account Management
IM-2026041419,2026-04-16 10:45:00,CUST-8005,AGT-229,1494,13.2,Unresolved,1,Neutral,Account Management
IM-2026041420,2026-04-16 11:00:00,CUST-6161,AGT-207,123,16.9,Resolved,5,Positive,Account Management
IM-2026041421,2026-04-16 11:45:00,CUST-4098,AGT-201,380,15.9,Unresolved,1,Negative,General Inquiry
IM-2026041422,2026-04-16 12:15:00,CUST-1175,AGT-227,331,13.0,Resolved,1,Neutral,Billing & Payment
IM-2026041423,2026-04-16 12:30:00,CUST-3733,AGT-210,263,8.6,Resolved,5,Negative,Technical Support
IM-2026041424,2026-04-16 12:30:00,CUST-6532,AGT-219,388,8.7,Unresolved,2,Neutral,Account Management
IM-2026041425,2026-04-16 13:00:00,CUST-1490,AGT-218,157,8.3,Resolved,3,Positive,General Inquiry
IM-2026041426,2026-04-16 13:30:00,CUST-5915,AGT-229,266,12.3,Unresolved,4,Positive,General Inquiry
IM-2026041427,2026-04-16 13:45:00,CUST-3904,AGT-219,84,4.6,Resolved,5,Positive,Technical Support
IM-2026041428,2026-04-16 14:15:00,CUST-7864,AGT-227,609,14.5,Resolved,2,Negative,Billing & Payment
IM-2026041429,2026-04-16 14:30:00,CUST-8668,AGT-213,76,12.8,Transferred,5,Neutral,Billing & Payment
IM-2026041430,2026-04-16 14:45:00,CUST-4832,AGT-225,1168,13.2,Resolved,1,Neutral,Network Outage
IM-2026041431,2026-04-16 15:00:00,CUST-2918,AGT-211,666,14.2,Resolved,2,Positive,General Inquiry
IM-2026041432,2026-04-16 15:00:00,CUST-1862,AGT-204,411,9.5,Unresolved,1,Negative,Network Outage
IM-2026041433,2026-04-16 15:15:00,CUST-4140,AGT-227,310,9.7,Transferred,1,Negative,Account Management
IM-2026041434,2026-04-16 15:30:00,CUST-5751,AGT-212,383,13.9,Unresolved,2,Negative,General Inquiry
IM-2026041435,2026-04-16 16:00:00,CUST-8772,AGT-221,812,21.6,Resolved,3,Negative,Technical Support
IM-2026041436,2026-04-16 16:00:00,CUST-3436,AGT-213,172,18.6,Resolved,5,Neutral,Network Outage
IM-2026041437,2026-04-16 16:15:00,CUST-1411,AGT-222,291,15.1,Resolved,4,Positive,Billing & Payment
IM-2026041438,2026-04-16 16:15:00,CUST-5875,AGT-231,257,9.3,Resolved,4,Positive,Account Management
IM-2026041439,2026-04-16 16:15:00,CUST-6087,AGT-222,547,18.8,Unresolved,1,Negative,Billing & Payment
IM-2026041440,2026-04-16 16:45:00,CUST-9019,AGT-234,400,7.6,Unresolved,3,Positive,Network Outage
IM-2026041441,2026-04-16 16:45:00,CUST-4584,AGT-234,909,10.8,Resolved,2,Negative,Technical Support
IM-2026041442,2026-04-16 17:15:00,CUST-3656,AGT-229,247,16.0,Resolved,5,Positive,Technical Support
IM-2026041443,2026-04-16 17:15:00,CUST-1919,AGT-211,278,12.7,Resolved,4,Neutral,Network Outage
IM-2026041444,2026-04-16 17:45:00,CUST-4725,AGT-202,548,18.2,Resolved,1,Negative,Technical Support
IM-2026041445,2026-04-16 18:15:00,CUST-4315,AGT-214,172,13.9,Resolved,5,Neutral,Billing & Payment
IM-2026041446,2026-04-16 18:45:00,CUST-5734,AGT-230,771,20.5,Resolved,1,Negative,Account Management
IM-2026041447,2026-04-16 19:15:00,CUST-8216,AGT-233,747,7.7,Unresolved,2,Negative,Technical Support
IM-2026041448,2026-04-16 19:30:00,CUST-5684,AGT-228,467,5.0,Transferred,1,Negative,Network Outage
IM-2026041449,2026-04-16 19:30:00,CUST-5721,AGT-209,230,13.4,Resolved,5,Positive,Technical Support
IM-2026041450,2026-04-16 19:30:00,CUST-7081,AGT-205,466,13.0,Resolved,1,Negative,General Inquiry
IM-2026041451,2026-04-16 20:00:00,CUST-3183,AGT-205,594,16.8,Resolved,1,Negative,Account Management
IM-2026041452,2026-04-16 20:15:00,CUST-8589,AGT-227,438,8.2,Unresolved,1,Neutral,Technical Support
IM-2026041453,2026-04-16 20:15:00,CUST-6048,AGT-219,132,17.4,Resolved,4,Neutral,Technical Support
IM-2026041454,2026-04-16 20:30:00,CUST-1939,AGT-223,128,12.6,Resolved,3,Positive,Network Outage
IM-2026041455,2026-04-16 20:45:00,CUST-9422,AGT-204,168,18.3,Resolved,5,Neutral,General Inquiry
IM-2026041456,2026-04-16 20:45:00,CUST-8964,AGT-223,136,13.1,Unresolved,5,Positive,Account Management
IM-2026041457,2026-04-16 21:30:00,CUST-1122,AGT-227,100,15.1,Resolved,4,Positive,Account Management
IM-2026041458,2026-04-16 21:45:00,CUST-1871,AGT-209,285,13.8,Unresolved,4,Negative,Account Management
IM-2026041459,2026-04-16 22:00:00,CUST-6550,AGT-224,613,11.7,Resolved,1,Negative,Network Outage
IM-2026041460,2026-04-16 22:30:00,CUST-1258,AGT-209,597,13.7,Resolved,1,Negative,Billing & Payment
IM-2026041461,2026-04-16 22:30:00,CUST-3002,AGT-224,1010,15.1,Unresolved,1,Negative,Technical Support
IM-2026041462,2026-04-16 22:45:00,CUST-1091,AGT-217,379,16.1,Resolved,1,Neutral,Technical Support
IM-2026041463,2026-04-16 23:00:00,CUST-9832,AGT-234,856,12.9,Resolved,2,Negative,Account Management
IM-2026041464,2026-04-16 23:00:00,CUST-9704,AGT-214,78,11.0,Resolved,5,Neutral,General Inquiry
IM-2026041465,2026-04-17 00:00:00,CUST-3215,AGT-218,105,18.1,Resolved,4,Neutral,Billing & Payment
IM-2026041466,2026-04-17 00:15:00,CUST-8598,AGT-226,852,2.0,Unresolved,1,Negative,Technical Support
IM-2026041467,2026-04-17 00:30:00,CUST-8630,AGT-206,468,8.6,Unresolved,2,Negative,Network Outage
IM-2026041468,2026-04-17 00:30:00,CUST-6628,AGT-210,51,7.6,Resolved,5,Positive,Technical Support
IM-2026041469,2026-04-17 00:30:00,CUST-3041,AGT-215,202,14.3,Resolved,5,Negative,Technical Support
IM-2026041470,2026-04-17 00:45:00,CUST-2613,AGT-224,402,10.2,Resolved,2,Negative,Technical Support
IM-2026041471,2026-04-17 01:15:00,CUST-6067,AGT-229,826,16.3,Transferred,1,Neutral,Technical Support
IM-2026041472,2026-04-17 01:45:00,CUST-9867,AGT-212,198,14.0,Transferred,5,Negative,General Inquiry
IM-2026041473,2026-04-17 01:45:00,CUST-6686,AGT-232,619,17.5,Transferred,2,Negative,General Inquiry
IM-2026041474,2026-04-17 02:15:00,CUST-9144,AGT-224,116,9.4,Resolved,4,Neutral,Account Management
IM-2026041475,2026-04-17 02:15:00,CUST-6965,AGT-228,923,2.2,Resolved,2,Negative,Technical Support
IM-2026041476,2026-04-17 02:30:00,CUST-1139,AGT-229,166,16.3,Resolved,5,Positive,Account Management
IM-2026041477,2026-04-17 03:45:00,CUST-9536,AGT-214,48,15.3,Resolved,3,Positive,Technical Support
IM-2026041478,2026-04-17 03:45:00,CUST-8548,AGT-206,673,18.1,Resolved,2,Negative,Billing & Payment
IM-2026041479,2026-04-17 04:00:00,CUST-1395,AGT-218,532,16.5,Resolved,1,Negative,Network Outage
IM-2026041480,2026-04-17 04:30:00,CUST-7162,AGT-218,598,11.0,Unresolved,1,Neutral,Account Management
IM-2026041481,2026-04-17 04:45:00,CUST-7876,AGT-227,219,10.7,Resolved,3,Positive,Technical Support
IM-2026041482,2026-04-17 04:45:00,CUST-2587,AGT-210,229,14.0,Resolved,5,Negative,Network Outage
IM-2026041483,2026-04-17 05:00:00,CUST-9751,AGT-228,288,11.8,Resolved,5,Positive,Account Management
IM-2026041484,2026-04-17 06:00:00,CUST-2242,AGT-217,189,20.4,Resolved,4,Positive,Billing & Payment
IM-2026041485,2026-04-17 06:15:00,CUST-4157,AGT-225,158,23.2,Resolved,4,Positive,Account Management
IM-2026041486,2026-04-17 06:15:00,CUST-5154,AGT-231,147,14.8,Resolved,5,Positive,General Inquiry
IM-2026041487,2026-04-17 06:15:00,CUST-3578,AGT-203,118,15.6,Resolved,4,Positive,Billing & Payment
IM-2026041488,2026-04-17 06:30:00,CUST-8150,AGT-213,57,11.3,Resolved,5,Positive,Network Outage
IM-2026041489,2026-04-17 07:00:00,CUST-6108,AGT-215,1283,18.3,Unresolved,3,Neutral,Account Management
IM-2026041490,2026-04-17 07:15:00,CUST-2177,AGT-203,111,8.0,Resolved,4,Positive,Technical Support
IM-2026041491,2026-04-17 07:30:00,CUST-2482,AGT-207,304,16.3,Resolved,1,Negative,Account Management
IM-2026041492,2026-04-17 07:30:00,CUST-6291,AGT-206,597,13.7,Unresolved,1,Negative,Billing & Payment
IM-2026041493,2026-04-17 07:45:00,CUST-1852,AGT-226,268,12.3,Transferred,4,Positive,Network Outage
IM-2026041494,2026-04-17 08:00:00,CUST-9498,AGT-215,120,12.7,Resolved,5,Positive,Technical Support
IM-2026041495,2026-04-17 08:15:00,CUST-9340,AGT-216,72,12.8,Unresolved,4,Neutral,Account Management
IM-2026041496,2026-04-17 08:30:00,CUST-5996,AGT-202,580,15.4,Transferred,2,Negative,Technical Support
IM-2026041497,2026-04-17 09:00:00,CUST-1243,AGT-232,682,20.4,Unresolved,1,Negative,Account Management
IM-2026041498,2026-04-17 09:00:00,CUST-4024,AGT-221,868,13.5,Unresolved,2,Positive,Technical Support
IM-2026041499,2026-04-17 09:15:00,CUST-3852,AGT-224,69,4.4,Resolved,4,Neutral,Billing & Payment
IM-2026041500,2026-04-17 09:45:00,CUST-5430,AGT-223,60,19.8,Resolved,5,Positive,Billing & Payment
IM-2026041501,2026-04-17 10:00:00,CUST-6557,AGT-224,302,12.3,Resolved,1,Neutral,Billing & Payment
IM-2026041502,2026-04-17 10:15:00,CUST-3859,AGT-223,215,12.8,Resolved,4,Positive,General Inquiry
IM-2026041503,2026-04-17 10:15:00,CUST-9811,AGT-206,213,14.8,Resolved,4,Positive,Billing & Payment
IM-2026041504,2026-04-17 10:30:00,CUST-7264,AGT-223,137,8.0,Resolved,4,Positive,General Inquiry
IM-2026041505,2026-04-17 10:45:00,CUST-1789,AGT-223,450,6.0,Resolved,2,Negative,Technical Support
IM-2026041506,2026-04-17 11:00:00,CUST-8895,AGT-218,742,12.3,Unresolved,2,Negative,Technical Support
IM-2026041507,2026-04-17 11:15:00,CUST-1989,AGT-201,133,9.6,Resolved,5,Positive,Billing & Payment
IM-2026041508,2026-04-17 11:15:00,CUST-9044,AGT-206,293,15.0,Unresolved,5,Neutral,Network Outage
IM-2026041509,2026-04-17 11:30:00,CUST-5646,AGT-213,318,8.1,Unresolved,1,Positive,Network Outage
IM-2026041510,2026-04-17 11:30:00,CUST-8438,AGT-216,800,5.5,Unresolved,1,Negative,Billing & Payment
IM-2026041511,2026-04-17 11:30:00,CUST-1453,AGT-208,655,3.9,Unresolved,2,Negative,Billing & Payment
IM-2026041512,2026-04-17 12:00:00,CUST-2280,AGT-208,467,2.0,Resolved,2,Negative,Network Outage
IM-2026041513,2026-04-17 12:00:00,CUST-4662,AGT-210,142,13.6,Resolved,5,Positive,Technical Support
IM-2026041514,2026-04-17 12:15:00,CUST-5483,AGT-216,200,16.7,Resolved,5,Neutral,General Inquiry
IM-2026041515,2026-04-17 12:15:00,CUST-2943,AGT-209,84,23.4,Resolved,5,Positive,Network Outage
IM-2026041516,2026-04-17 12:45:00,CUST-1741,AGT-223,63,10.9,Resolved,5,Positive,General Inquiry
IM-2026041517,2026-04-17 13:00:00,CUST-8511,AGT-221,199,22.5,Resolved,4,Positive,Billing & Payment
IM-2026041518,2026-04-17 13:00:00,CUST-8840,AGT-223,60,12.9,Unresolved,5,Positive,Technical Support
IM-2026041519,2026-04-17 13:00:00,CUST-3859,AGT-226,72,3.7,Resolved,5,Negative,Account Management
IM-2026041520,2026-04-17 13:30:00,CUST-4354,AGT-206,89,15.3,Resolved,5,Neutral,Account Management
IM-2026041521,2026-04-17 14:00:00,CUST-6481,AGT-202,825,11.6,Resolved,1,Negative,Technical Support
IM-2026041522,2026-04-17 14:00:00,CUST-1544,AGT-219,626,3.6,Resolved,1,Negative,Technical Support
IM-2026041523,2026-04-17 14:15:00,CUST-4062,AGT-204,160,10.1,Resolved,4,Neutral,Billing & Payment
IM-2026041524,2026-04-17 14:15:00,CUST-3977,AGT-221,696,12.1,Resolved,2,Negative,Account Management
IM-2026041525,2026-04-17 14:30:00,CUST-9221,AGT-226,156,13.9,Resolved,4,Positive,Billing & Payment
IM-2026041526,2026-04-17 14:30:00,CUST-4166,AGT-210,960,16.6,Resolved,1,Negative,Technical Support
IM-2026041527,2026-04-17 15:00:00,CUST-1620,AGT-228,171,2.0,Resolved,5,Negative,Technical Support
IM-2026041528,2026-04-17 15:00:00,CUST-2182,AGT-231,390,11.1,Resolved,1,Negative,Technical Support
IM-2026041529,2026-04-17 15:15:00,CUST-4499,AGT-223,93,12.9,Resolved,5,Positive,Technical Support
IM-2026041530,2026-04-17 15:15:00,CUST-2904,AGT-222,712,17.6,Unresolved,1,Negative,Technical Support
IM-2026041531,2026-04-17 15:15:00,CUST-5357,AGT-214,363,7.9,Unresolved,1,Neutral,Billing & Payment
IM-2026041532,2026-04-17 15:30:00,CUST-8698,AGT-217,118,14.6,Resolved,5,Positive,General Inquiry
IM-2026041533,2026-04-17 16:00:00,CUST-4722,AGT-234,114,16.5,Resolved,5,Negative,Technical Support
IM-2026041534,2026-04-17 16:00:00,CUST-2728,AGT-202,73,12.6,Resolved,5,Positive,Technical Support
IM-2026041535,2026-04-17 16:30:00,CUST-7859,AGT-218,308,12.9,Resolved,2,Neutral,Network Outage
IM-2026041536,2026-04-17 16:30:00,CUST-4703,AGT-201,234,13.1,Resolved,4,Negative,Technical Support
IM-2026041537,2026-04-17 16:45:00,CUST-7411,AGT-227,88,9.6,Resolved,5,Positive,Network Outage
IM-2026041538,2026-04-17 16:45:00,CUST-2526,AGT-209,306,15.5,Resolved,1,Positive,Account Management
IM-2026041539,2026-04-17 16:45:00,CUST-8675,AGT-209,158,11.2,Resolved,3,Positive,Billing & Payment
IM-2026041540,2026-04-17 16:45:00,CUST-9471,AGT-228,2319,14.0,Unresolved,1,Neutral,Billing & Payment
IM-2026041541,2026-04-17 17:00:00,CUST-8181,AGT-232,49,4.4,Resolved,5,Positive,Network Outage
IM-2026041542,2026-04-17 17:15:00,CUST-7626,AGT-207,975,12.9,Resolved,2,Negative,Technical Support
IM-2026041543,2026-04-17 17:15:00,CUST-6026,AGT-227,63,9.1,Transferred,5,Negative,Account Management
IM-2026041544,2026-04-17 18:00:00,CUST-6196,AGT-220,93,16.1,Resolved,5,Positive,Network Outage
IM-2026041545,2026-04-17 18:00:00,CUST-2343,AGT-228,505,7.0,Resolved,2,Negative,Account Management
IM-2026041546,2026-04-17 19:15:00,CUST-1175,AGT-225,534,11.9,Resolved,1,Neutral,Technical Support
IM-2026041547,2026-04-17 19:15:00,CUST-2958,AGT-224,666,17.1,Transferred,1,Negative,Billing & Payment
IM-2026041548,2026-04-17 20:00:00,CUST-9539,AGT-231,333,12.3,Unresolved,1,Neutral,General Inquiry
IM-2026041549,2026-04-17 20:15:00,CUST-6905,AGT-205,213,16.6,Resolved,5,Positive,Network Outage
IM-2026041550,2026-04-17 20:30:00,CUST-1535,AGT-213,307,18.6,Transferred,1,Positive,Account Management
IM-2026041551,2026-04-17 21:00:00,CUST-7492,AGT-215,967,7.5,Unresolved,1,Negative,Technical Support
IM-2026041552,2026-04-17 21:00:00,CUST-6124,AGT-230,116,20.8,Resolved,5,Positive,General Inquiry
IM-2026041553,2026-04-17 21:00:00,CUST-5292,AGT-219,227,16.4,Transferred,5,Neutral,Technical Support
IM-2026041554,2026-04-17 21:00:00,CUST-2086,AGT-223,281,13.4,Transferred,5,Neutral,Account Management
IM-2026041555,2026-04-17 21:15:00,CUST-7421,AGT-227,291,11.9,Resolved,5,Positive,Technical Support
IM-2026041556,2026-04-17 21:45:00,CUST-9937,AGT-232,136,6.7,Resolved,5,Positive,General Inquiry
IM-2026041557,2026-04-17 22:15:00,CUST-8696,AGT-205,52,9.8,Transferred,4,Negative,Technical Support
IM-2026041558,2026-04-17 22:15:00,CUST-1303,AGT-223,71,7.0,Resolved,5,Neutral,Account Management
IM-2026041559,2026-04-17 22:30:00,CUST-6350,AGT-210,532,18.6,Resolved,1,Neutral,Billing & Payment
IM-2026041560,2026-04-17 23:00:00,CUST-9561,AGT-220,285,15.8,Resolved,4,Positive,Network Outage
IM-2026041561,2026-04-17 23:00:00,CUST-3028,AGT-201,384,16.9,Resolved,2,Negative,Network Outage
IM-2026041562,2026-04-17 23:15:00,CUST-1780,AGT-233,317,7.5,Resolved,2,Neutral,Billing & Payment
IM-2026041563,2026-04-17 23:15:00,CUST-2169,AGT-207,965,17.2,Resolved,1,Negative,Technical Support
IM-2026041564,2026-04-17 23:30:00,CUST-7243,AGT-209,102,15.0,Resolved,4,Positive,Billing & Payment
IM-2026041565,2026-04-17 23:30:00,CUST-4470,AGT-229,1214,9.7,Resolved,2,Negative,General Inquiry
IM-2026041566,2026-04-18 00:00:00,CUST-7277,AGT-220,714,14.6,Resolved,3,Negative,Technical Support
IM-2026041567,2026-04-18 00:00:00,CUST-4584,AGT-222,130,17.1,Resolved,3,Positive,Technical Support
IM-2026041568,2026-04-18 00:00:00,CUST-5735,AGT-209,639,15.7,Resolved,2,Neutral,Technical Support
IM-2026041569,2026-04-18 00:15:00,CUST-5019,AGT-233,51,10.3,Resolved,5,Positive,Network Outage
IM-2026041570,2026-04-18 00:15:00,CUST-6476,AGT-206,473,9.4,Transferred,1,Negative,Technical Support
IM-2026041571,2026-04-18 00:30:00,CUST-4658,AGT-229,297,6.3,Resolved,3,Neutral,Technical Support
IM-2026041572,2026-04-18 01:00:00,CUST-5908,AGT-229,314,2.0,Unresolved,2,Negative,Technical Support
IM-2026041573,2026-04-18 01:00:00,CUST-6626,AGT-211,399,23.5,Unresolved,1,Neutral,Technical Support
IM-2026041574,2026-04-18 01:30:00,CUST-5311,AGT-203,429,16.1,Transferred,1,Positive,Billing & Payment
IM-2026041575,2026-04-18 01:45:00,CUST-3422,AGT-227,411,8.0,Unresolved,1,Negative,Technical Support
IM-2026041576,2026-04-18 01:45:00,CUST-1112,AGT-216,539,16.1,Unresolved,1,Negative,Technical Support
IM-2026041577,2026-04-18 02:00:00,CUST-5254,AGT-223,640,9.2,Transferred,1,Negative,Account Management
IM-2026041578,2026-04-18 02:30:00,CUST-9868,AGT-205,152,18.8,Resolved,5,Positive,Billing & Payment
IM-2026041579,2026-04-18 03:00:00,CUST-9083,AGT-220,121,8.5,Transferred,4,Positive,Network Outage
IM-2026041580,2026-04-18 03:15:00,CUST-1249,AGT-222,1166,2.6,Unresolved,3,Negative,Account Management
IM-2026041581,2026-04-18 04:15:00,CUST-5869,AGT-222,227,13.6,Resolved,4,Positive,Network Outage
IM-2026041582,2026-04-18 04:15:00,CUST-4679,AGT-202,216,2.0,Resolved,4,Positive,Network Outage
IM-2026041583,2026-04-18 04:15:00,CUST-6713,AGT-232,146,16.9,Resolved,5,Neutral,Network Outage
IM-2026041584,2026-04-18 04:15:00,CUST-6700,AGT-219,727,6.2,Unresolved,1,Positive,General Inquiry
IM-2026041585,2026-04-18 05:00:00,CUST-9820,AGT-217,1067,11.1,Unresolved,1,Positive,Network Outage
IM-2026041586,2026-04-18 05:15:00,CUST-4921,AGT-233,965,15.9,Resolved,3,Negative,Network Outage
IM-2026041587,2026-04-18 05:30:00,CUST-3310,AGT-231,204,9.9,Resolved,5,Positive,General Inquiry
IM-2026041588,2026-04-18 05:30:00,CUST-1522,AGT-216,113,9.8,Resolved,5,Positive,Account Management
IM-2026041589,2026-04-18 05:45:00,CUST-4613,AGT-201,175,3.9,Resolved,4,Neutral,Account Management
IM-2026041590,2026-04-18 05:45:00,CUST-9403,AGT-231,341,18.5,Resolved,2,Negative,Account Management
IM-2026041591,2026-04-18 05:45:00,CUST-1403,AGT-225,299,2.0,Resolved,4,Positive,General Inquiry
IM-2026041592,2026-04-18 06:15:00,CUST-1522,AGT-230,49,4.9,Resolved,4,Positive,Billing & Payment
IM-2026041593,2026-04-18 06:30:00,CUST-1592,AGT-216,107,8.7,Resolved,5,Positive,Technical Support
IM-2026041594,2026-04-18 06:45:00,CUST-9559,AGT-218,123,19.0,Resolved,5,Negative,Account Management
IM-2026041595,2026-04-18 07:00:00,CUST-3173,AGT-228,196,17.8,Resolved,4,Neutral,Technical Support
IM-2026041596,2026-04-18 07:00:00,CUST-6873,AGT-211,55,17.8,Resolved,4,Neutral,Network Outage
IM-2026041597,2026-04-18 08:30:00,CUST-8044,AGT-219,398,17.3,Unresolved,1,Neutral,Billing & Payment
IM-2026041598,2026-04-18 09:00:00,CUST-3696,AGT-226,773,18.5,Resolved,1,Neutral,Technical Support
IM-2026041599,2026-04-18 09:00:00,CUST-2260,AGT-210,197,7.2,Resolved,4,Neutral,Billing & Payment
IM-2026041600,2026-04-18 09:15:00,CUST-4260,AGT-222,703,21.4,Unresolved,1,Negative,Technical Support
IM-2026041601,2026-04-18 09:30:00,CUST-8323,AGT-218,416,8.8,Resolved,1,Neutral,Account Management
IM-2026041602,2026-04-18 09:45:00,CUST-8664,AGT-234,82,6.6,Resolved,5,Positive,General Inquiry
IM-2026041603,2026-04-18 09:45:00,CUST-3272,AGT-201,78,16.0,Resolved,5,Neutral,Billing & Payment
IM-2026041604,2026-04-18 10:00:00,CUST-8998,AGT-223,416,11.1,Resolved,1,Positive,Technical Support
IM-2026041605,2026-04-18 10:30:00,CUST-7874,AGT-215,171,11.6,Resolved,5,Positive,Technical Support
IM-2026041606,2026-04-18 10:45:00,CUST-2581,AGT-205,270,14.4,Resolved,4,Positive,Billing & Payment
IM-2026041607,2026-04-18 10:45:00,CUST-9032,AGT-233,224,12.9,Resolved,5,Negative,Account Management
IM-2026041608,2026-04-18 10:45:00,CUST-1242,AGT-207,55,7.7,Resolved,4,Positive,General Inquiry
IM-2026041609,2026-04-18 12:00:00,CUST-8636,AGT-224,288,13.1,Resolved,5,Positive,Account Management
IM-2026041610,2026-04-18 12:15:00,CUST-4682,AGT-219,143,10.9,Resolved,5,Positive,Billing & Payment
IM-2026041611,2026-04-18 12:30:00,CUST-1782,AGT-231,148,7.4,Resolved,5,Negative,Billing & Payment
IM-2026041612,2026-04-18 12:45:00,CUST-8283,AGT-201,265,22.6,Resolved,4,Neutral,Billing & Payment
IM-2026041613,2026-04-18 12:45:00,CUST-7562,AGT-230,636,3.8,Resolved,1,Neutral,Network Outage
IM-2026041614,2026-04-18 13:15:00,CUST-4623,AGT-203,156,10.2,Resolved,5,Positive,Account Management
IM-2026041615,2026-04-18 13:15:00,CUST-5578,AGT-223,120,13.8,Resolved,5,Neutral,Technical Support
IM-2026041616,2026-04-18 13:45:00,CUST-8015,AGT-221,311,21.5,Resolved,2,Negative,Network Outage
IM-2026041617,2026-04-18 14:00:00,CUST-4004,AGT-227,195,10.0,Unresolved,4,Positive,Billing & Payment
IM-2026041618,2026-04-18 14:15:00,CUST-9829,AGT-214,62,6.7,Resolved,5,Positive,Network Outage
IM-2026041619,2026-04-18 14:30:00,CUST-5058,AGT-201,58,9.2,Resolved,5,Positive,Billing & Payment
IM-2026041620,2026-04-18 15:00:00,CUST-3883,AGT-232,47,8.7,Resolved,5,Neutral,General Inquiry
IM-2026041621,2026-04-18 15:15:00,CUST-2495,AGT-201,490,10.4,Unresolved,1,Neutral,Account Management
IM-2026041622,2026-04-18 15:30:00,CUST-4525,AGT-230,187,10.8,Resolved,4,Negative,Technical Support
IM-2026041623,2026-04-18 15:30:00,CUST-8335,AGT-213,118,14.0,Resolved,5,Positive,Billing & Payment
IM-2026041624,2026-04-18 15:45:00,CUST-9935,AGT-214,490,18.1,Unresolved,1,Neutral,Billing & Payment
IM-2026041625,2026-04-18 15:45:00,CUST-8383,AGT-234,649,11.8,Unresolved,2,Negative,Account Management
IM-2026041626,2026-04-18 16:00:00,CUST-8856,AGT-224,284,22.4,Transferred,4,Positive,Billing & Payment
IM-2026041627,2026-04-18 16:15:00,CUST-9502,AGT-227,425,5.7,Unresolved,1,Neutral,Billing & Payment
IM-2026041628,2026-04-18 16:15:00,CUST-4027,AGT-226,140,5.5,Resolved,5,Positive,Account Management
IM-2026041629,2026-04-18 16:45:00,CUST-1851,AGT-228,461,10.6,Unresolved,1,Positive,Network Outage
IM-2026041630,2026-04-18 16:45:00,CUST-2964,AGT-210,946,22.0,Unresolved,1,Positive,Billing & Payment
IM-2026041631,2026-04-18 16:45:00,CUST-6494,AGT-222,552,11.3,Resolved,1,Negative,Billing & Payment
IM-2026041632,2026-04-18 17:00:00,CUST-8221,AGT-217,875,13.0,Unresolved,1,Neutral,Billing & Payment
IM-2026041633,2026-04-18 17:00:00,CUST-5570,AGT-221,73,19.9,Resolved,5,Positive,General Inquiry
IM-2026041634,2026-04-18 17:15:00,CUST-1639,AGT-229,75,12.4,Resolved,5,Neutral,Network Outage
IM-2026041635,2026-04-18 17:30:00,CUST-2318,AGT-216,273,14.9,Resolved,3,Negative,Billing & Payment
IM-2026041636,2026-04-18 17:30:00,CUST-9729,AGT-203,237,10.8,Resolved,5,Negative,Network Outage
IM-2026041637,2026-04-18 17:45:00,CUST-3437,AGT-209,1432,14.1,Resolved,3,Negative,Technical Support
IM-2026041638,2026-04-18 17:45:00,CUST-1677,AGT-215,69,9.8,Resolved,4,Neutral,Account Management
IM-2026041639,2026-04-18 18:00:00,CUST-7670,AGT-201,162,20.4,Resolved,4,Negative,General Inquiry
IM-2026041640,2026-04-18 18:00:00,CUST-9889,AGT-201,100,13.1,Resolved,5,Positive,Technical Support
IM-2026041641,2026-04-18 18:00:00,CUST-6023,AGT-205,690,16.1,Resolved,2,Neutral,Technical Support
IM-2026041642,2026-04-18 18:15:00,CUST-9403,AGT-205,1198,9.5,Resolved,1,Positive,Network Outage
IM-2026041643,2026-04-18 18:30:00,CUST-3979,AGT-222,886,10.4,Unresolved,1,Positive,Billing & Payment
IM-2026041644,2026-04-18 18:45:00,CUST-5431,AGT-232,1720,11.0,Resolved,1,Negative,Billing & Payment
IM-2026041645,2026-04-18 19:15:00,CUST-4924,AGT-213,143,15.6,Resolved,4,Positive,Billing & Payment
IM-2026041646,2026-04-18 19:15:00,CUST-6723,AGT-219,508,23.1,Unresolved,3,Negative,Network Outage
IM-2026041647,2026-04-18 19:15:00,CUST-7702,AGT-225,368,21.0,Resolved,3,Negative,Billing & Payment
IM-2026041648,2026-04-18 19:45:00,CUST-7742,AGT-215,797,20.7,Resolved,1,Neutral,Network Outage
IM-2026041649,2026-04-18 20:15:00,CUST-4849,AGT-227,638,7.1,Unresolved,1,Negative,Billing & Payment
IM-2026041650,2026-04-18 20:15:00,CUST-8232,AGT-230,245,6.7,Resolved,5,Positive,Network Outage
IM-2026041651,2026-04-18 20:30:00,CUST-5554,AGT-229,725,7.8,Unresolved,1,Neutral,Account Management
IM-2026041652,2026-04-18 20:45:00,CUST-1602,AGT-232,1107,23.2,Unresolved,2,Negative,Billing & Payment
IM-2026041653,2026-04-18 20:45:00,CUST-2358,AGT-213,552,19.7,Unresolved,1,Negative,Technical Support
IM-2026041654,2026-04-18 21:15:00,CUST-7813,AGT-210,328,8.0,Unresolved,1,Neutral,Technical Support
IM-2026041655,2026-04-18 21:30:00,CUST-5836,AGT-223,445,4.4,Resolved,1,Neutral,Billing & Payment
IM-2026041656,2026-04-18 21:45:00,CUST-4226,AGT-210,376,16.7,Unresolved,1,Negative,Network Outage
IM-2026041657,2026-04-18 21:45:00,CUST-1408,AGT-210,388,9.7,Resolved,3,Negative,Network Outage
IM-2026041658,2026-04-18 22:00:00,CUST-4712,AGT-204,390,10.6,Resolved,1,Negative,Technical Support
IM-2026041659,2026-04-18 22:15:00,CUST-7168,AGT-220,111,17.2,Resolved,4,Neutral,Network Outage
IM-2026041660,2026-04-18 22:30:00,CUST-5196,AGT-201,97,9.1,Resolved,5,Positive,General Inquiry
IM-2026041661,2026-04-18 22:30:00,CUST-5808,AGT-208,1105,14.9,Unresolved,3,Negative,Network Outage
IM-2026041662,2026-04-18 22:30:00,CUST-3368,AGT-211,212,5.3,Resolved,5,Positive,General Inquiry
IM-2026041663,2026-04-18 22:45:00,CUST-3588,AGT-211,54,13.6,Resolved,5,Positive,Technical Support
IM-2026041664,2026-04-18 23:00:00,CUST-2728,AGT-234,328,14.8,Resolved,2,Negative,Billing & Payment
IM-2026041665,2026-04-18 23:00:00,CUST-8578,AGT-216,1047,5.1,Resolved,1,Negative,Billing & Payment
IM-2026041666,2026-04-18 23:15:00,CUST-2918,AGT-224,46,9.4,Resolved,5,Neutral,Technical Support
IM-2026041667,2026-04-18 23:15:00,CUST-2713,AGT-205,230,10.7,Resolved,4,Positive,General Inquiry
IM-2026041668,2026-04-18 23:30:00,CUST-3626,AGT-205,410,12.7,Resolved,1,Negative,Technical Support
IM-2026041669,2026-04-18 23:45:00,CUST-5512,AGT-215,139,12.8,Resolved,4,Positive,Technical Support
IM-2026041670,2026-04-19 00:30:00,CUST-3440,AGT-201,408,9.1,Unresolved,1,Negative,Billing & Payment
IM-2026041671,2026-04-19 00:45:00,CUST-8906,AGT-227,543,10.1,Resolved,1,Neutral,Technical Support
IM-2026041672,2026-04-19 01:00:00,CUST-1582,AGT-222,1318,15.3,Resolved,1,Neutral,Billing & Payment
IM-2026041673,2026-04-19 01:00:00,CUST-6518,AGT-230,547,25.5,Resolved,1,Negative,Technical Support
IM-2026041674,2026-04-19 01:15:00,CUST-8250,AGT-218,907,18.9,Unresolved,1,Negative,Technical Support
IM-2026041675,2026-04-19 01:15:00,CUST-5227,AGT-226,459,18.9,Unresolved,1,Neutral,Technical Support
IM-2026041676,2026-04-19 01:15:00,CUST-2596,AGT-203,272,9.7,Unresolved,5,Neutral,General Inquiry
IM-2026041677,2026-04-19 01:30:00,CUST-6755,AGT-212,274,17.9,Unresolved,4,Neutral,Network Outage
IM-2026041678,2026-04-19 02:45:00,CUST-9764,AGT-214,850,14.8,Unresolved,2,Positive,Billing & Payment
IM-2026041679,2026-04-19 02:45:00,CUST-5041,AGT-234,396,23.0,Unresolved,2,Neutral,Billing & Payment
IM-2026041680,2026-04-19 02:45:00,CUST-5590,AGT-219,49,7.3,Resolved,4,Positive,Billing & Payment
IM-2026041681,2026-04-19 03:15:00,CUST-7281,AGT-226,559,13.4,Unresolved,1,Negative,Account Management
IM-2026041682,2026-04-19 03:15:00,CUST-5176,AGT-226,641,5.9,Unresolved,3,Negative,Technical Support
IM-2026041683,2026-04-19 03:15:00,CUST-2732,AGT-230,711,15.8,Resolved,1,Negative,Technical Support
IM-2026041684,2026-04-19 03:45:00,CUST-8213,AGT-216,461,4.5,Resolved,1,Negative,Network Outage
IM-2026041685,2026-04-19 04:15:00,CUST-1554,AGT-213,198,2.0,Resolved,4,Neutral,Technical Support
IM-2026041686,2026-04-19 04:30:00,CUST-4271,AGT-206,471,18.3,Transferred,1,Negative,Network Outage
IM-2026041687,2026-04-19 04:30:00,CUST-3198,AGT-220,88,2.0,Resolved,5,Negative,Billing & Payment
IM-2026041688,2026-04-19 04:30:00,CUST-7399,AGT-230,219,9.0,Resolved,4,Positive,General Inquiry
IM-2026041689,2026-04-19 04:45:00,CUST-9027,AGT-202,347,15.7,Unresolved,2,Neutral,Billing & Payment
IM-2026041690,2026-04-19 05:00:00,CUST-4655,AGT-205,174,8.8,Resolved,5,Positive,Technical Support
IM-2026041691,2026-04-19 05:00:00,CUST-4735,AGT-205,134,6.9,Unresolved,4,Neutral,Technical Support
IM-2026041692,2026-04-19 05:15:00,CUST-9160,AGT-218,292,17.4,Unresolved,4,Positive,Technical Support
IM-2026041693,2026-04-19 05:30:00,CUST-2643,AGT-230,248,7.8,Resolved,5,Positive,Account Management
IM-2026041694,2026-04-19 06:00:00,CUST-2116,AGT-207,368,17.3,Resolved,1,Neutral,Billing & Payment
IM-2026041695,2026-04-19 06:00:00,CUST-7380,AGT-213,64,18.7,Unresolved,5,Positive,Technical Support
IM-2026041696,2026-04-19 06:15:00,CUST-3448,AGT-209,861,12.4,Resolved,1,Neutral,General Inquiry
IM-2026041697,2026-04-19 06:30:00,CUST-8735,AGT-221,981,12.6,Unresolved,2,Negative,General Inquiry
IM-2026041698,2026-04-19 07:00:00,CUST-7857,AGT-201,56,9.1,Resolved,4,Positive,Technical Support
IM-2026041699,2026-04-19 07:00:00,CUST-1196,AGT-213,215,3.2,Unresolved,5,Positive,Billing & Payment
IM-2026041700,2026-04-19 07:15:00,CUST-8077,AGT-231,485,19.4,Resolved,1,Negative,Billing & Payment
IM-2026041701,2026-04-19 07:15:00,CUST-8210,AGT-209,71,15.5,Resolved,4,Positive,General Inquiry
IM-2026041702,2026-04-19 07:15:00,CUST-9308,AGT-227,1210,8.2,Resolved,2,Negative,Technical Support
IM-2026041703,2026-04-19 07:15:00,CUST-9488,AGT-215,128,12.9,Resolved,5,Positive,Account Management
IM-2026041704,2026-04-19 07:15:00,CUST-1598,AGT-205,317,2.0,Unresolved,2,Negative,Billing & Payment
IM-2026041705,2026-04-19 07:15:00,CUST-1230,AGT-229,1203,19.4,Unresolved,1,Negative,Billing & Payment
IM-2026041706,2026-04-19 07:45:00,CUST-6384,AGT-215,610,13.9,Resolved,1,Neutral,Billing & Payment
IM-2026041707,2026-04-19 08:00:00,CUST-4284,AGT-213,594,15.0,Resolved,1,Negative,Billing & Payment
IM-2026041708,2026-04-19 08:15:00,CUST-1812,AGT-208,525,11.7,Resolved,1,Negative,Technical Support
IM-2026041709,2026-04-19 09:00:00,CUST-4368,AGT-232,477,6.3,Resolved,1,Negative,Billing & Payment
IM-2026041710,2026-04-19 09:00:00,CUST-6221,AGT-231,502,14.6,Unresolved,1,Positive,Technical Support
IM-2026041711,2026-04-19 09:30:00,CUST-8059,AGT-217,46,11.9,Resolved,4,Positive,Billing & Payment
IM-2026041712,2026-04-19 09:45:00,CUST-7271,AGT-203,155,12.4,Resolved,4,Positive,Technical Support
IM-2026041713,2026-04-19 10:00:00,CUST-6305,AGT-202,406,12.0,Unresolved,2,Negative,Technical Support
IM-2026041714,2026-04-19 10:00:00,CUST-4412,AGT-225,157,16.1,Transferred,5,Positive,Account Management
IM-2026041715,2026-04-19 10:30:00,CUST-2549,AGT-217,362,14.0,Resolved,2,Neutral,Technical Support
IM-2026041716,2026-04-19 10:30:00,CUST-8105,AGT-208,289,15.9,Resolved,5,Positive,Billing & Payment
IM-2026041717,2026-04-19 10:30:00,CUST-7824,AGT-230,406,12.4,Resolved,1,Negative,Billing & Payment
IM-2026041718,2026-04-19 10:45:00,CUST-4585,AGT-201,397,10.1,Resolved,1,Neutral,Technical Support
IM-2026041719,2026-04-19 11:00:00,CUST-3818,AGT-206,476,17.7,Resolved,1,Neutral,Billing & Payment
IM-2026041720,2026-04-19 11:15:00,CUST-3578,AGT-223,944,12.7,Resolved,2,Neutral,Billing & Payment
IM-2026041721,2026-04-19 11:30:00,CUST-3716,AGT-215,589,17.4,Unresolved,1,Neutral,Account Management
IM-2026041722,2026-04-19 12:00:00,CUST-3796,AGT-205,142,13.1,Resolved,5,Positive,Account Management
IM-2026041723,2026-04-19 12:00:00,CUST-9181,AGT-228,754,7.1,Resolved,2,Negative,Billing & Payment
IM-2026041724,2026-04-19 13:15:00,CUST-6321,AGT-219,232,15.0,Resolved,3,Neutral,Network Outage
IM-2026041725,2026-04-19 13:45:00,CUST-3711,AGT-222,72,21.0,Resolved,5,Positive,General Inquiry
IM-2026041726,2026-04-19 14:15:00,CUST-1265,AGT-228,181,23.2,Resolved,5,Neutral,Billing & Payment
IM-2026041727,2026-04-19 14:45:00,CUST-7195,AGT-228,121,16.5,Resolved,5,Positive,Network Outage
IM-2026041728,2026-04-19 15:00:00,CUST-6263,AGT-203,1012,16.6,Resolved,2,Negative,Billing & Payment
IM-2026041729,2026-04-19 15:30:00,CUST-2431,AGT-220,466,8.9,Unresolved,1,Negative,Technical Support
IM-2026041730,2026-04-19 15:45:00,CUST-6157,AGT-232,131,7.7,Resolved,4,Positive,Network Outage
IM-2026041731,2026-04-19 15:45:00,CUST-6135,AGT-232,53,13.8,Resolved,5,Negative,Account Management
IM-2026041732,2026-04-19 16:00:00,CUST-6109,AGT-232,488,7.1,Resolved,1,Negative,Network Outage
IM-2026041733,2026-04-19 16:30:00,CUST-1083,AGT-226,153,13.9,Resolved,5,Neutral,Technical Support
IM-2026041734,2026-04-19 16:30:00,CUST-8627,AGT-215,813,13.9,Unresolved,2,Neutral,Technical Support
IM-2026041735,2026-04-19 16:45:00,CUST-7581,AGT-220,322,21.1,Resolved,2,Negative,Network Outage
IM-2026041736,2026-04-19 16:45:00,CUST-9126,AGT-234,285,16.4,Resolved,4,Positive,Account Management
IM-2026041737,2026-04-19 17:15:00,CUST-1789,AGT-215,118,2.0,Resolved,5,Positive,Technical Support
IM-2026041738,2026-04-19 17:30:00,CUST-1232,AGT-206,223,8.6,Transferred,5,Positive,Network Outage
IM-2026041739,2026-04-19 17:45:00,CUST-4779,AGT-223,693,4.0,Resolved,1,Negative,Technical Support
IM-2026041740,2026-04-19 17:45:00,CUST-7657,AGT-218,175,10.1,Resolved,5,Positive,Billing & Payment
IM-2026041741,2026-04-19 18:15:00,CUST-5942,AGT-219,268,15.4,Resolved,4,Positive,Billing & Payment
IM-2026041742,2026-04-19 18:30:00,CUST-8805,AGT-219,388,8.2,Resolved,2,Neutral,Network Outage
IM-2026041743,2026-04-19 18:45:00,CUST-5819,AGT-217,367,12.4,Resolved,2,Negative,Account Management
IM-2026041744,2026-04-19 19:00:00,CUST-2495,AGT-210,206,14.1,Unresolved,5,Positive,Account Management
IM-2026041745,2026-04-19 19:00:00,CUST-9133,AGT-220,249,16.7,Resolved,5,Positive,Technical Support
IM-2026041746,2026-04-19 19:15:00,CUST-7377,AGT-229,318,19.1,Resolved,2,Neutral,Billing & Payment
IM-2026041747,2026-04-19 19:15:00,CUST-2357,AGT-224,573,8.8,Unresolved,2,Negative,Account Management
IM-2026041748,2026-04-19 19:15:00,CUST-5309,AGT-228,658,18.7,Resolved,3,Positive,Technical Support
IM-2026041749,2026-04-19 19:30:00,CUST-5342,AGT-209,158,11.9,Resolved,4,Neutral,General Inquiry
IM-2026041750,2026-04-19 19:30:00,CUST-5514,AGT-223,703,18.3,Resolved,2,Negative,Technical Support
IM-2026041751,2026-04-19 19:30:00,CUST-3376,AGT-204,200,16.8,Resolved,5,Positive,Technical Support
IM-2026041752,2026-04-19 19:45:00,CUST-3504,AGT-220,85,11.7,Transferred,5,Positive,Billing & Payment
IM-2026041753,2026-04-19 19:45:00,CUST-5509,AGT-218,45,14.1,Resolved,5,Positive,Account Management
IM-2026041754,2026-04-19 20:00:00,CUST-3249,AGT-202,263,12.2,Resolved,4,Neutral,Technical Support
IM-2026041755,2026-04-19 20:45:00,CUST-6185,AGT-203,330,13.2,Resolved,1,Neutral,Billing & Payment
IM-2026041756,2026-04-19 21:15:00,CUST-8345,AGT-227,839,7.0,Transferred,2,Negative,Technical Support
IM-2026041757,2026-04-19 21:45:00,CUST-2568,AGT-229,167,14.9,Unresolved,5,Neutral,Network Outage
IM-2026041758,2026-04-19 21:45:00,CUST-5167,AGT-220,71,13.1,Resolved,4,Positive,Technical Support
IM-2026041759,2026-04-19 22:00:00,CUST-7733,AGT-231,263,8.5,Resolved,5,Neutral,Account Management
IM-2026041760,2026-04-19 22:00:00,CUST-3584,AGT-215,69,10.1,Resolved,5,Positive,Billing & Payment
IM-2026041761,2026-04-19 22:45:00,CUST-9467,AGT-202,122,18.0,Resolved,5,Positive,Billing & Payment
IM-2026041762,2026-04-19 22:45:00,CUST-8051,AGT-205,93,13.6,Resolved,3,Neutral,Account Management
IM-2026041763,2026-04-19 23:15:00,CUST-8665,AGT-202,140,16.1,Resolved,5,Positive,Account Management
IM-2026041764,2026-04-19 23:30:00,CUST-6869,AGT-224,796,23.8,Resolved,1,Negative,Billing & Payment
IM-2026041765,2026-04-20 00:00:00,CUST-1623,AGT-217,144,2.7,Resolved,4,Positive,Technical Support
IM-2026041766,2026-04-20 00:45:00,CUST-9986,AGT-219,660,8.2,Unresolved,2,Negative,Network Outage
IM-2026041767,2026-04-20 00:45:00,CUST-4321,AGT-217,625,15.4,Resolved,1,Neutral,Technical Support
IM-2026041768,2026-04-20 00:45:00,CUST-5339,AGT-205,188,14.8,Resolved,4,Neutral,Technical Support
IM-2026041769,2026-04-20 01:00:00,CUST-8617,AGT-219,188,14.6,Resolved,4,Neutral,Account Management
IM-2026041770,2026-04-20 01:00:00,CUST-9391,AGT-227,445,19.4,Unresolved,1,Negative,Network Outage
IM-2026041771,2026-04-20 01:00:00,CUST-3384,AGT-210,275,17.3,Resolved,3,Neutral,General Inquiry
IM-2026041772,2026-04-20 01:00:00,CUST-6812,AGT-217,336,7.4,Resolved,1,Negative,General Inquiry
IM-2026041773,2026-04-20 01:15:00,CUST-3127,AGT-204,358,17.0,Unresolved,3,Negative,Technical Support
IM-2026041774,2026-04-20 01:30:00,CUST-1309,AGT-223,215,18.6,Unresolved,5,Positive,Account Management
IM-2026041775,2026-04-20 01:30:00,CUST-3142,AGT-206,73,16.1,Resolved,4,Positive,Technical Support
IM-2026041776,2026-04-20 01:30:00,CUST-5020,AGT-225,308,12.8,Resolved,2,Negative,General Inquiry
IM-2026041777,2026-04-20 01:45:00,CUST-3138,AGT-229,94,13.2,Unresolved,4,Neutral,Billing & Payment
IM-2026041778,2026-04-20 02:00:00,CUST-6635,AGT-228,549,14.0,Resolved,1,Negative,Account Management
IM-2026041779,2026-04-20 02:15:00,CUST-3306,AGT-223,506,7.0,Resolved,2,Negative,Billing & Payment
IM-2026041780,2026-04-20 02:15:00,CUST-1455,AGT-234,717,5.8,Resolved,2,Negative,Account Management
IM-2026041781,2026-04-20 03:00:00,CUST-7176,AGT-208,330,15.1,Transferred,1,Negative,Technical Support
IM-2026041782,2026-04-20 03:15:00,CUST-1334,AGT-228,367,17.3,Resolved,1,Negative,General Inquiry
IM-2026041783,2026-04-20 03:15:00,CUST-8488,AGT-224,233,2.0,Resolved,4,Neutral,Technical Support
IM-2026041784,2026-04-20 03:15:00,CUST-9155,AGT-232,197,7.3,Resolved,5,Positive,Billing & Payment
IM-2026041785,2026-04-20 03:30:00,CUST-5661,AGT-210,950,9.3,Unresolved,1,Negative,Technical Support
IM-2026041786,2026-04-20 03:30:00,CUST-8219,AGT-220,1242,15.9,Unresolved,1,Neutral,Account Management
IM-2026041787,2026-04-20 03:45:00,CUST-6340,AGT-223,330,15.8,Unresolved,1,Neutral,Technical Support
IM-2026041788,2026-04-20 04:00:00,CUST-5794,AGT-234,847,16.7,Unresolved,1,Neutral,Account Management
IM-2026041789,2026-04-20 04:00:00,CUST-8409,AGT-220,332,23.0,Unresolved,3,Negative,Account Management
IM-2026041790,2026-04-20 04:15:00,CUST-4566,AGT-208,432,12.5,Transferred,2,Negative,General Inquiry
IM-2026041791,2026-04-20 04:15:00,CUST-2627,AGT-228,446,9.9,Resolved,3,Neutral,Billing & Payment
IM-2026041792,2026-04-20 04:15:00,CUST-7477,AGT-218,585,5.7,Unresolved,1,Negative,Account Management
IM-2026041793,2026-04-20 04:30:00,CUST-3828,AGT-209,458,10.1,Resolved,1,Negative,General Inquiry
IM-2026041794,2026-04-20 04:30:00,CUST-3768,AGT-214,429,22.1,Resolved,1,Positive,Account Management
IM-2026041795,2026-04-20 04:30:00,CUST-8085,AGT-223,54,9.2,Resolved,5,Positive,Billing & Payment
IM-2026041796,2026-04-20 04:30:00,CUST-9532,AGT-228,443,17.6,Unresolved,2,Negative,Billing & Payment
IM-2026041797,2026-04-20 04:45:00,CUST-2732,AGT-228,108,5.4,Resolved,5,Neutral,Billing & Payment
IM-2026041798,2026-04-20 04:45:00,CUST-5396,AGT-201,259,10.3,Resolved,4,Positive,Technical Support
IM-2026041799,2026-04-20 05:00:00,CUST-9801,AGT-227,95,10.2,Resolved,5,Neutral,Billing & Payment
IM-2026041800,2026-04-20 05:15:00,CUST-7174,AGT-203,217,12.2,Resolved,4,Positive,Account Management
IM-2026041801,2026-04-20 05:15:00,CUST-9359,AGT-229,67,6.7,Resolved,5,Positive,Billing & Payment
IM-2026041802,2026-04-20 05:15:00,CUST-8528,AGT-224,352,16.7,Resolved,1,Negative,Account Management
IM-2026041803,2026-04-20 05:15:00,CUST-4645,AGT-226,98,16.5,Unresolved,5,Positive,Billing & Payment
IM-2026041804,2026-04-20 05:30:00,CUST-8710,AGT-214,67,15.6,Resolved,4,Positive,General Inquiry
IM-2026041805,2026-04-20 06:00:00,CUST-4487,AGT-223,285,10.9,Resolved,5,Positive,Billing & Payment
IM-2026041806,2026-04-20 06:30:00,CUST-7339,AGT-229,106,6.6,Unresolved,3,Positive,Technical Support
IM-2026041807,2026-04-20 07:00:00,CUST-9934,AGT-209,227,13.7,Resolved,4,Positive,Billing & Payment
IM-2026041808,2026-04-20 07:15:00,CUST-8778,AGT-213,54,9.4,Resolved,5,Neutral,Billing & Payment
IM-2026041809,2026-04-20 07:30:00,CUST-9218,AGT-202,67,7.7,Unresolved,5,Positive,Billing & Payment
IM-2026041810,2026-04-20 07:45:00,CUST-6999,AGT-209,46,3.6,Resolved,5,Positive,Network Outage
IM-2026041811,2026-04-20 08:00:00,CUST-3856,AGT-222,172,8.3,Resolved,4,Positive,Technical Support
IM-2026041812,2026-04-20 08:15:00,CUST-5032,AGT-211,85,11.7,Resolved,5,Negative,Technical Support
IM-2026041813,2026-04-20 08:30:00,CUST-8640,AGT-223,417,9.6,Resolved,1,Negative,Technical Support
IM-2026041814,2026-04-20 09:00:00,CUST-4011,AGT-213,88,22.1,Unresolved,4,Neutral,Technical Support
IM-2026041815,2026-04-20 09:30:00,CUST-3113,AGT-204,800,18.4,Resolved,2,Negative,Technical Support
IM-2026041816,2026-04-20 09:45:00,CUST-4936,AGT-221,312,6.8,Transferred,1,Negative,Technical Support
IM-2026041817,2026-04-20 10:15:00,CUST-6148,AGT-207,1273,8.9,Resolved,2,Neutral,Network Outage
IM-2026041818,2026-04-20 10:30:00,CUST-6015,AGT-201,148,5.7,Resolved,5,Positive,Technical Support
IM-2026041819,2026-04-20 10:45:00,CUST-7664,AGT-202,107,16.0,Resolved,5,Positive,Account Management
IM-2026041820,2026-04-20 10:45:00,CUST-7323,AGT-217,171,17.8,Resolved,4,Neutral,Network Outage
IM-2026041821,2026-04-20 11:00:00,CUST-4162,AGT-209,291,16.1,Unresolved,4,Neutral,Billing & Payment
IM-2026041822,2026-04-20 11:00:00,CUST-8426,AGT-210,76,15.9,Resolved,5,Negative,Billing & Payment
IM-2026041823,2026-04-20 11:15:00,CUST-2794,AGT-233,453,7.0,Resolved,2,Negative,Technical Support
IM-2026041824,2026-04-20 12:00:00,CUST-4536,AGT-219,173,22.3,Resolved,5,Positive,General Inquiry
IM-2026041825,2026-04-20 12:00:00,CUST-6351,AGT-229,306,5.7,Resolved,1,Negative,General Inquiry
IM-2026041826,2026-04-20 12:00:00,CUST-4659,AGT-203,188,13.3,Resolved,5,Positive,Technical Support
IM-2026041827,2026-04-20 12:15:00,CUST-5352,AGT-203,705,22.6,Resolved,2,Negative,Account Management
IM-2026041828,2026-04-20 12:15:00,CUST-7038,AGT-218,440,14.6,Resolved,1,Negative,Billing & Payment
IM-2026041829,2026-04-20 12:30:00,CUST-5770,AGT-211,406,9.2,Resolved,1,Positive,Network Outage
IM-2026041830,2026-04-20 12:30:00,CUST-3505,AGT-216,542,17.6,Unresolved,1,Negative,General Inquiry
IM-2026041831,2026-04-20 12:30:00,CUST-3096,AGT-206,167,10.4,Resolved,4,Neutral,General Inquiry
IM-2026041832,2026-04-20 12:30:00,CUST-4477,AGT-221,202,8.5,Unresolved,3,Positive,Billing & Payment
IM-2026041833,2026-04-20 12:45:00,CUST-3380,AGT-213,370,10.6,Unresolved,2,Negative,Account Management
IM-2026041834,2026-04-20 13:00:00,CUST-6127,AGT-208,1336,6.4,Resolved,1,Negative,Technical Support
IM-2026041835,2026-04-20 13:15:00,CUST-7375,AGT-219,187,18.2,Resolved,5,Positive,Technical Support
IM-2026041836,2026-04-20 13:30:00,CUST-2936,AGT-224,299,14.6,Unresolved,4,Positive,Account Management
IM-2026041837,2026-04-20 13:30:00,CUST-6402,AGT-212,230,13.0,Resolved,5,Positive,Network Outage
IM-2026041838,2026-04-20 13:45:00,CUST-7630,AGT-203,657,2.0,Resolved,1,Neutral,Account Management
IM-2026041839,2026-04-20 13:45:00,CUST-8919,AGT-230,354,18.3,Resolved,2,Negative,Technical Support
IM-2026041840,2026-04-20 14:15:00,CUST-1141,AGT-213,389,5.0,Resolved,1,Neutral,Account Management
IM-2026041841,2026-04-20 14:45:00,CUST-2028,AGT-201,231,12.9,Resolved,5,Neutral,Account Management
IM-2026041842,2026-04-20 14:45:00,CUST-7986,AGT-223,273,10.0,Resolved,4,Positive,Account Management
IM-2026041843,2026-04-20 15:00:00,CUST-5900,AGT-228,179,12.6,Resolved,4,Positive,Account Management
IM-2026041844,2026-04-20 15:15:00,CUST-1374,AGT-209,290,14.3,Resolved,5,Neutral,Network Outage
IM-2026041845,2026-04-20 15:15:00,CUST-1278,AGT-220,212,12.7,Resolved,5,Positive,Network Outage
IM-2026041846,2026-04-20 15:30:00,CUST-6191,AGT-221,52,3.5,Resolved,5,Negative,Billing & Payment
IM-2026041847,2026-04-20 15:30:00,CUST-4592,AGT-212,589,17.7,Unresolved,3,Negative,Network Outage
IM-2026041848,2026-04-20 16:00:00,CUST-8235,AGT-215,172,6.5,Resolved,5,Neutral,Technical Support
IM-2026041849,2026-04-20 16:30:00,CUST-3302,AGT-230,250,2.2,Resolved,5,Neutral,General Inquiry
IM-2026041850,2026-04-20 16:30:00,CUST-2427,AGT-231,340,13.0,Unresolved,1,Negative,Technical Support
IM-2026041851,2026-04-20 16:45:00,CUST-5612,AGT-213,128,9.5,Resolved,5,Positive,Billing & Payment
IM-2026041852,2026-04-20 16:45:00,CUST-2496,AGT-216,163,6.4,Resolved,4,Positive,Technical Support
IM-2026041853,2026-04-20 17:15:00,CUST-2047,AGT-229,158,11.4,Resolved,3,Neutral,Technical Support
IM-2026041854,2026-04-20 17:45:00,CUST-3071,AGT-212,209,14.2,Resolved,4,Positive,Billing & Payment
IM-2026041855,2026-04-20 17:45:00,CUST-7112,AGT-219,63,20.5,Resolved,4,Positive,Billing & Payment
IM-2026041856,2026-04-20 17:45:00,CUST-2456,AGT-218,66,11.2,Resolved,5,Positive,Technical Support
IM-2026041857,2026-04-20 17:45:00,CUST-6254,AGT-210,94,15.4,Resolved,4,Positive,Billing & Payment
IM-2026041858,2026-04-20 18:00:00,CUST-6941,AGT-227,656,5.7,Unresolved,3,Negative,Account Management
IM-2026041859,2026-04-20 18:15:00,CUST-4470,AGT-234,208,5.2,Resolved,5,Positive,Billing & Payment
IM-2026041860,2026-04-20 18:15:00,CUST-8252,AGT-209,473,10.1,Resolved,1,Neutral,Technical Support
IM-2026041861,2026-04-20 18:30:00,CUST-1966,AGT-214,992,10.8,Unresolved,3,Negative,Technical Support
IM-2026041862,2026-04-20 18:45:00,CUST-7508,AGT-234,277,12.3,Resolved,5,Neutral,Account Management
IM-2026041863,2026-04-20 19:00:00,CUST-6385,AGT-222,99,17.1,Resolved,3,Neutral,Account Management
IM-2026041864,2026-04-20 19:00:00,CUST-4474,AGT-205,356,3.1,Unresolved,2,Negative,General Inquiry
IM-2026041865,2026-04-20 19:30:00,CUST-5814,AGT-229,88,15.3,Resolved,4,Positive,Network Outage
IM-2026041866,2026-04-20 19:45:00,CUST-5226,AGT-233,945,2.0,Unresolved,2,Positive,Network Outage
IM-2026041867,2026-04-20 20:15:00,CUST-4096,AGT-212,652,13.2,Unresolved,1,Negative,Network Outage
IM-2026041868,2026-04-20 20:15:00,CUST-2366,AGT-219,122,10.7,Resolved,3,Positive,General Inquiry
IM-2026041869,2026-04-20 20:30:00,CUST-3272,AGT-206,234,18.1,Resolved,5,Neutral,Billing & Payment
IM-2026041870,2026-04-20 21:00:00,CUST-7389,AGT-226,297,14.0,Transferred,5,Positive,Billing & Payment
IM-2026041871,2026-04-20 21:00:00,CUST-2332,AGT-230,357,21.4,Unresolved,1,Negative,General Inquiry
IM-2026041872,2026-04-20 21:15:00,CUST-3036,AGT-229,1684,14.9,Resolved,1,Negative,Billing & Payment
IM-2026041873,2026-04-20 21:15:00,CUST-3281,AGT-213,54,18.8,Resolved,5,Positive,Billing & Payment
IM-2026041874,2026-04-20 21:15:00,CUST-3881,AGT-226,114,20.9,Resolved,4,Positive,Network Outage
IM-2026041875,2026-04-20 21:15:00,CUST-2194,AGT-222,166,11.9,Resolved,5,Neutral,Technical Support
IM-2026041876,2026-04-20 21:30:00,CUST-5946,AGT-229,375,10.0,Unresolved,1,Neutral,Network Outage
IM-2026041877,2026-04-20 22:15:00,CUST-5420,AGT-233,716,17.9,Unresolved,1,Neutral,Technical Support
IM-2026041878,2026-04-20 22:15:00,CUST-7146,AGT-206,875,14.4,Unresolved,1,Negative,Billing & Payment
IM-2026041879,2026-04-20 23:00:00,CUST-3133,AGT-206,93,18.7,Resolved,3,Neutral,Account Management
IM-2026041880,2026-04-20 23:45:00,CUST-3650,AGT-231,370,7.2,Resolved,1,Negative,Network Outage
IM-2026041881,2026-04-20 23:45:00,CUST-9439,AGT-212,89,13.9,Resolved,4,Neutral,Account Management
IM-2026041882,2026-04-20 23:45:00,CUST-5965,AGT-233,99,10.0,Resolved,5,Positive,Network Outage
IM-2026041883,2026-04-21 00:00:00,CUST-5616,AGT-223,247,12.0,Resolved,4,Positive,Network Outage
IM-2026041884,2026-04-21 00:15:00,CUST-5991,AGT-219,515,12.1,Transferred,1,Neutral,Billing & Payment
IM-2026041885,2026-04-21 00:30:00,CUST-1604,AGT-232,408,9.1,Resolved,1,Negative,Billing & Payment
IM-2026041886,2026-04-21 00:30:00,CUST-7681,AGT-232,1408,16.6,Unresolved,1,Negative,General Inquiry
IM-2026041887,2026-04-21 00:45:00,CUST-2069,AGT-208,84,14.6,Transferred,4,Neutral,Technical Support
IM-2026041888,2026-04-21 01:30:00,CUST-6273,AGT-221,511,2.7,Unresolved,2,Negative,Network Outage
IM-2026041889,2026-04-21 01:45:00,CUST-3483,AGT-213,597,15.9,Unresolved,2,Positive,Account Management
IM-2026041890,2026-04-21 02:00:00,CUST-4754,AGT-214,358,16.3,Unresolved,2,Neutral,Technical Support
IM-2026041891,2026-04-21 02:00:00,CUST-5516,AGT-202,121,16.3,Resolved,3,Neutral,Technical Support
IM-2026041892,2026-04-21 02:15:00,CUST-3481,AGT-231,939,14.0,Unresolved,1,Negative,Account Management
IM-2026041893,2026-04-21 02:15:00,CUST-5263,AGT-230,279,18.1,Unresolved,4,Neutral,Technical Support
IM-2026041894,2026-04-21 03:00:00,CUST-4185,AGT-224,50,7.3,Resolved,4,Positive,Billing & Payment
IM-2026041895,2026-04-21 04:00:00,CUST-5291,AGT-230,1110,19.4,Unresolved,1,Negative,Account Management
IM-2026041896,2026-04-21 04:30:00,CUST-8509,AGT-223,561,12.7,Resolved,2,Negative,Account Management
IM-2026041897,2026-04-21 05:00:00,CUST-4113,AGT-210,138,8.0,Resolved,5,Neutral,Account Management
IM-2026041898,2026-04-21 05:00:00,CUST-6631,AGT-222,130,15.6,Resolved,3,Positive,Network Outage
IM-2026041899,2026-04-21 05:15:00,CUST-8250,AGT-226,110,10.4,Resolved,5,Positive,Billing & Payment
IM-2026041900,2026-04-21 05:15:00,CUST-1598,AGT-226,95,10.2,Unresolved,5,Positive,Account Management
IM-2026041901,2026-04-21 05:30:00,CUST-2767,AGT-212,849,10.5,Transferred,1,Negative,Billing & Payment
IM-2026041902,2026-04-21 06:45:00,CUST-2270,AGT-227,106,2.0,Resolved,5,Neutral,Billing & Payment
IM-2026041903,2026-04-21 07:00:00,CUST-5341,AGT-227,759,10.6,Resolved,2,Negative,Technical Support
IM-2026041904,2026-04-21 07:00:00,CUST-2004,AGT-211,438,16.2,Resolved,1,Neutral,Account Management
IM-2026041905,2026-04-21 07:00:00,CUST-8695,AGT-228,270,14.4,Resolved,5,Positive,Technical Support
IM-2026041906,2026-04-21 07:15:00,CUST-6434,AGT-206,90,4.4,Resolved,5,Positive,Billing & Payment
IM-2026041907,2026-04-21 07:30:00,CUST-5250,AGT-230,115,2.3,Resolved,5,Neutral,Billing & Payment
IM-2026041908,2026-04-21 07:30:00,CUST-1904,AGT-231,480,12.5,Unresolved,1,Negative,Billing & Payment
IM-2026041909,2026-04-21 07:30:00,CUST-9943,AGT-219,911,12.9,Transferred,1,Neutral,Network Outage
IM-2026041910,2026-04-21 07:30:00,CUST-2953,AGT-209,90,7.2,Resolved,4,Positive,Network Outage
IM-2026041911,2026-04-21 07:45:00,CUST-1442,AGT-225,52,12.0,Resolved,3,Neutral,Account Management
IM-2026041912,2026-04-21 08:00:00,CUST-4442,AGT-227,168,13.2,Resolved,5,Positive,Account Management
IM-2026041913,2026-04-21 08:15:00,CUST-7553,AGT-212,222,13.1,Resolved,4,Neutral,Account Management
IM-2026041914,2026-04-21 08:15:00,CUST-8369,AGT-222,65,11.4,Resolved,5,Positive,Account Management
IM-2026041915,2026-04-21 08:45:00,CUST-7900,AGT-220,583,3.1,Resolved,2,Negative,Technical Support
IM-2026041916,2026-04-21 09:15:00,CUST-9198,AGT-230,84,16.1,Transferred,5,Negative,Technical Support
IM-2026041917,2026-04-21 09:15:00,CUST-9124,AGT-221,254,17.0,Resolved,4,Positive,Billing & Payment
IM-2026041918,2026-04-21 09:30:00,CUST-3395,AGT-227,287,7.3,Resolved,4,Positive,Technical Support
IM-2026041919,2026-04-21 09:45:00,CUST-5251,AGT-201,107,10.4,Resolved,4,Positive,Technical Support
IM-2026041920,2026-04-21 09:45:00,CUST-9017,AGT-231,176,15.0,Resolved,5,Neutral,General Inquiry
IM-2026041921,2026-04-21 10:00:00,CUST-5679,AGT-223,1734,14.5,Resolved,2,Negative,Technical Support
IM-2026041922,2026-04-21 10:00:00,CUST-4178,AGT-202,188,13.1,Resolved,5,Neutral,Account Management
IM-2026041923,2026-04-21 10:00:00,CUST-9560,AGT-227,148,14.6,Resolved,5,Positive,Technical Support
IM-2026041924,2026-04-21 10:15:00,CUST-3380,AGT-221,153,11.2,Resolved,5,Positive,Network Outage
IM-2026041925,2026-04-21 10:30:00,CUST-2763,AGT-230,612,21.0,Unresolved,2,Neutral,Network Outage
IM-2026041926,2026-04-21 11:00:00,CUST-7222,AGT-217,48,5.5,Resolved,3,Positive,Billing & Payment
IM-2026041927,2026-04-21 11:30:00,CUST-6809,AGT-233,185,11.3,Transferred,5,Positive,Billing & Payment
IM-2026041928,2026-04-21 12:15:00,CUST-6496,AGT-203,49,12.5,Resolved,4,Neutral,Billing & Payment
IM-2026041929,2026-04-21 12:15:00,CUST-8981,AGT-227,109,11.9,Resolved,4,Positive,Technical Support
IM-2026041930,2026-04-21 12:30:00,CUST-1973,AGT-210,108,13.3,Resolved,5,Positive,Billing & Payment
IM-2026041931,2026-04-21 12:45:00,CUST-6684,AGT-228,667,12.9,Unresolved,1,Negative,Billing & Payment
IM-2026041932,2026-04-21 12:45:00,CUST-1987,AGT-234,177,7.8,Resolved,4,Positive,Account Management
IM-2026041933,2026-04-21 13:15:00,CUST-7924,AGT-225,197,7.5,Transferred,4,Neutral,Technical Support
IM-2026041934,2026-04-21 13:15:00,CUST-7283,AGT-233,158,11.9,Resolved,5,Neutral,Account Management
IM-2026041935,2026-04-21 13:30:00,CUST-4251,AGT-202,475,19.0,Unresolved,1,Negative,Account Management
IM-2026041936,2026-04-21 14:00:00,CUST-5220,AGT-211,229,17.7,Resolved,5,Neutral,Network Outage
IM-2026041937,2026-04-21 14:30:00,CUST-1401,AGT-223,440,3.7,Unresolved,3,Negative,Billing & Payment
IM-2026041938,2026-04-21 14:30:00,CUST-5582,AGT-228,1592,12.6,Unresolved,1,Negative,Technical Support
IM-2026041939,2026-04-21 14:30:00,CUST-2935,AGT-233,431,4.4,Unresolved,1,Neutral,Billing & Payment
IM-2026041940,2026-04-21 15:15:00,CUST-7286,AGT-204,200,19.1,Resolved,4,Neutral,Network Outage
IM-2026041941,2026-04-21 16:00:00,CUST-2698,AGT-209,623,16.1,Unresolved,1,Neutral,Account Management
IM-2026041942,2026-04-21 16:15:00,CUST-4226,AGT-217,144,4.3,Resolved,5,Positive,Technical Support
IM-2026041943,2026-04-21 16:15:00,CUST-4794,AGT-212,568,12.4,Unresolved,1,Negative,Account Management
IM-2026041944,2026-04-21 16:15:00,CUST-7116,AGT-204,157,9.8,Resolved,4,Positive,Technical Support
IM-2026041945,2026-04-21 16:30:00,CUST-9159,AGT-211,1433,14.8,Unresolved,2,Neutral,Account Management
IM-2026041946,2026-04-21 16:45:00,CUST-3097,AGT-222,135,11.7,Resolved,5,Positive,Billing & Payment
IM-2026041947,2026-04-21 17:00:00,CUST-3149,AGT-204,1131,9.4,Resolved,1,Positive,General Inquiry
IM-2026041948,2026-04-21 17:00:00,CUST-1716,AGT-222,238,18.2,Resolved,3,Negative,Billing & Payment
IM-2026041949,2026-04-21 17:45:00,CUST-3622,AGT-203,143,13.8,Resolved,4,Positive,Account Management
IM-2026041950,2026-04-21 18:00:00,CUST-4395,AGT-223,194,16.4,Resolved,5,Neutral,Billing & Payment
IM-2026041951,2026-04-21 18:00:00,CUST-9696,AGT-213,279,16.2,Resolved,4,Positive,Technical Support
IM-2026041952,2026-04-21 18:00:00,CUST-1010,AGT-211,288,6.5,Resolved,5,Positive,Technical Support
IM-2026041953,2026-04-21 18:30:00,CUST-7860,AGT-229,214,20.8,Resolved,5,Positive,General Inquiry
IM-2026041954,2026-04-21 18:45:00,CUST-1267,AGT-232,76,11.7,Resolved,4,Neutral,Network Outage
IM-2026041955,2026-04-21 18:45:00,CUST-6313,AGT-208,247,8.9,Resolved,4,Positive,Billing & Payment
IM-2026041956,2026-04-21 18:45:00,CUST-3075,AGT-233,112,6.2,Resolved,5,Neutral,Billing & Payment
IM-2026041957,2026-04-21 18:45:00,CUST-3808,AGT-213,167,9.6,Resolved,5,Positive,Technical Support
IM-2026041958,2026-04-21 18:45:00,CUST-1808,AGT-230,325,19.2,Resolved,2,Negative,Billing & Payment
IM-2026041959,2026-04-21 19:00:00,CUST-4524,AGT-232,587,21.7,Unresolved,1,Neutral,General Inquiry
IM-2026041960,2026-04-21 19:00:00,CUST-7992,AGT-227,158,9.3,Unresolved,5,Neutral,Technical Support
IM-2026041961,2026-04-21 19:15:00,CUST-1638,AGT-207,341,19.5,Transferred,1,Neutral,Technical Support
IM-2026041962,2026-04-21 19:15:00,CUST-9251,AGT-214,737,12.9,Transferred,2,Negative,Technical Support
IM-2026041963,2026-04-21 19:30:00,CUST-4501,AGT-201,108,18.4,Resolved,4,Positive,Account Management
IM-2026041964,2026-04-21 19:45:00,CUST-7837,AGT-203,83,10.2,Resolved,4,Positive,Technical Support
IM-2026041965,2026-04-21 19:45:00,CUST-3261,AGT-202,399,9.6,Transferred,1,Negative,Technical Support
IM-2026041966,2026-04-21 19:45:00,CUST-2660,AGT-203,343,11.2,Resolved,1,Negative,Technical Support
IM-2026041967,2026-04-21 19:45:00,CUST-1412,AGT-214,205,13.1,Unresolved,3,Positive,Account Management
IM-2026041968,2026-04-21 19:45:00,CUST-3882,AGT-232,640,13.4,Resolved,1,Neutral,Billing & Payment
IM-2026041969,2026-04-21 20:00:00,CUST-5135,AGT-228,670,21.0,Resolved,3,Negative,Technical Support
IM-2026041970,2026-04-21 20:15:00,CUST-2346,AGT-222,264,6.3,Resolved,5,Positive,Account Management
IM-2026041971,2026-04-21 20:30:00,CUST-2391,AGT-220,145,8.6,Unresolved,4,Neutral,Account Management
IM-2026041972,2026-04-21 20:30:00,CUST-4745,AGT-203,127,13.2,Resolved,4,Positive,Network Outage
IM-2026041973,2026-04-21 20:45:00,CUST-3934,AGT-231,318,4.8,Resolved,2,Neutral,Billing & Payment
IM-2026041974,2026-04-21 21:00:00,CUST-4983,AGT-212,310,18.8,Resolved,1,Negative,Network Outage
IM-2026041975,2026-04-21 21:45:00,CUST-2095,AGT-213,545,12.8,Unresolved,3,Negative,Billing & Payment
IM-2026041976,2026-04-21 22:00:00,CUST-9246,AGT-221,213,21.4,Resolved,5,Positive,Account Management
IM-2026041977,2026-04-21 22:00:00,CUST-3364,AGT-224,240,12.6,Resolved,5,Positive,Account Management
IM-2026041978,2026-04-21 22:30:00,CUST-2224,AGT-203,920,18.1,Unresolved,2,Neutral,Account Management
IM-2026041979,2026-04-21 22:45:00,CUST-8450,AGT-202,795,12.1,Resolved,3,Negative,Account Management
IM-2026041980,2026-04-21 22:45:00,CUST-9501,AGT-202,52,19.2,Resolved,4,Neutral,Technical Support
IM-2026041981,2026-04-21 23:00:00,CUST-5575,AGT-221,619,12.9,Resolved,1,Neutral,Account Management
IM-2026041982,2026-04-21 23:30:00,CUST-5412,AGT-220,249,7.6,Resolved,4,Positive,Network Outage
IM-2026041983,2026-04-21 23:30:00,CUST-5827,AGT-212,317,12.8,Transferred,2,Negative,Billing & Payment
IM-2026041984,2026-04-21 23:30:00,CUST-6358,AGT-227,327,8.5,Transferred,1,Negative,Account Management
IM-2026041985,2026-04-21 23:45:00,CUST-4238,AGT-207,1105,18.1,Unresolved,1,Positive,Account Management
IM-2026041986,2026-04-22 00:00:00,CUST-5728,AGT-209,19,9.1,Resolved,4,Positive,General Inquiry
IM-2026041987,2026-04-22 00:00:00,CUST-5576,AGT-234,72,21.1,Resolved,5,Positive,Network Outage
IM-2026041988,2026-04-22 00:15:00,CUST-5307,AGT-219,348,11.4,Unresolved,1,Positive,Billing & Payment
IM-2026041989,2026-04-22 00:30:00,CUST-2537,AGT-234,53,15.1,Resolved,4,Positive,Account Management
IM-2026041990,2026-04-22 00:45:00,CUST-4601,AGT-215,139,22.6,Resolved,5,Positive,Billing & Payment
IM-2026041991,2026-04-22 00:45:00,CUST-6580,AGT-213,104,11.8,Resolved,5,Positive,Technical Support
IM-2026041992,2026-04-22 00:45:00,CUST-6489,AGT-211,201,3.8,Resolved,4,Neutral,Billing & Payment
IM-2026041993,2026-04-22 00:45:00,CUST-7833,AGT-217,391,11.5,Unresolved,2,Negative,Technical Support
IM-2026041994,2026-04-22 01:15:00,CUST-3147,AGT-227,39,8.2,Resolved,5,Positive,Network Outage
IM-2026041995,2026-04-22 01:30:00,CUST-5891,AGT-217,40,7.6,Resolved,4,Positive,Billing & Payment
IM-2026041996,2026-04-22 01:30:00,CUST-4447,AGT-226,37,15.1,Resolved,3,Negative,Account Management
IM-2026041997,2026-04-22 02:00:00,CUST-6123,AGT-219,99,9.5,Resolved,4,Positive,Billing & Payment
IM-2026041998,2026-04-22 02:15:00,CUST-4359,AGT-222,22,8.5,Resolved,5,Positive,General Inquiry
IM-2026041999,2026-04-22 02:45:00,CUST-8996,AGT-223,44,5.0,Resolved,5,Positive,Account Management
IM-2026042000,2026-04-22 03:00:00,CUST-4595,AGT-220,28,17.3,Resolved,4,Positive,Account Management
IM-2026042001,2026-04-22 03:30:00,CUST-6292,AGT-212,146,14.4,Resolved,5,Positive,Account Management
IM-2026042002,2026-04-22 03:45:00,CUST-6108,AGT-215,20,15.7,Resolved,5,Positive,Account Management
IM-2026042003,2026-04-22 04:30:00,CUST-1154,AGT-213,112,2.8,Resolved,4,Positive,Technical Support
IM-2026042004,2026-04-22 04:45:00,CUST-9553,AGT-209,67,16.1,Resolved,4,Positive,Account Management
IM-2026042005,2026-04-22 05:30:00,CUST-5547,AGT-208,148,14.9,Resolved,5,Negative,Billing & Payment
IM-2026042006,2026-04-22 05:45:00,CUST-1097,AGT-232,68,11.3,Unresolved,4,Neutral,Technical Support
IM-2026042007,2026-04-22 05:45:00,CUST-5811,AGT-220,117,9.5,Resolved,4,Positive,Account Management
IM-2026042008,2026-04-22 06:15:00,CUST-6935,AGT-215,128,3.1,Resolved,5,Positive,Technical Support
IM-2026042009,2026-04-22 06:15:00,CUST-4578,AGT-230,17,19.8,Unresolved,5,Neutral,Technical Support
IM-2026042010,2026-04-22 06:30:00,CUST-8732,AGT-218,128,15.8,Resolved,3,Positive,Network Outage
IM-2026042011,2026-04-22 06:45:00,CUST-2606,AGT-224,212,14.0,Resolved,4,Positive,Technical Support
IM-2026042012,2026-04-22 07:15:00,CUST-5932,AGT-214,34,14.4,Resolved,4,Positive,Network Outage
IM-2026042013,2026-04-22 07:30:00,CUST-7316,AGT-218,131,14.3,Resolved,5,Neutral,Billing & Payment
IM-2026042014,2026-04-22 08:15:00,CUST-2216,AGT-220,80,9.8,Resolved,4,Positive,Billing & Payment
IM-2026042015,2026-04-22 08:15:00,CUST-7958,AGT-233,94,17.2,Resolved,3,Neutral,Technical Support
IM-2026042016,2026-04-22 08:30:00,CUST-8421,AGT-218,142,12.7,Resolved,5,Positive,Billing & Payment
IM-2026042017,2026-04-22 08:30:00,CUST-8654,AGT-232,23,16.8,Resolved,4,Negative,Technical Support
IM-2026042018,2026-04-22 08:30:00,CUST-1830,AGT-206,48,17.2,Transferred,5,Positive,General Inquiry
IM-2026042019,2026-04-22 08:45:00,CUST-4951,AGT-219,17,20.4,Unresolved,3,Positive,Network Outage
IM-2026042020,2026-04-22 09:15:00,CUST-6145,AGT-222,167,19.6,Transferred,3,Positive,Network Outage
IM-2026042021,2026-04-22 09:30:00,CUST-1498,AGT-226,77,12.9,Resolved,5,Positive,Technical Support
IM-2026042022,2026-04-22 09:30:00,CUST-7084,AGT-203,22,17.9,Resolved,5,Positive,Technical Support
IM-2026042023,2026-04-22 09:45:00,CUST-3389,AGT-201,55,22.4,Resolved,5,Positive,Account Management
IM-2026042024,2026-04-22 10:15:00,CUST-8697,AGT-201,29,8.1,Unresolved,3,Negative,Network Outage
IM-2026042025,2026-04-22 10:15:00,CUST-8973,AGT-216,60,20.3,Resolved,4,Negative,Billing & Payment
IM-2026042026,2026-04-22 10:15:00,CUST-1739,AGT-224,86,10.3,Resolved,5,Positive,Account Management
IM-2026042027,2026-04-22 11:00:00,CUST-8480,AGT-234,68,9.0,Unresolved,3,Neutral,Technical Support
IM-2026042028,2026-04-22 11:30:00,CUST-4553,AGT-210,43,12.7,Resolved,4,Positive,Account Management
IM-2026042029,2026-04-22 11:30:00,CUST-2698,AGT-208,29,5.2,Resolved,4,Positive,Billing & Payment
IM-2026042030,2026-04-22 11:45:00,CUST-6708,AGT-223,108,10.6,Resolved,5,Neutral,Billing & Payment
IM-2026042031,2026-04-22 11:45:00,CUST-1733,AGT-232,26,20.3,Transferred,5,Positive,Billing & Payment
IM-2026042032,2026-04-22 12:30:00,CUST-7216,AGT-228,289,10.1,Resolved,5,Neutral,Technical Support
IM-2026042033,2026-04-22 12:45:00,CUST-7894,AGT-223,68,10.2,Resolved,4,Positive,Technical Support
IM-2026042034,2026-04-22 12:45:00,CUST-2719,AGT-218,194,14.6,Resolved,5,Neutral,Network Outage
IM-2026042035,2026-04-22 13:00:00,CUST-2800,AGT-207,64,10.9,Resolved,4,Positive,Network Outage
IM-2026042036,2026-04-22 13:30:00,CUST-6014,AGT-210,50,9.0,Resolved,5,Neutral,Billing & Payment
IM-2026042037,2026-04-22 14:15:00,CUST-2044,AGT-230,22,9.3,Unresolved,5,Positive,Billing & Payment
IM-2026042038,2026-04-22 14:30:00,CUST-6665,AGT-223,71,15.8,Resolved,4,Neutral,Account Management
IM-2026042039,2026-04-22 15:00:00,CUST-8386,AGT-219,234,17.1,Resolved,4,Negative,Network Outage
IM-2026042040,2026-04-22 15:15:00,CUST-4810,AGT-233,62,8.4,Resolved,5,Positive,Billing & Payment
IM-2026042041,2026-04-22 15:15:00,CUST-7282,AGT-230,82,12.0,Resolved,3,Negative,Billing & Payment
IM-2026042042,2026-04-22 15:15:00,CUST-2688,AGT-225,223,10.0,Resolved,4,Positive,General Inquiry
IM-2026042043,2026-04-22 16:45:00,CUST-6129,AGT-230,114,9.3,Resolved,4,Neutral,Billing & Payment
IM-2026042044,2026-04-22 16:45:00,CUST-2724,AGT-208,98,2.0,Resolved,5,Positive,Technical Support
IM-2026042045,2026-04-22 17:30:00,CUST-6243,AGT-227,19,11.6,Resolved,4,Neutral,Technical Support
IM-2026042046,2026-04-22 17:30:00,CUST-6351,AGT-230,174,6.8,Resolved,4,Positive,Technical Support
IM-2026042047,2026-04-22 17:45:00,CUST-7540,AGT-216,125,17.1,Resolved,4,Positive,Technical Support
IM-2026042048,2026-04-22 18:00:00,CUST-3747,AGT-211,120,15.1,Resolved,4,Positive,Technical Support
IM-2026042049,2026-04-22 18:15:00,CUST-4721,AGT-204,475,9.2,Resolved,1,Negative,Network Outage
IM-2026042050,2026-04-22 18:30:00,CUST-9299,AGT-201,146,11.5,Resolved,5,Neutral,General Inquiry
IM-2026042051,2026-04-22 18:45:00,CUST-1805,AGT-209,25,22.5,Transferred,4,Positive,Account Management
IM-2026042052,2026-04-22 18:45:00,CUST-8868,AGT-228,73,5.2,Resolved,4,Positive,Billing & Payment
IM-2026042053,2026-04-22 19:00:00,CUST-8037,AGT-215,53,8.3,Resolved,5,Positive,Network Outage
IM-2026042054,2026-04-22 19:00:00,CUST-5161,AGT-226,283,13.7,Transferred,5,Positive,Technical Support
IM-2026042055,2026-04-22 19:30:00,CUST-9944,AGT-207,15,16.2,Resolved,5,Positive,Technical Support
IM-2026042056,2026-04-22 19:30:00,CUST-5339,AGT-232,16,5.2,Resolved,5,Positive,Billing & Payment
IM-2026042057,2026-04-22 19:45:00,CUST-7516,AGT-225,118,14.5,Resolved,3,Positive,Billing & Payment
IM-2026042058,2026-04-22 20:00:00,CUST-3062,AGT-225,88,11.1,Resolved,5,Neutral,Account Management
IM-2026042059,2026-04-22 20:00:00,CUST-7098,AGT-206,112,11.3,Resolved,4,Positive,Technical Support
IM-2026042060,2026-04-22 20:30:00,CUST-2884,AGT-211,55,11.9,Resolved,5,Positive,Billing & Payment
IM-2026042061,2026-04-22 20:45:00,CUST-5466,AGT-204,55,10.8,Resolved,3,Positive,Account Management
IM-2026042062,2026-04-22 21:15:00,CUST-2542,AGT-214,143,12.3,Resolved,5,Negative,Account Management
IM-2026042063,2026-04-22 21:45:00,CUST-2209,AGT-225,29,2.2,Resolved,4,Positive,General Inquiry
IM-2026042064,2026-04-22 21:45:00,CUST-3635,AGT-231,135,3.6,Resolved,3,Negative,Network Outage
IM-2026042065,2026-04-22 22:00:00,CUST-6851,AGT-208,35,15.9,Resolved,5,Positive,Account Management
IM-2026042066,2026-04-22 22:15:00,CUST-2897,AGT-230,15,9.2,Resolved,5,Positive,Account Management
IM-2026042067,2026-04-22 22:30:00,CUST-9058,AGT-208,21,11.6,Resolved,5,Neutral,Technical Support
IM-2026042068,2026-04-22 22:30:00,CUST-6999,AGT-211,26,9.2,Unresolved,5,Neutral,Technical Support
IM-2026042069,2026-04-22 23:00:00,CUST-4208,AGT-214,183,13.7,Resolved,5,Positive,General Inquiry
IM-2026042070,2026-04-22 23:30:00,CUST-7023,AGT-217,110,20.2,Resolved,4,Positive,Account Management
IM-2026042071,2026-04-22 23:45:00,CUST-9103,AGT-221,79,12.1,Transferred,5,Negative,Billing & Payment
IM-2026042072,2026-04-22 23:45:00,CUST-9695,AGT-201,43,8.3,Resolved,4,Positive,General Inquiry
IM-2026042073,2026-04-22 23:45:00,CUST-4269,AGT-234,60,14.0,Resolved,5,Positive,Technical Support
IM-2026042074,2026-04-23 00:15:00,CUST-8236,AGT-212,89,17.2,Resolved,4,Neutral,Account Management
IM-2026042075,2026-04-23 00:15:00,CUST-9153,AGT-212,120,9.2,Resolved,5,Positive,Billing & Payment
IM-2026042076,2026-04-23 01:00:00,CUST-2748,AGT-207,39,14.4,Resolved,3,Positive,Account Management
IM-2026042077,2026-04-23 01:00:00,CUST-5494,AGT-216,64,20.3,Resolved,3,Positive,Technical Support
IM-2026042078,2026-04-23 01:00:00,CUST-4942,AGT-201,68,2.0,Resolved,5,Neutral,Technical Support
IM-2026042079,2026-04-23 01:30:00,CUST-4102,AGT-209,54,12.3,Resolved,4,Positive,Account Management
IM-2026042080,2026-04-23 01:30:00,CUST-1387,AGT-234,79,5.8,Resolved,5,Positive,Technical Support
IM-2026042081,2026-04-23 01:30:00,CUST-2442,AGT-219,95,14.5,Resolved,3,Positive,Account Management
IM-2026042082,2026-04-23 01:45:00,CUST-6078,AGT-215,19,17.2,Resolved,5,Neutral,Account Management
IM-2026042083,2026-04-23 01:45:00,CUST-6557,AGT-215,92,6.9,Resolved,4,Positive,Account Management
IM-2026042084,2026-04-23 02:00:00,CUST-7253,AGT-226,125,9.0,Resolved,4,Positive,Billing & Payment
IM-2026042085,2026-04-23 02:00:00,CUST-7988,AGT-207,84,10.7,Resolved,4,Negative,Account Management
IM-2026042086,2026-04-23 02:15:00,CUST-3674,AGT-205,111,13.4,Unresolved,4,Neutral,Account Management
IM-2026042087,2026-04-23 03:00:00,CUST-9572,AGT-227,18,10.4,Resolved,4,Neutral,Network Outage
IM-2026042088,2026-04-23 03:15:00,CUST-1121,AGT-206,74,22.8,Resolved,5,Neutral,General Inquiry
IM-2026042089,2026-04-23 03:15:00,CUST-2383,AGT-215,45,6.1,Resolved,5,Positive,Billing & Payment
IM-2026042090,2026-04-23 03:15:00,CUST-9326,AGT-234,62,8.9,Resolved,4,Positive,Technical Support
IM-2026042091,2026-04-23 03:30:00,CUST-7817,AGT-209,24,6.2,Resolved,5,Negative,Network Outage
IM-2026042092,2026-04-23 03:45:00,CUST-1594,AGT-214,55,16.4,Resolved,4,Positive,Billing & Payment
IM-2026042093,2026-04-23 04:00:00,CUST-6534,AGT-214,112,12.5,Resolved,5,Positive,Billing & Payment
IM-2026042094,2026-04-23 04:15:00,CUST-5882,AGT-220,25,14.6,Resolved,5,Positive,Billing & Payment
IM-2026042095,2026-04-23 04:30:00,CUST-9792,AGT-220,106,18.2,Resolved,3,Positive,Account Management
IM-2026042096,2026-04-23 04:45:00,CUST-3784,AGT-229,29,19.9,Resolved,4,Positive,Network Outage
IM-2026042097,2026-04-23 04:45:00,CUST-4198,AGT-221,51,12.4,Resolved,4,Neutral,Network Outage
IM-2026042098,2026-04-23 04:45:00,CUST-9503,AGT-218,55,15.9,Resolved,5,Positive,Billing & Payment
IM-2026042099,2026-04-23 05:00:00,CUST-6043,AGT-214,159,15.3,Unresolved,5,Neutral,Billing & Payment
IM-2026042100,2026-04-23 05:30:00,CUST-9463,AGT-231,321,10.0,Resolved,1,Neutral,Billing & Payment
IM-2026042101,2026-04-23 05:45:00,CUST-7803,AGT-202,20,9.9,Resolved,5,Positive,Billing & Payment
IM-2026042102,2026-04-23 06:15:00,CUST-1165,AGT-215,65,5.3,Resolved,3,Positive,Account Management
IM-2026042103,2026-04-23 06:15:00,CUST-9058,AGT-206,32,11.5,Resolved,5,Neutral,Technical Support
IM-2026042104,2026-04-23 06:15:00,CUST-8904,AGT-226,324,19.1,Transferred,2,Negative,Billing & Payment
IM-2026042105,2026-04-23 07:00:00,CUST-6030,AGT-219,717,17.5,Resolved,2,Neutral,Billing & Payment
IM-2026042106,2026-04-23 07:15:00,CUST-5922,AGT-215,22,2.0,Resolved,5,Negative,Account Management
IM-2026042107,2026-04-23 07:45:00,CUST-5921,AGT-222,51,12.0,Resolved,3,Neutral,Account Management
IM-2026042108,2026-04-23 08:15:00,CUST-2337,AGT-209,419,5.5,Unresolved,3,Neutral,Billing & Payment
IM-2026042109,2026-04-23 08:15:00,CUST-5552,AGT-230,234,17.0,Resolved,5,Neutral,Billing & Payment
IM-2026042110,2026-04-23 08:30:00,CUST-7683,AGT-214,55,17.9,Unresolved,5,Neutral,Technical Support
IM-2026042111,2026-04-23 08:30:00,CUST-1448,AGT-201,153,12.8,Resolved,4,Positive,Network Outage
IM-2026042112,2026-04-23 08:30:00,CUST-2401,AGT-216,24,12.1,Resolved,5,Neutral,Account Management
IM-2026042113,2026-04-23 09:00:00,CUST-6984,AGT-206,119,17.2,Unresolved,4,Positive,Network Outage
IM-2026042114,2026-04-23 09:30:00,CUST-4249,AGT-208,49,13.7,Resolved,5,Positive,Billing & Payment
IM-2026042115,2026-04-23 09:30:00,CUST-8448,AGT-213,19,11.7,Resolved,5,Neutral,Technical Support
IM-2026042116,2026-04-23 10:00:00,CUST-3718,AGT-216,72,15.5,Resolved,5,Positive,Technical Support
IM-2026042117,2026-04-23 10:15:00,CUST-7710,AGT-208,134,19.7,Resolved,5,Positive,Technical Support
IM-2026042118,2026-04-23 10:15:00,CUST-8086,AGT-218,78,21.1,Resolved,5,Positive,Technical Support
IM-2026042119,2026-04-23 10:15:00,CUST-1491,AGT-201,230,17.2,Resolved,5,Neutral,Billing & Payment
IM-2026042120,2026-04-23 10:30:00,CUST-4225,AGT-211,135,7.9,Resolved,3,Positive,Account Management
IM-2026042121,2026-04-23 11:00:00,CUST-9371,AGT-203,275,13.8,Resolved,4,Positive,General Inquiry
IM-2026042122,2026-04-23 11:15:00,CUST-1620,AGT-223,40,14.9,Transferred,4,Positive,Technical Support
IM-2026042123,2026-04-23 11:15:00,CUST-2362,AGT-223,48,7.3,Resolved,5,Positive,Network Outage
IM-2026042124,2026-04-23 11:15:00,CUST-5201,AGT-232,45,8.0,Resolved,5,Positive,Billing & Payment
IM-2026042125,2026-04-23 11:30:00,CUST-8437,AGT-220,37,15.8,Resolved,5,Neutral,Technical Support
IM-2026042126,2026-04-23 11:30:00,CUST-8742,AGT-228,76,9.9,Resolved,4,Positive,Billing & Payment
IM-2026042127,2026-04-23 11:30:00,CUST-4014,AGT-208,367,14.1,Resolved,1,Negative,Network Outage
IM-2026042128,2026-04-23 12:30:00,CUST-2732,AGT-214,38,8.3,Resolved,5,Negative,Technical Support
IM-2026042129,2026-04-23 12:45:00,CUST-1165,AGT-209,24,8.4,Resolved,5,Neutral,Technical Support
IM-2026042130,2026-04-23 12:45:00,CUST-1446,AGT-219,352,14.0,Unresolved,1,Negative,Billing & Payment
IM-2026042131,2026-04-23 13:00:00,CUST-9189,AGT-201,28,7.7,Resolved,4,Neutral,General Inquiry
IM-2026042132,2026-04-23 13:00:00,CUST-8815,AGT-222,56,9.3,Resolved,5,Neutral,Technical Support
IM-2026042133,2026-04-23 13:15:00,CUST-6331,AGT-214,109,8.3,Resolved,4,Positive,Account Management
IM-2026042134,2026-04-23 13:30:00,CUST-6798,AGT-219,38,16.2,Resolved,5,Positive,Technical Support
IM-2026042135,2026-04-23 13:30:00,CUST-6862,AGT-225,52,9.6,Resolved,5,Positive,Account Management
IM-2026042136,2026-04-23 13:45:00,CUST-9906,AGT-219,137,13.7,Resolved,5,Positive,Network Outage
IM-2026042137,2026-04-23 14:15:00,CUST-9551,AGT-229,110,2.0,Resolved,3,Neutral,Billing & Payment
IM-2026042138,2026-04-23 14:15:00,CUST-6449,AGT-209,92,7.6,Resolved,5,Neutral,Network Outage
IM-2026042139,2026-04-23 14:30:00,CUST-5553,AGT-205,73,11.1,Resolved,5,Neutral,General Inquiry
IM-2026042140,2026-04-23 14:45:00,CUST-9162,AGT-222,122,9.7,Resolved,5,Positive,Billing & Payment
IM-2026042141,2026-04-23 15:30:00,CUST-3466,AGT-208,47,6.6,Transferred,4,Neutral,Account Management
IM-2026042142,2026-04-23 15:30:00,CUST-2685,AGT-230,542,16.2,Resolved,1,Negative,Technical Support
IM-2026042143,2026-04-23 15:30:00,CUST-8546,AGT-207,189,8.6,Resolved,3,Neutral,Billing & Payment
IM-2026042144,2026-04-23 15:30:00,CUST-3560,AGT-206,71,14.4,Resolved,4,Positive,Technical Support
IM-2026042145,2026-04-23 15:45:00,CUST-5843,AGT-207,16,4.6,Resolved,5,Positive,Account Management
IM-2026042146,2026-04-23 16:00:00,CUST-9140,AGT-220,51,9.0,Resolved,5,Positive,Billing & Payment
IM-2026042147,2026-04-23 16:00:00,CUST-8290,AGT-215,284,7.9,Resolved,4,Positive,Network Outage
IM-2026042148,2026-04-23 16:00:00,CUST-3567,AGT-234,287,19.2,Resolved,5,Positive,Technical Support
IM-2026042149,2026-04-23 16:00:00,CUST-9079,AGT-202,36,8.4,Resolved,3,Neutral,Billing & Payment
IM-2026042150,2026-04-23 16:30:00,CUST-5533,AGT-229,398,17.4,Resolved,1,Negative,Account Management
IM-2026042151,2026-04-23 16:45:00,CUST-3666,AGT-210,22,2.0,Resolved,4,Neutral,Billing & Payment
IM-2026042152,2026-04-23 17:30:00,CUST-7007,AGT-213,236,12.7,Resolved,5,Negative,Account Management
IM-2026042153,2026-04-23 17:45:00,CUST-8874,AGT-213,167,12.5,Resolved,3,Positive,Account Management
IM-2026042154,2026-04-23 19:00:00,CUST-1548,AGT-232,159,8.9,Resolved,5,Positive,Technical Support
IM-2026042155,2026-04-23 19:00:00,CUST-7350,AGT-202,151,17.1,Resolved,3,Positive,Account Management
IM-2026042156,2026-04-23 19:15:00,CUST-6596,AGT-234,353,5.4,Unresolved,2,Positive,Network Outage
IM-2026042157,2026-04-23 19:45:00,CUST-2588,AGT-215,143,6.4,Resolved,5,Negative,Technical Support
IM-2026042158,2026-04-23 20:00:00,CUST-9276,AGT-224,111,16.5,Resolved,4,Positive,Network Outage
IM-2026042159,2026-04-23 20:00:00,CUST-5932,AGT-208,74,20.3,Resolved,4,Positive,Account Management
IM-2026042160,2026-04-23 20:00:00,CUST-9379,AGT-217,63,17.7,Resolved,5,Neutral,Technical Support
IM-2026042161,2026-04-23 20:15:00,CUST-1387,AGT-224,167,8.2,Resolved,4,Positive,Network Outage
IM-2026042162,2026-04-23 20:45:00,CUST-1516,AGT-205,213,17.3,Resolved,3,Neutral,Network Outage
IM-2026042163,2026-04-23 20:45:00,CUST-5174,AGT-224,55,10.8,Resolved,5,Positive,Technical Support
IM-2026042164,2026-04-23 21:00:00,CUST-5915,AGT-234,140,5.4,Unresolved,5,Positive,Network Outage
IM-2026042165,2026-04-23 21:00:00,CUST-4679,AGT-218,19,7.8,Resolved,5,Positive,Billing & Payment
IM-2026042166,2026-04-23 21:00:00,CUST-7775,AGT-218,91,16.3,Transferred,5,Neutral,Technical Support
IM-2026042167,2026-04-23 21:15:00,CUST-1452,AGT-214,100,14.6,Resolved,4,Positive,Billing & Payment
IM-2026042168,2026-04-23 21:15:00,CUST-7675,AGT-222,186,5.5,Resolved,4,Positive,Account Management
IM-2026042169,2026-04-23 21:30:00,CUST-8811,AGT-207,116,9.1,Resolved,4,Neutral,Billing & Payment
IM-2026042170,2026-04-23 22:00:00,CUST-5848,AGT-227,81,19.3,Resolved,5,Neutral,Network Outage
IM-2026042171,2026-04-23 22:15:00,CUST-3781,AGT-210,16,8.2,Resolved,4,Positive,Technical Support
IM-2026042172,2026-04-23 22:30:00,CUST-1467,AGT-214,62,22.6,Resolved,4,Neutral,Technical Support
IM-2026042173,2026-04-23 23:45:00,CUST-3394,AGT-210,144,11.9,Resolved,5,Neutral,Account Management
IM-2026042174,2026-04-24 00:00:00,CUST-2977,AGT-203,20,8.1,Resolved,4,Positive,Network Outage
IM-2026042175,2026-04-24 00:30:00,CUST-9340,AGT-224,82,10.9,Resolved,5,Positive,Technical Support
IM-2026042176,2026-04-24 01:00:00,CUST-6826,AGT-203,23,12.0,Resolved,5,Neutral,Network Outage
IM-2026042177,2026-04-24 01:00:00,CUST-3036,AGT-206,58,12.9,Resolved,5,Negative,Technical Support
IM-2026042178,2026-04-24 01:30:00,CUST-3848,AGT-226,45,11.4,Resolved,5,Positive,Technical Support
IM-2026042179,2026-04-24 01:45:00,CUST-2509,AGT-216,48,10.1,Resolved,5,Positive,Technical Support
IM-2026042180,2026-04-24 02:00:00,CUST-5211,AGT-208,125,11.9,Resolved,5,Positive,Billing & Payment
IM-2026042181,2026-04-24 02:15:00,CUST-1740,AGT-207,30,8.2,Resolved,4,Neutral,Technical Support
IM-2026042182,2026-04-24 02:45:00,CUST-8604,AGT-215,69,16.4,Resolved,4,Positive,Billing & Payment
IM-2026042183,2026-04-24 03:00:00,CUST-2979,AGT-221,46,12.9,Resolved,5,Positive,General Inquiry
IM-2026042184,2026-04-24 03:30:00,CUST-8809,AGT-233,122,6.0,Resolved,5,Neutral,Technical Support
IM-2026042185,2026-04-24 03:45:00,CUST-3784,AGT-206,113,11.1,Unresolved,4,Neutral,Network Outage
IM-2026042186,2026-04-24 04:00:00,CUST-7552,AGT-230,41,19.5,Resolved,4,Neutral,Billing & Payment
IM-2026042187,2026-04-24 04:00:00,CUST-3433,AGT-234,88,16.9,Resolved,5,Negative,Billing & Payment
IM-2026042188,2026-04-24 04:30:00,CUST-4781,AGT-214,78,11.4,Resolved,5,Neutral,Billing & Payment
IM-2026042189,2026-04-24 04:45:00,CUST-6440,AGT-230,217,6.9,Resolved,3,Positive,Technical Support
IM-2026042190,2026-04-24 05:00:00,CUST-6032,AGT-227,57,11.8,Resolved,5,Positive,Technical Support
IM-2026042191,2026-04-24 05:15:00,CUST-7027,AGT-220,137,2.0,Resolved,5,Neutral,Billing & Payment
IM-2026042192,2026-04-24 05:45:00,CUST-1029,AGT-233,41,16.3,Transferred,3,Positive,Billing & Payment
IM-2026042193,2026-04-24 06:00:00,CUST-4258,AGT-214,23,15.1,Unresolved,5,Neutral,Technical Support
IM-2026042194,2026-04-24 06:15:00,CUST-6194,AGT-224,254,13.1,Resolved,4,Positive,General Inquiry
IM-2026042195,2026-04-24 06:15:00,CUST-8986,AGT-219,52,8.8,Resolved,5,Positive,Technical Support
IM-2026042196,2026-04-24 06:30:00,CUST-8319,AGT-201,27,12.9,Resolved,5,Neutral,Technical Support
IM-2026042197,2026-04-24 06:45:00,CUST-3974,AGT-215,25,17.8,Resolved,5,Negative,Technical Support
IM-2026042198,2026-04-24 07:00:00,CUST-7007,AGT-203,25,14.1,Resolved,3,Positive,Technical Support
IM-2026042199,2026-04-24 07:15:00,CUST-8344,AGT-201,37,16.2,Resolved,4,Positive,Network Outage
IM-2026042200,2026-04-24 07:15:00,CUST-7598,AGT-216,115,4.7,Resolved,5,Positive,General Inquiry
IM-2026042201,2026-04-24 08:00:00,CUST-4128,AGT-203,45,11.8,Resolved,5,Positive,Network Outage
IM-2026042202,2026-04-24 08:15:00,CUST-8679,AGT-219,30,13.7,Resolved,5,Positive,Account Management
IM-2026042203,2026-04-24 08:15:00,CUST-6479,AGT-218,24,15.6,Resolved,4,Positive,Technical Support
IM-2026042204,2026-04-24 08:15:00,CUST-6038,AGT-226,16,11.0,Resolved,5,Positive,Account Management
IM-2026042205,2026-04-24 08:45:00,CUST-5322,AGT-206,174,24.9,Resolved,3,Neutral,Network Outage
IM-2026042206,2026-04-24 09:00:00,CUST-6415,AGT-206,261,6.1,Unresolved,4,Positive,General Inquiry
IM-2026042207,2026-04-24 09:45:00,CUST-4283,AGT-217,135,8.4,Resolved,4,Positive,Network Outage
IM-2026042208,2026-04-24 10:00:00,CUST-4812,AGT-223,171,16.2,Resolved,4,Positive,Account Management
IM-2026042209,2026-04-24 10:00:00,CUST-7256,AGT-203,54,23.3,Resolved,5,Positive,Account Management
IM-2026042210,2026-04-24 10:00:00,CUST-6548,AGT-231,57,11.9,Resolved,5,Positive,Billing & Payment
IM-2026042211,2026-04-24 10:45:00,CUST-4026,AGT-229,77,10.8,Resolved,5,Positive,Technical Support
IM-2026042212,2026-04-24 10:45:00,CUST-7521,AGT-228,59,5.1,Resolved,5,Negative,Account Management
IM-2026042213,2026-04-24 12:00:00,CUST-4778,AGT-202,312,14.5,Resolved,2,Negative,Technical Support
IM-2026042214,2026-04-24 12:00:00,CUST-7330,AGT-202,114,9.4,Resolved,5,Positive,Technical Support
IM-2026042215,2026-04-24 12:15:00,CUST-1724,AGT-226,65,19.6,Resolved,5,Neutral,Billing & Payment
IM-2026042216,2026-04-24 12:30:00,CUST-8057,AGT-207,16,14.8,Resolved,4,Neutral,Technical Support
IM-2026042217,2026-04-24 12:45:00,CUST-5621,AGT-217,98,14.6,Resolved,5,Neutral,Account Management
IM-2026042218,2026-04-24 12:45:00,CUST-8849,AGT-212,17,13.5,Resolved,5,Negative,Network Outage
IM-2026042219,2026-04-24 13:00:00,CUST-1412,AGT-223,98,11.0,Resolved,3,Positive,Technical Support
IM-2026042220,2026-04-24 13:00:00,CUST-2141,AGT-224,256,17.2,Resolved,5,Neutral,Network Outage
IM-2026042221,2026-04-24 14:15:00,CUST-5903,AGT-224,167,4.5,Resolved,5,Positive,Technical Support
IM-2026042222,2026-04-24 14:15:00,CUST-5688,AGT-220,70,17.2,Resolved,5,Positive,Billing & Payment
IM-2026042223,2026-04-24 14:15:00,CUST-8004,AGT-208,329,6.7,Resolved,2,Negative,Account Management
IM-2026042224,2026-04-24 14:30:00,CUST-5432,AGT-204,403,7.1,Resolved,2,Negative,Technical Support
IM-2026042225,2026-04-24 14:30:00,CUST-1005,AGT-230,19,7.9,Resolved,4,Positive,Technical Support
IM-2026042226,2026-04-24 15:15:00,CUST-2225,AGT-212,35,10.9,Resolved,5,Positive,Billing & Payment
IM-2026042227,2026-04-24 15:45:00,CUST-9154,AGT-209,70,10.4,Resolved,5,Negative,Technical Support
IM-2026042228,2026-04-24 15:45:00,CUST-2963,AGT-218,40,6.3,Resolved,5,Negative,Billing & Payment
IM-2026042229,2026-04-24 16:00:00,CUST-7574,AGT-217,25,11.6,Resolved,5,Positive,Network Outage
IM-2026042230,2026-04-24 16:15:00,CUST-7843,AGT-209,51,12.4,Resolved,5,Positive,Account Management
IM-2026042231,2026-04-24 16:15:00,CUST-4231,AGT-230,56,17.7,Resolved,5,Negative,Technical Support
IM-2026042232,2026-04-24 16:15:00,CUST-1213,AGT-210,27,12.6,Resolved,5,Positive,Network Outage
IM-2026042233,2026-04-24 16:45:00,CUST-9174,AGT-229,153,14.7,Transferred,5,Neutral,Account Management
IM-2026042234,2026-04-24 16:45:00,CUST-4411,AGT-234,92,9.5,Resolved,4,Positive,Billing & Payment
IM-2026042235,2026-04-24 17:00:00,CUST-2299,AGT-202,22,11.9,Resolved,5,Neutral,Technical Support
IM-2026042236,2026-04-24 17:15:00,CUST-3940,AGT-218,35,20.8,Resolved,4,Positive,Account Management
IM-2026042237,2026-04-24 17:30:00,CUST-2635,AGT-208,22,9.7,Resolved,5,Positive,General Inquiry
IM-2026042238,2026-04-24 18:00:00,CUST-1643,AGT-216,22,2.0,Transferred,5,Positive,Billing & Payment
IM-2026042239,2026-04-24 18:45:00,CUST-7524,AGT-202,265,5.0,Resolved,4,Positive,Network Outage
IM-2026042240,2026-04-24 18:45:00,CUST-2143,AGT-206,318,9.0,Resolved,1,Negative,Billing & Payment
IM-2026042241,2026-04-24 19:00:00,CUST-9312,AGT-201,32,8.6,Resolved,4,Neutral,Technical Support
IM-2026042242,2026-04-24 19:30:00,CUST-2104,AGT-210,155,14.8,Resolved,5,Negative,General Inquiry
IM-2026042243,2026-04-24 19:30:00,CUST-1323,AGT-218,131,19.9,Resolved,4,Positive,Technical Support
IM-2026042244,2026-04-24 19:45:00,CUST-2803,AGT-217,58,10.3,Unresolved,3,Neutral,Technical Support
IM-2026042245,2026-04-24 20:00:00,CUST-6776,AGT-205,42,16.9,Resolved,4,Positive,Technical Support
IM-2026042246,2026-04-24 20:00:00,CUST-6151,AGT-211,48,16.8,Transferred,5,Positive,Account Management
IM-2026042247,2026-04-24 20:00:00,CUST-1259,AGT-215,183,17.2,Unresolved,4,Positive,Technical Support
IM-2026042248,2026-04-24 20:30:00,CUST-6024,AGT-208,25,9.2,Unresolved,5,Positive,Network Outage
IM-2026042249,2026-04-24 20:30:00,CUST-2408,AGT-228,29,6.0,Resolved,4,Positive,General Inquiry
IM-2026042250,2026-04-24 21:00:00,CUST-7857,AGT-204,69,19.7,Resolved,4,Positive,Account Management
IM-2026042251,2026-04-24 21:00:00,CUST-1290,AGT-214,120,13.0,Resolved,4,Neutral,Billing & Payment
IM-2026042252,2026-04-24 21:15:00,CUST-2737,AGT-204,43,5.1,Resolved,4,Positive,Technical Support
IM-2026042253,2026-04-24 21:45:00,CUST-9187,AGT-227,20,12.3,Resolved,5,Positive,Technical Support
IM-2026042254,2026-04-24 21:45:00,CUST-4042,AGT-221,63,20.6,Resolved,5,Neutral,Billing & Payment
IM-2026042255,2026-04-24 21:45:00,CUST-2201,AGT-208,93,8.7,Resolved,5,Positive,Billing & Payment
IM-2026042256,2026-04-24 22:00:00,CUST-8605,AGT-206,150,15.2,Resolved,5,Positive,Account Management
IM-2026042257,2026-04-24 22:00:00,CUST-6584,AGT-234,95,13.1,Resolved,5,Neutral,General Inquiry
IM-2026042258,2026-04-24 22:30:00,CUST-6825,AGT-233,125,21.2,Resolved,5,Positive,Billing & Payment
IM-2026042259,2026-04-24 22:30:00,CUST-7292,AGT-230,51,11.5,Unresolved,4,Positive,Technical Support
IM-2026042260,2026-04-24 23:00:00,CUST-2962,AGT-210,23,12.0,Resolved,3,Positive,Network Outage
IM-2026042261,2026-04-24 23:00:00,CUST-5819,AGT-208,165,14.8,Resolved,5,Positive,Billing & Payment
IM-2026042262,2026-04-24 23:15:00,CUST-4611,AGT-226,42,13.0,Resolved,4,Positive,Network Outage
IM-2026042263,2026-04-24 23:45:00,CUST-6347,AGT-216,121,13.5,Resolved,3,Negative,Billing & Payment
IM-2026042264,2026-04-25 00:15:00,CUST-9865,AGT-216,153,17.9,Resolved,5,Neutral,Billing & Payment
IM-2026042265,2026-04-25 00:30:00,CUST-8776,AGT-227,26,9.5,Resolved,4,Negative,Technical Support
IM-2026042266,2026-04-25 00:45:00,CUST-7699,AGT-212,253,7.1,Resolved,4,Neutral,Network Outage
IM-2026042267,2026-04-25 01:15:00,CUST-8636,AGT-220,107,5.3,Resolved,4,Positive,Network Outage
IM-2026042268,2026-04-25 01:30:00,CUST-3007,AGT-226,98,6.4,Resolved,3,Positive,Account Management
IM-2026042269,2026-04-25 02:00:00,CUST-3264,AGT-206,83,9.1,Resolved,5,Positive,General Inquiry
IM-2026042270,2026-04-25 02:15:00,CUST-1693,AGT-219,18,13.7,Resolved,5,Positive,Account Management
IM-2026042271,2026-04-25 02:45:00,CUST-1847,AGT-228,105,6.7,Transferred,4,Neutral,Network Outage
IM-2026042272,2026-04-25 03:15:00,CUST-9418,AGT-215,20,15.7,Resolved,4,Positive,Technical Support
IM-2026042273,2026-04-25 03:15:00,CUST-8364,AGT-209,45,17.3,Resolved,4,Positive,General Inquiry
IM-2026042274,2026-04-25 03:15:00,CUST-4812,AGT-212,275,6.2,Transferred,5,Positive,Account Management
IM-2026042275,2026-04-25 03:30:00,CUST-9932,AGT-221,61,13.3,Resolved,5,Positive,Billing & Payment
IM-2026042276,2026-04-25 03:30:00,CUST-1989,AGT-203,54,6.1,Resolved,5,Neutral,Account Management
IM-2026042277,2026-04-25 03:30:00,CUST-1281,AGT-212,322,7.4,Resolved,2,Neutral,Network Outage
IM-2026042278,2026-04-25 03:45:00,CUST-3120,AGT-218,80,2.2,Resolved,5,Positive,Billing & Payment
IM-2026042279,2026-04-25 03:45:00,CUST-4112,AGT-233,160,16.6,Resolved,5,Negative,Billing & Payment
IM-2026042280,2026-04-25 04:00:00,CUST-9601,AGT-234,37,11.7,Unresolved,5,Positive,Network Outage
IM-2026042281,2026-04-25 04:15:00,CUST-5129,AGT-222,48,12.2,Resolved,5,Negative,Network Outage
IM-2026042282,2026-04-25 04:15:00,CUST-6613,AGT-215,100,19.0,Resolved,4,Positive,Account Management
IM-2026042283,2026-04-25 04:45:00,CUST-7394,AGT-203,306,17.1,Resolved,1,Negative,Billing & Payment
IM-2026042284,2026-04-25 04:45:00,CUST-3010,AGT-210,76,15.6,Resolved,5,Neutral,Network Outage
IM-2026042285,2026-04-25 04:45:00,CUST-5833,AGT-212,197,13.2,Resolved,4,Positive,Technical Support
IM-2026042286,2026-04-25 05:00:00,CUST-5673,AGT-225,101,13.2,Resolved,5,Positive,Technical Support
IM-2026042287,2026-04-25 05:00:00,CUST-5368,AGT-206,98,15.6,Unresolved,5,Positive,Billing & Payment
IM-2026042288,2026-04-25 05:15:00,CUST-8281,AGT-224,47,13.7,Resolved,5,Neutral,Account Management
IM-2026042289,2026-04-25 06:00:00,CUST-1168,AGT-226,264,10.2,Resolved,5,Positive,Network Outage
IM-2026042290,2026-04-25 06:00:00,CUST-4301,AGT-214,29,14.7,Resolved,5,Positive,Account Management
IM-2026042291,2026-04-25 06:15:00,CUST-5159,AGT-212,153,14.1,Resolved,5,Neutral,Account Management
IM-2026042292,2026-04-25 06:15:00,CUST-7325,AGT-203,105,13.8,Resolved,4,Positive,Technical Support
IM-2026042293,2026-04-25 06:45:00,CUST-5564,AGT-233,116,15.7,Resolved,5,Positive,Technical Support
IM-2026042294,2026-04-25 07:45:00,CUST-3680,AGT-214,31,14.4,Resolved,4,Negative,Billing & Payment
IM-2026042295,2026-04-25 08:00:00,CUST-8376,AGT-211,51,6.6,Resolved,4,Positive,General Inquiry
IM-2026042296,2026-04-25 08:15:00,CUST-6214,AGT-229,170,10.2,Resolved,4,Positive,Billing & Payment
IM-2026042297,2026-04-25 08:30:00,CUST-3544,AGT-224,15,18.3,Resolved,4,Positive,Account Management
IM-2026042298,2026-04-25 08:30:00,CUST-2028,AGT-208,143,16.7,Resolved,4,Negative,Account Management
IM-2026042299,2026-04-25 08:45:00,CUST-6076,AGT-218,28,18.2,Resolved,5,Positive,Technical Support
IM-2026042300,2026-04-25 08:45:00,CUST-8390,AGT-224,24,17.4,Resolved,5,Positive,Technical Support
IM-2026042301,2026-04-25 09:15:00,CUST-3377,AGT-228,200,8.1,Resolved,5,Neutral,Network Outage
IM-2026042302,2026-04-25 09:15:00,CUST-6167,AGT-218,22,15.7,Resolved,3,Positive,Account Management
IM-2026042303,2026-04-25 09:30:00,CUST-1218,AGT-206,31,15.6,Resolved,5,Neutral,Technical Support
IM-2026042304,2026-04-25 09:30:00,CUST-2254,AGT-228,62,22.9,Resolved,5,Positive,Billing & Payment
IM-2026042305,2026-04-25 09:45:00,CUST-2371,AGT-202,106,10.8,Resolved,4,Positive,Account Management
IM-2026042306,2026-04-25 09:45:00,CUST-4938,AGT-204,75,12.7,Resolved,5,Positive,Billing & Payment
IM-2026042307,2026-04-25 10:30:00,CUST-3283,AGT-229,62,11.1,Unresolved,5,Positive,Billing & Payment
IM-2026042308,2026-04-25 11:15:00,CUST-4670,AGT-211,104,17.0,Unresolved,5,Positive,Technical Support
IM-2026042309,2026-04-25 11:15:00,CUST-8446,AGT-226,28,5.9,Resolved,5,Neutral,Billing & Payment
IM-2026042310,2026-04-25 12:00:00,CUST-6007,AGT-232,208,7.3,Resolved,5,Positive,Account Management
IM-2026042311,2026-04-25 12:15:00,CUST-8226,AGT-214,26,7.2,Resolved,5,Neutral,Network Outage
IM-2026042312,2026-04-25 12:45:00,CUST-9376,AGT-226,88,10.0,Resolved,4,Positive,Technical Support
IM-2026042313,2026-04-25 13:30:00,CUST-4640,AGT-219,362,18.4,Resolved,2,Neutral,Billing & Payment
IM-2026042314,2026-04-25 13:30:00,CUST-3801,AGT-220,28,8.5,Resolved,5,Negative,Billing & Payment
IM-2026042315,2026-04-25 14:15:00,CUST-2075,AGT-214,31,12.0,Resolved,5,Negative,Technical Support
IM-2026042316,2026-04-25 14:30:00,CUST-1189,AGT-234,101,13.9,Transferred,5,Positive,Technical Support
IM-2026042317,2026-04-25 14:30:00,CUST-6166,AGT-217,159,2.7,Resolved,4,Positive,Technical Support
IM-2026042318,2026-04-25 14:45:00,CUST-8193,AGT-228,37,22.1,Resolved,5,Positive,Billing & Payment
IM-2026042319,2026-04-25 15:45:00,CUST-2960,AGT-209,48,9.5,Resolved,5,Neutral,General Inquiry
IM-2026042320,2026-04-25 15:45:00,CUST-1690,AGT-226,28,2.0,Resolved,5,Neutral,Billing & Payment
IM-2026042321,2026-04-25 16:15:00,CUST-6312,AGT-206,225,15.9,Resolved,4,Negative,Network Outage
IM-2026042322,2026-04-25 16:45:00,CUST-1768,AGT-220,67,16.3,Resolved,4,Positive,Account Management
IM-2026042323,2026-04-25 16:45:00,CUST-5152,AGT-202,74,16.6,Resolved,5,Positive,General Inquiry
IM-2026042324,2026-04-25 17:00:00,CUST-8719,AGT-221,39,3.8,Unresolved,3,Positive,Technical Support
IM-2026042325,2026-04-25 17:00:00,CUST-2335,AGT-207,28,3.7,Transferred,4,Positive,Account Management
IM-2026042326,2026-04-25 17:00:00,CUST-4694,AGT-228,16,12.7,Resolved,5,Neutral,Billing & Payment
IM-2026042327,2026-04-25 17:15:00,CUST-1217,AGT-209,232,10.3,Resolved,5,Positive,Network Outage
IM-2026042328,2026-04-25 17:15:00,CUST-8177,AGT-225,54,22.7,Resolved,4,Positive,Network Outage
IM-2026042329,2026-04-25 17:15:00,CUST-9141,AGT-217,65,19.5,Resolved,5,Neutral,Billing & Payment
IM-2026042330,2026-04-25 17:45:00,CUST-7564,AGT-222,94,17.0,Unresolved,5,Neutral,Billing & Payment
IM-2026042331,2026-04-25 17:45:00,CUST-2100,AGT-217,167,12.5,Resolved,3,Positive,General Inquiry
IM-2026042332,2026-04-25 18:00:00,CUST-2653,AGT-215,28,19.6,Resolved,5,Positive,Technical Support
IM-2026042333,2026-04-25 18:00:00,CUST-3692,AGT-230,24,6.1,Resolved,3,Neutral,Technical Support
IM-2026042334,2026-04-25 18:15:00,CUST-1506,AGT-206,262,19.9,Resolved,4,Positive,Billing & Payment
IM-2026042335,2026-04-25 18:15:00,CUST-9615,AGT-228,47,12.1,Transferred,5,Positive,General Inquiry
IM-2026042336,2026-04-25 18:30:00,CUST-2342,AGT-231,82,17.8,Resolved,5,Neutral,Billing & Payment
IM-2026042337,2026-04-25 18:45:00,CUST-5756,AGT-210,46,16.2,Unresolved,5,Positive,Billing & Payment
IM-2026042338,2026-04-25 18:45:00,CUST-7066,AGT-230,106,8.4,Resolved,5,Positive,Billing & Payment
IM-2026042339,2026-04-25 19:00:00,CUST-6068,AGT-209,31,10.9,Resolved,5,Neutral,Account Management
IM-2026042340,2026-04-25 19:00:00,CUST-6730,AGT-207,29,9.7,Resolved,5,Positive,Account Management
IM-2026042341,2026-04-25 19:00:00,CUST-2982,AGT-209,35,8.0,Resolved,4,Neutral,Account Management
IM-2026042342,2026-04-25 19:15:00,CUST-2779,AGT-228,156,12.9,Resolved,4,Neutral,Network Outage
IM-2026042343,2026-04-25 19:15:00,CUST-6604,AGT-204,79,8.9,Resolved,5,Neutral,Billing & Payment
IM-2026042344,2026-04-25 19:45:00,CUST-6008,AGT-222,30,19.3,Resolved,5,Neutral,Technical Support
IM-2026042345,2026-04-25 19:45:00,CUST-9122,AGT-216,80,11.7,Resolved,5,Neutral,General Inquiry
IM-2026042346,2026-04-25 20:00:00,CUST-2577,AGT-222,24,11.7,Resolved,4,Neutral,Technical Support
IM-2026042347,2026-04-25 20:30:00,CUST-6218,AGT-213,37,5.6,Resolved,4,Positive,Technical Support
IM-2026042348,2026-04-25 20:30:00,CUST-5427,AGT-207,40,3.4,Resolved,3,Positive,Technical Support
IM-2026042349,2026-04-25 20:45:00,CUST-2940,AGT-225,118,14.2,Resolved,4,Positive,Technical Support
IM-2026042350,2026-04-25 20:45:00,CUST-2819,AGT-211,89,10.0,Resolved,4,Neutral,Account Management
IM-2026042351,2026-04-25 20:45:00,CUST-4092,AGT-222,42,14.2,Resolved,4,Positive,Account Management
IM-2026042352,2026-04-25 20:45:00,CUST-7033,AGT-226,146,15.0,Unresolved,5,Positive,Account Management
IM-2026042353,2026-04-25 21:30:00,CUST-1624,AGT-204,26,13.0,Resolved,4,Neutral,Network Outage
IM-2026042354,2026-04-25 21:45:00,CUST-5497,AGT-213,41,14.4,Unresolved,5,Neutral,General Inquiry
IM-2026042355,2026-04-25 22:30:00,CUST-1436,AGT-210,174,11.8,Resolved,4,Neutral,Network Outage
IM-2026042356,2026-04-25 22:30:00,CUST-4266,AGT-209,237,14.2,Resolved,4,Neutral,Billing & Payment
IM-2026042357,2026-04-25 22:45:00,CUST-6410,AGT-222,47,18.0,Resolved,5,Positive,Technical Support
IM-2026042358,2026-04-25 23:00:00,CUST-2555,AGT-220,81,9.9,Resolved,4,Positive,Technical Support
IM-2026042359,2026-04-25 23:00:00,CUST-1152,AGT-205,31,17.4,Resolved,4,Positive,Billing & Payment
IM-2026042360,2026-04-25 23:15:00,CUST-4390,AGT-231,116,19.8,Resolved,5,Positive,General Inquiry
IM-2026042361,2026-04-25 23:30:00,CUST-6072,AGT-217,15,6.9,Resolved,5,Neutral,Account Management
IM-2026042362,2026-04-26 00:00:00,CUST-8148,AGT-204,79,15.9,Unresolved,5,Neutral,Billing & Payment
IM-2026042363,2026-04-26 00:45:00,CUST-3180,AGT-205,60,10.5,Resolved,5,Positive,General Inquiry
IM-2026042364,2026-04-26 00:45:00,CUST-5517,AGT-205,240,8.6,Resolved,4,Positive,Technical Support
IM-2026042365,2026-04-26 01:00:00,CUST-8169,AGT-220,257,15.7,Resolved,5,Neutral,Account Management
IM-2026042366,2026-04-26 01:00:00,CUST-8890,AGT-208,54,13.1,Resolved,5,Neutral,Network Outage
IM-2026042367,2026-04-26 01:30:00,CUST-8020,AGT-215,119,9.4,Resolved,5,Neutral,Billing & Payment
IM-2026042368,2026-04-26 02:00:00,CUST-5767,AGT-233,24,8.1,Resolved,3,Positive,Account Management
IM-2026042369,2026-04-26 02:00:00,CUST-5930,AGT-217,22,11.4,Resolved,4,Positive,Billing & Payment
IM-2026042370,2026-04-26 02:00:00,CUST-6100,AGT-221,19,12.6,Resolved,5,Positive,Technical Support
IM-2026042371,2026-04-26 02:15:00,CUST-2691,AGT-206,44,11.7,Resolved,4,Positive,Technical Support
IM-2026042372,2026-04-26 02:15:00,CUST-6099,AGT-233,38,12.0,Resolved,4,Neutral,Billing & Payment
IM-2026042373,2026-04-26 02:15:00,CUST-9813,AGT-202,49,10.0,Resolved,3,Positive,Network Outage
IM-2026042374,2026-04-26 02:30:00,CUST-7682,AGT-220,315,13.3,Unresolved,1,Negative,Technical Support
IM-2026042375,2026-04-26 02:30:00,CUST-8400,AGT-212,15,7.8,Resolved,5,Positive,Technical Support
IM-2026042376,2026-04-26 02:30:00,CUST-2707,AGT-215,123,9.4,Resolved,5,Positive,General Inquiry
IM-2026042377,2026-04-26 02:45:00,CUST-9738,AGT-231,271,2.0,Resolved,5,Neutral,Technical Support
IM-2026042378,2026-04-26 02:45:00,CUST-9421,AGT-220,36,6.5,Resolved,5,Neutral,Network Outage
IM-2026042379,2026-04-26 03:00:00,CUST-5272,AGT-214,329,10.9,Unresolved,2,Negative,Network Outage
IM-2026042380,2026-04-26 03:00:00,CUST-6606,AGT-204,68,12.0,Resolved,5,Positive,Billing & Payment
IM-2026042381,2026-04-26 03:15:00,CUST-2663,AGT-231,169,19.0,Resolved,4,Negative,General Inquiry
IM-2026042382,2026-04-26 03:15:00,CUST-6004,AGT-222,54,15.4,Resolved,5,Positive,Account Management
IM-2026042383,2026-04-26 03:30:00,CUST-3660,AGT-223,76,13.9,Resolved,5,Neutral,Billing & Payment
IM-2026042384,2026-04-26 03:30:00,CUST-1869,AGT-204,38,16.5,Unresolved,5,Positive,Billing & Payment
IM-2026042385,2026-04-26 03:45:00,CUST-3935,AGT-203,24,22.2,Resolved,3,Positive,Technical Support
IM-2026042386,2026-04-26 04:45:00,CUST-1059,AGT-222,68,15.2,Resolved,4,Positive,Network Outage
IM-2026042387,2026-04-26 05:15:00,CUST-3471,AGT-211,170,2.0,Resolved,5,Positive,General Inquiry
IM-2026042388,2026-04-26 05:15:00,CUST-8800,AGT-214,45,13.7,Resolved,4,Neutral,Billing & Payment
IM-2026042389,2026-04-26 05:15:00,CUST-6965,AGT-226,37,17.9,Resolved,5,Negative,Technical Support
IM-2026042390,2026-04-26 05:30:00,CUST-4045,AGT-228,101,2.0,Resolved,5,Positive,Technical Support
IM-2026042391,2026-04-26 06:30:00,CUST-3378,AGT-223,175,10.9,Resolved,5,Positive,Account Management
IM-2026042392,2026-04-26 06:30:00,CUST-9293,AGT-205,78,16.1,Unresolved,4,Positive,Network Outage
IM-2026042393,2026-04-26 06:45:00,CUST-5429,AGT-211,404,13.0,Resolved,1,Negative,Billing & Payment
IM-2026042394,2026-04-26 07:00:00,CUST-7947,AGT-222,24,2.2,Transferred,4,Neutral,Network Outage
IM-2026042395,2026-04-26 07:15:00,CUST-5909,AGT-214,185,15.0,Resolved,5,Positive,Network Outage
IM-2026042396,2026-04-26 07:30:00,CUST-4122,AGT-222,227,7.5,Resolved,5,Positive,Account Management
IM-2026042397,2026-04-26 07:30:00,CUST-4443,AGT-215,168,11.5,Resolved,4,Positive,Billing & Payment
IM-2026042398,2026-04-26 07:45:00,CUST-4039,AGT-209,57,10.6,Resolved,4,Neutral,Billing & Payment
IM-2026042399,2026-04-26 07:45:00,CUST-6167,AGT-208,413,7.5,Resolved,2,Negative,Network Outage
IM-2026042400,2026-04-26 08:00:00,CUST-9904,AGT-203,118,19.5,Resolved,5,Neutral,Account Management
IM-2026042401,2026-04-26 08:45:00,CUST-5899,AGT-222,159,8.4,Resolved,5,Positive,Technical Support
IM-2026042402,2026-04-26 09:00:00,CUST-1370,AGT-209,193,11.0,Resolved,5,Positive,Technical Support
IM-2026042403,2026-04-26 09:00:00,CUST-8019,AGT-216,25,11.1,Resolved,4,Positive,Billing & Payment
IM-2026042404,2026-04-26 09:45:00,CUST-1507,AGT-216,65,7.5,Resolved,4,Neutral,Billing & Payment
IM-2026042405,2026-04-26 10:30:00,CUST-4650,AGT-202,44,11.2,Unresolved,4,Negative,Technical Support
IM-2026042406,2026-04-26 10:30:00,CUST-6903,AGT-227,98,11.7,Resolved,5,Neutral,Account Management
IM-2026042407,2026-04-26 11:15:00,CUST-2461,AGT-227,293,13.4,Resolved,5,Positive,Billing & Payment
IM-2026042408,2026-04-26 11:15:00,CUST-9892,AGT-209,17,17.6,Resolved,5,Positive,Billing & Payment
IM-2026042409,2026-04-26 11:15:00,CUST-1464,AGT-226,90,15.8,Transferred,4,Positive,Billing & Payment
IM-2026042410,2026-04-26 11:15:00,CUST-8688,AGT-229,19,2.0,Resolved,5,Positive,General Inquiry
IM-2026042411,2026-04-26 11:45:00,CUST-2774,AGT-215,80,17.2,Resolved,5,Neutral,Network Outage
IM-2026042412,2026-04-26 11:45:00,CUST-1760,AGT-220,244,7.2,Resolved,4,Neutral,Billing & Payment
IM-2026042413,2026-04-26 11:45:00,CUST-4943,AGT-230,96,3.5,Resolved,4,Positive,Billing & Payment
IM-2026042414,2026-04-26 11:45:00,CUST-5841,AGT-224,212,4.8,Resolved,5,Positive,Billing & Payment
IM-2026042415,2026-04-26 12:15:00,CUST-5654,AGT-225,23,16.3,Resolved,5,Positive,Technical Support
IM-2026042416,2026-04-26 12:15:00,CUST-2143,AGT-230,582,8.0,Unresolved,2,Negative,Technical Support
IM-2026042417,2026-04-26 12:45:00,CUST-4488,AGT-217,52,5.8,Resolved,3,Positive,Technical Support
IM-2026042418,2026-04-26 12:45:00,CUST-2113,AGT-204,320,15.3,Resolved,1,Negative,Account Management
IM-2026042419,2026-04-26 13:00:00,CUST-6662,AGT-207,67,13.7,Resolved,5,Positive,Billing & Payment
IM-2026042420,2026-04-26 13:15:00,CUST-2724,AGT-219,221,8.8,Resolved,5,Neutral,Network Outage
IM-2026042421,2026-04-26 13:30:00,CUST-9587,AGT-226,76,9.3,Resolved,5,Neutral,Account Management
IM-2026042422,2026-04-26 14:15:00,CUST-9664,AGT-201,52,14.2,Resolved,4,Positive,Account Management
IM-2026042423,2026-04-26 14:15:00,CUST-8698,AGT-210,35,11.7,Resolved,3,Positive,Technical Support
IM-2026042424,2026-04-26 14:30:00,CUST-3461,AGT-217,134,23.3,Resolved,5,Neutral,General Inquiry
IM-2026042425,2026-04-26 14:30:00,CUST-8560,AGT-208,101,19.6,Resolved,5,Neutral,General Inquiry
IM-2026042426,2026-04-26 14:45:00,CUST-5439,AGT-219,88,8.1,Resolved,4,Positive,Account Management
IM-2026042427,2026-04-26 14:45:00,CUST-5333,AGT-208,115,5.6,Resolved,4,Positive,Technical Support
IM-2026042428,2026-04-26 14:45:00,CUST-7847,AGT-210,36,9.3,Resolved,4,Positive,General Inquiry
IM-2026042429,2026-04-26 15:15:00,CUST-8574,AGT-216,86,11.4,Resolved,5,Negative,Network Outage
IM-2026042430,2026-04-26 15:30:00,CUST-9386,AGT-218,22,18.6,Resolved,4,Neutral,Billing & Payment
IM-2026042431,2026-04-26 16:00:00,CUST-5114,AGT-220,95,8.7,Resolved,5,Neutral,Technical Support
IM-2026042432,2026-04-26 16:45:00,CUST-5178,AGT-215,93,14.3,Resolved,5,Neutral,Billing & Payment
IM-2026042433,2026-04-26 16:45:00,CUST-4739,AGT-222,80,5.2,Resolved,4,Neutral,Technical Support
IM-2026042434,2026-04-26 17:00:00,CUST-1570,AGT-228,213,2.0,Unresolved,5,Positive,Account Management
IM-2026042435,2026-04-26 17:15:00,CUST-4051,AGT-217,118,13.9,Resolved,5,Neutral,General Inquiry
IM-2026042436,2026-04-26 17:30:00,CUST-4641,AGT-217,182,16.2,Resolved,3,Positive,Account Management
IM-2026042437,2026-04-26 18:00:00,CUST-5492,AGT-210,152,12.2,Resolved,5,Neutral,Account Management
IM-2026042438,2026-04-26 18:15:00,CUST-4148,AGT-232,83,14.1,Resolved,4,Neutral,Network Outage
IM-2026042439,2026-04-26 18:30:00,CUST-6170,AGT-215,27,15.3,Resolved,5,Positive,Account Management
IM-2026042440,2026-04-26 18:45:00,CUST-4166,AGT-212,117,21.0,Resolved,4,Negative,Billing & Payment
IM-2026042441,2026-04-26 19:15:00,CUST-6382,AGT-216,38,17.7,Unresolved,4,Positive,General Inquiry
IM-2026042442,2026-04-26 19:15:00,CUST-8430,AGT-214,108,10.3,Resolved,4,Positive,Network Outage
IM-2026042443,2026-04-26 19:30:00,CUST-5993,AGT-214,16,2.6,Resolved,4,Neutral,Technical Support
IM-2026042444,2026-04-26 19:30:00,CUST-1356,AGT-204,63,17.7,Resolved,5,Positive,Account Management
IM-2026042445,2026-04-26 19:30:00,CUST-1233,AGT-211,31,12.2,Resolved,4,Neutral,Billing & Payment
IM-2026042446,2026-04-26 19:45:00,CUST-2545,AGT-233,83,14.0,Resolved,4,Positive,Network Outage
IM-2026042447,2026-04-26 19:45:00,CUST-6957,AGT-213,82,9.4,Resolved,3,Positive,Network Outage
IM-2026042448,2026-04-26 19:45:00,CUST-1583,AGT-231,25,11.1,Resolved,5,Positive,Technical Support
IM-2026042449,2026-04-26 20:15:00,CUST-6156,AGT-210,27,11.6,Resolved,3,Positive,Technical Support
IM-2026042450,2026-04-26 20:45:00,CUST-9821,AGT-230,15,16.4,Resolved,4,Positive,Billing & Payment
IM-2026042451,2026-04-26 21:00:00,CUST-3815,AGT-222,151,8.1,Unresolved,5,Positive,Technical Support
IM-2026042452,2026-04-26 22:15:00,CUST-9996,AGT-224,230,16.0,Unresolved,4,Positive,Billing & Payment
IM-2026042453,2026-04-26 22:15:00,CUST-8130,AGT-201,145,12.9,Resolved,5,Neutral,Technical Support
IM-2026042454,2026-04-26 22:30:00,CUST-3094,AGT-216,154,13.3,Unresolved,5,Positive,Technical Support
IM-2026042455,2026-04-26 23:00:00,CUST-5296,AGT-222,103,11.7,Resolved,4,Neutral,Technical Support
IM-2026042456,2026-04-26 23:30:00,CUST-1139,AGT-212,105,15.8,Resolved,5,Positive,General Inquiry
IM-2026042457,2026-04-26 23:30:00,CUST-7277,AGT-234,20,14.0,Resolved,3,Positive,General Inquiry
IM-2026042458,2026-04-26 23:45:00,CUST-6780,AGT-228,148,14.7,Resolved,5,Positive,Account Management
IM-2026042459,2026-04-27 00:15:00,CUST-6851,AGT-213,44,11.9,Resolved,5,Positive,Billing & Payment
IM-2026042460,2026-04-27 00:30:00,CUST-7361,AGT-232,74,10.3,Resolved,5,Neutral,General Inquiry
IM-2026042461,2026-04-27 00:45:00,CUST-3050,AGT-206,27,13.0,Resolved,4,Neutral,Account Management
IM-2026042462,2026-04-27 00:45:00,CUST-3051,AGT-216,18,11.1,Transferred,4,Neutral,Billing & Payment
IM-2026042463,2026-04-27 00:45:00,CUST-7139,AGT-220,39,10.7,Resolved,5,Positive,Technical Support
IM-2026042464,2026-04-27 00:45:00,CUST-6659,AGT-205,147,14.5,Resolved,5,Positive,Technical Support
IM-2026042465,2026-04-27 00:45:00,CUST-6660,AGT-201,19,10.3,Resolved,4,Neutral,Technical Support
IM-2026042466,2026-04-27 01:00:00,CUST-8330,AGT-225,204,14.3,Resolved,5,Neutral,Technical Support
IM-2026042467,2026-04-27 01:30:00,CUST-4349,AGT-227,40,9.1,Resolved,3,Positive,Account Management
IM-2026042468,2026-04-27 01:30:00,CUST-6366,AGT-201,95,2.0,Transferred,3,Positive,Billing & Payment
IM-2026042469,2026-04-27 01:30:00,CUST-8895,AGT-231,95,17.8,Unresolved,5,Positive,Billing & Payment
IM-2026042470,2026-04-27 01:30:00,CUST-9623,AGT-212,93,18.8,Resolved,5,Positive,Billing & Payment
IM-2026042471,2026-04-27 01:45:00,CUST-9920,AGT-230,109,11.3,Resolved,5,Neutral,Account Management
IM-2026042472,2026-04-27 01:45:00,CUST-7461,AGT-216,88,13.6,Resolved,4,Positive,Network Outage
IM-2026042473,2026-04-27 02:15:00,CUST-2244,AGT-218,113,8.7,Resolved,4,Positive,Network Outage
IM-2026042474,2026-04-27 02:15:00,CUST-7235,AGT-210,70,11.2,Transferred,4,Neutral,Technical Support
IM-2026042475,2026-04-27 02:30:00,CUST-2289,AGT-207,75,9.5,Transferred,4,Positive,Account Management
IM-2026042476,2026-04-27 02:45:00,CUST-1580,AGT-202,17,19.3,Resolved,4,Positive,Network Outage
IM-2026042477,2026-04-27 02:45:00,CUST-8647,AGT-220,16,10.3,Resolved,5,Positive,Account Management
IM-2026042478,2026-04-27 03:00:00,CUST-7577,AGT-222,88,9.6,Resolved,3,Positive,Technical Support
IM-2026042479,2026-04-27 03:30:00,CUST-1990,AGT-228,213,2.0,Resolved,5,Positive,Technical Support
IM-2026042480,2026-04-27 03:30:00,CUST-8348,AGT-233,63,12.1,Resolved,5,Positive,Billing & Payment
IM-2026042481,2026-04-27 03:45:00,CUST-5804,AGT-233,66,13.1,Resolved,3,Positive,Account Management
IM-2026042482,2026-04-27 04:15:00,CUST-2896,AGT-232,78,13.7,Unresolved,4,Positive,Billing & Payment
IM-2026042483,2026-04-27 04:30:00,CUST-1841,AGT-228,26,12.3,Resolved,4,Neutral,Technical Support
IM-2026042484,2026-04-27 05:00:00,CUST-7625,AGT-216,61,6.2,Resolved,4,Positive,Network Outage
IM-2026042485,2026-04-27 05:15:00,CUST-1472,AGT-232,70,9.5,Resolved,4,Positive,Account Management
IM-2026042486,2026-04-27 05:30:00,CUST-5835,AGT-213,34,14.2,Resolved,4,Neutral,Technical Support
IM-2026042487,2026-04-27 05:30:00,CUST-8596,AGT-212,168,8.4,Resolved,5,Negative,Network Outage
IM-2026042488,2026-04-27 05:45:00,CUST-2192,AGT-201,91,9.9,Resolved,4,Positive,Network Outage
IM-2026042489,2026-04-27 06:30:00,CUST-7755,AGT-204,33,13.9,Resolved,5,Neutral,Account Management
IM-2026042490,2026-04-27 06:45:00,CUST-2688,AGT-223,22,14.7,Resolved,5,Positive,General Inquiry
IM-2026042491,2026-04-27 07:15:00,CUST-8030,AGT-227,86,11.2,Resolved,5,Positive,Technical Support
IM-2026042492,2026-04-27 07:15:00,CUST-9388,AGT-210,110,9.0,Resolved,4,Positive,Billing & Payment
IM-2026042493,2026-04-27 07:15:00,CUST-6881,AGT-202,26,12.7,Resolved,4,Positive,General Inquiry
IM-2026042494,2026-04-27 08:15:00,CUST-5564,AGT-228,138,18.6,Unresolved,5,Positive,Account Management
IM-2026042495,2026-04-27 08:45:00,CUST-9453,AGT-212,183,16.3,Resolved,5,Positive,Billing & Payment
IM-2026042496,2026-04-27 08:45:00,CUST-2389,AGT-222,169,10.2,Resolved,3,Negative,General Inquiry
IM-2026042497,2026-04-27 09:00:00,CUST-8906,AGT-204,15,10.9,Resolved,4,Positive,Billing & Payment
IM-2026042498,2026-04-27 09:15:00,CUST-8171,AGT-204,218,6.1,Resolved,4,Positive,Billing & Payment
IM-2026042499,2026-04-27 09:30:00,CUST-4487,AGT-223,139,15.0,Resolved,4,Positive,Billing & Payment
IM-2026042500,2026-04-27 09:30:00,CUST-1855,AGT-215,16,20.4,Resolved,4,Neutral,Billing & Payment
IM-2026042501,2026-04-27 09:30:00,CUST-1733,AGT-208,33,14.6,Resolved,5,Positive,Network Outage
IM-2026042502,2026-04-27 09:30:00,CUST-3513,AGT-233,199,12.4,Resolved,5,Neutral,Account Management
IM-2026042503,2026-04-27 10:00:00,CUST-5231,AGT-213,170,15.5,Resolved,4,Positive,Network Outage
IM-2026042504,2026-04-27 10:00:00,CUST-7045,AGT-204,312,16.9,Resolved,1,Negative,General Inquiry
IM-2026042505,2026-04-27 10:15:00,CUST-6383,AGT-229,135,10.1,Resolved,5,Positive,Billing & Payment
IM-2026042506,2026-04-27 11:30:00,CUST-5450,AGT-208,48,14.5,Resolved,4,Neutral,Network Outage
IM-2026042507,2026-04-27 11:30:00,CUST-1354,AGT-203,148,14.1,Resolved,4,Positive,Technical Support
IM-2026042508,2026-04-27 12:00:00,CUST-1491,AGT-209,34,20.8,Resolved,4,Positive,Billing & Payment
IM-2026042509,2026-04-27 12:15:00,CUST-1991,AGT-209,65,7.7,Resolved,4,Neutral,Network Outage
IM-2026042510,2026-04-27 12:15:00,CUST-9253,AGT-212,109,21.1,Resolved,5,Negative,Billing & Payment
IM-2026042511,2026-04-27 12:45:00,CUST-4762,AGT-207,40,10.5,Resolved,5,Neutral,Technical Support
IM-2026042512,2026-04-27 13:15:00,CUST-8597,AGT-218,110,19.2,Transferred,5,Positive,Technical Support
IM-2026042513,2026-04-27 13:15:00,CUST-9798,AGT-233,144,2.0,Unresolved,5,Positive,Account Management
IM-2026042514,2026-04-27 13:30:00,CUST-2952,AGT-230,132,9.7,Resolved,4,Positive,General Inquiry
IM-2026042515,2026-04-27 14:00:00,CUST-6059,AGT-208,123,15.6,Resolved,4,Neutral,Technical Support
IM-2026042516,2026-04-27 14:15:00,CUST-7141,AGT-215,224,14.4,Resolved,5,Positive,Billing & Payment
IM-2026042517,2026-04-27 14:30:00,CUST-5742,AGT-210,26,22.4,Resolved,5,Positive,Account Management
IM-2026042518,2026-04-27 14:30:00,CUST-9092,AGT-209,42,11.7,Resolved,4,Neutral,General Inquiry
IM-2026042519,2026-04-27 15:15:00,CUST-8202,AGT-221,240,12.6,Transferred,5,Neutral,Network Outage
IM-2026042520,2026-04-27 15:30:00,CUST-1867,AGT-210,102,15.6,Resolved,5,Neutral,Billing & Payment
IM-2026042521,2026-04-27 15:45:00,CUST-3488,AGT-220,43,14.5,Resolved,4,Positive,Technical Support
IM-2026042522,2026-04-27 16:15:00,CUST-1049,AGT-229,335,2.8,Unresolved,1,Negative,Account Management
IM-2026042523,2026-04-27 16:30:00,CUST-8635,AGT-216,26,4.8,Unresolved,4,Positive,Network Outage
IM-2026042524,2026-04-27 16:45:00,CUST-2925,AGT-227,256,8.9,Resolved,3,Positive,General Inquiry
IM-2026042525,2026-04-27 16:45:00,CUST-8963,AGT-225,131,12.1,Resolved,5,Neutral,Billing & Payment
IM-2026042526,2026-04-27 16:45:00,CUST-6746,AGT-228,61,4.1,Resolved,5,Neutral,General Inquiry
IM-2026042527,2026-04-27 16:45:00,CUST-1862,AGT-230,96,11.1,Resolved,4,Positive,Billing & Payment
IM-2026042528,2026-04-27 16:45:00,CUST-6186,AGT-221,241,13.9,Resolved,5,Positive,Account Management
IM-2026042529,2026-04-27 17:15:00,CUST-7968,AGT-225,75,19.5,Resolved,4,Positive,Billing & Payment
IM-2026042530,2026-04-27 18:30:00,CUST-5358,AGT-218,170,12.9,Resolved,3,Positive,Technical Support
IM-2026042531,2026-04-27 18:45:00,CUST-9933,AGT-203,43,11.7,Resolved,5,Negative,Technical Support
IM-2026042532,2026-04-27 19:00:00,CUST-4481,AGT-210,147,5.9,Resolved,5,Neutral,Account Management
IM-2026042533,2026-04-27 19:00:00,CUST-6440,AGT-224,290,8.6,Resolved,3,Negative,Account Management
IM-2026042534,2026-04-27 19:15:00,CUST-1544,AGT-231,194,13.2,Resolved,4,Positive,Network Outage
IM-2026042535,2026-04-27 19:30:00,CUST-2573,AGT-218,250,16.6,Resolved,4,Positive,Technical Support
IM-2026042536,2026-04-27 19:30:00,CUST-6354,AGT-203,53,4.9,Resolved,4,Positive,Account Management
IM-2026042537,2026-04-27 19:45:00,CUST-6566,AGT-226,58,12.4,Resolved,4,Positive,Account Management
IM-2026042538,2026-04-27 20:15:00,CUST-5343,AGT-212,159,16.3,Resolved,3,Positive,Account Management
IM-2026042539,2026-04-27 20:30:00,CUST-4042,AGT-213,28,9.5,Resolved,5,Positive,Billing & Payment
IM-2026042540,2026-04-27 20:30:00,CUST-7034,AGT-204,124,8.9,Resolved,5,Positive,Billing & Payment
IM-2026042541,2026-04-27 20:45:00,CUST-1509,AGT-201,56,17.5,Resolved,4,Positive,Billing & Payment
IM-2026042542,2026-04-27 21:30:00,CUST-5904,AGT-225,143,11.3,Unresolved,5,Neutral,Account Management
IM-2026042543,2026-04-27 21:45:00,CUST-4082,AGT-214,15,14.8,Resolved,4,Positive,Technical Support
IM-2026042544,2026-04-27 21:45:00,CUST-4147,AGT-203,114,12.5,Unresolved,5,Positive,General Inquiry
IM-2026042545,2026-04-27 21:45:00,CUST-3245,AGT-234,29,15.0,Resolved,5,Neutral,Technical Support
IM-2026042546,2026-04-27 22:15:00,CUST-1525,AGT-207,20,10.3,Resolved,4,Positive,Network Outage
IM-2026042547,2026-04-27 22:15:00,CUST-2993,AGT-232,160,10.5,Resolved,5,Positive,Technical Support
IM-2026042548,2026-04-27 22:45:00,CUST-8459,AGT-217,87,13.9,Resolved,5,Neutral,Billing & Payment
IM-2026042549,2026-04-27 22:45:00,CUST-1068,AGT-204,73,11.9,Resolved,5,Positive,Technical Support
IM-2026042550,2026-04-27 22:45:00,CUST-7464,AGT-217,50,16.2,Resolved,5,Positive,Billing & Payment
IM-2026042551,2026-04-27 22:45:00,CUST-8779,AGT-211,70,6.1,Resolved,4,Neutral,General Inquiry
IM-2026042552,2026-04-27 23:00:00,CUST-4786,AGT-221,17,6.8,Resolved,5,Neutral,Account Management
IM-2026042553,2026-04-27 23:00:00,CUST-1743,AGT-223,519,12.1,Resolved,1,Negative,Account Management
IM-2026042554,2026-04-27 23:30:00,CUST-9129,AGT-232,23,11.9,Unresolved,4,Positive,Technical Support
IM-2026042555,2026-04-27 23:30:00,CUST-1523,AGT-233,107,16.8,Resolved,4,Positive,Technical Support
IM-2026042556,2026-04-27 23:45:00,CUST-6430,AGT-208,30,17.0,Resolved,5,Neutral,Technical Support
IM-2026042557,2026-04-27 23:45:00,CUST-3057,AGT-216,90,13.7,Resolved,3,Positive,Billing & Payment
IM-2026042558,2026-04-27 23:45:00,CUST-3297,AGT-211,28,16.1,Resolved,5,Positive,Billing & Payment
IM-2026042559,2026-04-27 23:45:00,CUST-5034,AGT-227,261,10.5,Resolved,4,Neutral,Technical Support
IM-2026042560,2026-04-28 00:00:00,CUST-2788,AGT-233,90,23.6,Resolved,4,Neutral,General Inquiry
IM-2026042561,2026-04-28 00:30:00,CUST-4845,AGT-210,125,13.4,Resolved,3,Positive,Technical Support
IM-2026042562,2026-04-28 00:30:00,CUST-8207,AGT-203,40,7.4,Resolved,4,Positive,Network Outage
IM-2026042563,2026-04-28 00:30:00,CUST-8275,AGT-215,25,10.0,Resolved,4,Neutral,Network Outage
IM-2026042564,2026-04-28 00:45:00,CUST-9951,AGT-204,86,9.1,Resolved,5,Positive,General Inquiry
IM-2026042565,2026-04-28 00:45:00,CUST-5071,AGT-218,26,9.4,Resolved,5,Negative,General Inquiry
IM-2026042566,2026-04-28 00:45:00,CUST-9746,AGT-201,104,6.4,Resolved,4,Positive,Network Outage
IM-2026042567,2026-04-28 00:45:00,CUST-2865,AGT-217,126,11.5,Resolved,4,Positive,Technical Support
IM-2026042568,2026-04-28 01:15:00,CUST-3435,AGT-201,82,10.4,Resolved,5,Negative,Technical Support
IM-2026042569,2026-04-28 01:15:00,CUST-3367,AGT-202,62,21.7,Resolved,4,Positive,General Inquiry
IM-2026042570,2026-04-28 01:15:00,CUST-8212,AGT-233,99,12.7,Resolved,5,Neutral,Billing & Payment
IM-2026042571,2026-04-28 01:30:00,CUST-5120,AGT-213,120,11.0,Resolved,5,Positive,Network Outage
IM-2026042572,2026-04-28 01:30:00,CUST-2371,AGT-224,125,7.5,Resolved,5,Negative,Technical Support
IM-2026042573,2026-04-28 01:45:00,CUST-9733,AGT-203,17,11.5,Resolved,4,Neutral,General Inquiry
IM-2026042574,2026-04-28 01:45:00,CUST-8769,AGT-207,79,4.5,Resolved,4,Positive,Technical Support
IM-2026042575,2026-04-28 02:00:00,CUST-7120,AGT-224,33,10.1,Resolved,5,Neutral,Billing & Payment
IM-2026042576,2026-04-28 02:15:00,CUST-4976,AGT-225,87,6.5,Resolved,5,Positive,Billing & Payment
IM-2026042577,2026-04-28 02:15:00,CUST-7056,AGT-220,15,8.9,Resolved,4,Neutral,Network Outage
IM-2026042578,2026-04-28 02:15:00,CUST-4401,AGT-224,134,20.1,Unresolved,5,Neutral,Technical Support
IM-2026042579,2026-04-28 02:15:00,CUST-4161,AGT-213,25,13.3,Resolved,5,Negative,Technical Support
IM-2026042580,2026-04-28 03:00:00,CUST-8526,AGT-223,97,7.3,Transferred,5,Negative,Technical Support
IM-2026042581,2026-04-28 03:00:00,CUST-3825,AGT-202,41,10.1,Resolved,4,Positive,Network Outage
IM-2026042582,2026-04-28 03:30:00,CUST-3402,AGT-211,403,14.5,Resolved,1,Negative,Technical Support
IM-2026042583,2026-04-28 03:30:00,CUST-6797,AGT-227,44,16.2,Resolved,5,Positive,Technical Support
IM-2026042584,2026-04-28 03:30:00,CUST-3198,AGT-212,46,10.8,Resolved,5,Positive,Technical Support
IM-2026042585,2026-04-28 03:45:00,CUST-7169,AGT-205,116,12.7,Resolved,5,Neutral,Network Outage
IM-2026042586,2026-04-28 04:15:00,CUST-2125,AGT-210,144,11.1,Resolved,5,Neutral,Account Management
IM-2026042587,2026-04-28 05:15:00,CUST-7430,AGT-231,104,9.2,Resolved,5,Positive,Technical Support
IM-2026042588,2026-04-28 05:15:00,CUST-6661,AGT-228,139,14.1,Unresolved,4,Positive,Account Management
IM-2026042589,2026-04-28 05:30:00,CUST-6003,AGT-222,52,11.5,Resolved,5,Positive,Network Outage
IM-2026042590,2026-04-28 05:45:00,CUST-6454,AGT-220,25,6.9,Resolved,4,Positive,Technical Support
IM-2026042591,2026-04-28 06:00:00,CUST-7848,AGT-203,25,14.4,Resolved,5,Neutral,Network Outage
IM-2026042592,2026-04-28 07:15:00,CUST-6224,AGT-215,90,9.8,Resolved,5,Positive,Billing & Payment
IM-2026042593,2026-04-28 07:15:00,CUST-8609,AGT-206,77,5.8,Unresolved,5,Neutral,Technical Support
IM-2026042594,2026-04-28 07:30:00,CUST-7071,AGT-207,33,12.3,Resolved,5,Positive,Account Management
IM-2026042595,2026-04-28 07:30:00,CUST-2707,AGT-213,99,2.0,Resolved,5,Neutral,Billing & Payment
IM-2026042596,2026-04-28 07:45:00,CUST-7058,AGT-209,67,20.7,Resolved,4,Positive,Account Management
IM-2026042597,2026-04-28 07:45:00,CUST-9427,AGT-212,16,14.4,Unresolved,5,Positive,Billing & Payment
IM-2026042598,2026-04-28 09:00:00,CUST-8657,AGT-228,41,7.3,Resolved,4,Negative,Network Outage
IM-2026042599,2026-04-28 09:45:00,CUST-2629,AGT-218,23,18.7,Unresolved,5,Positive,Billing & Payment
IM-2026042600,2026-04-28 10:00:00,CUST-1413,AGT-208,118,6.1,Resolved,3,Positive,Billing & Payment
IM-2026042601,2026-04-28 10:15:00,CUST-1139,AGT-229,243,6.3,Resolved,5,Positive,Account Management
IM-2026042602,2026-04-28 11:00:00,CUST-8690,AGT-207,631,12.2,Unresolved,1,Negative,Network Outage
IM-2026042603,2026-04-28 12:00:00,CUST-8558,AGT-201,155,10.4,Resolved,5,Positive,Technical Support
IM-2026042604,2026-04-28 12:00:00,CUST-2682,AGT-201,101,8.9,Resolved,5,Neutral,Technical Support
IM-2026042605,2026-04-28 12:15:00,CUST-3918,AGT-202,255,10.9,Resolved,5,Positive,Network Outage
IM-2026042606,2026-04-28 12:30:00,CUST-3486,AGT-211,54,7.0,Resolved,5,Neutral,Account Management
IM-2026042607,2026-04-28 12:45:00,CUST-5702,AGT-202,25,14.5,Resolved,4,Neutral,Account Management
IM-2026042608,2026-04-28 12:45:00,CUST-3554,AGT-211,62,6.2,Resolved,3,Positive,Technical Support
IM-2026042609,2026-04-28 12:45:00,CUST-2237,AGT-209,18,15.8,Resolved,4,Positive,Technical Support
IM-2026042610,2026-04-28 13:00:00,CUST-1577,AGT-216,95,14.2,Resolved,3,Positive,Account Management
IM-2026042611,2026-04-28 13:00:00,CUST-7831,AGT-228,41,11.6,Resolved,5,Positive,Billing & Payment
IM-2026042612,2026-04-28 13:00:00,CUST-9262,AGT-233,156,10.0,Resolved,4,Positive,Technical Support
IM-2026042613,2026-04-28 13:30:00,CUST-2915,AGT-216,69,12.5,Resolved,5,Positive,Network Outage
IM-2026042614,2026-04-28 13:30:00,CUST-5455,AGT-212,212,11.7,Transferred,4,Negative,Account Management
IM-2026042615,2026-04-28 13:30:00,CUST-1340,AGT-222,178,10.4,Resolved,5,Positive,Technical Support
IM-2026042616,2026-04-28 13:45:00,CUST-5934,AGT-232,170,7.7,Resolved,3,Neutral,Technical Support
IM-2026042617,2026-04-28 13:45:00,CUST-1481,AGT-229,108,9.2,Resolved,5,Positive,Billing & Payment
IM-2026042618,2026-04-28 14:15:00,CUST-7178,AGT-208,114,20.2,Resolved,3,Neutral,Billing & Payment
IM-2026042619,2026-04-28 14:15:00,CUST-5982,AGT-203,174,17.4,Resolved,5,Neutral,Billing & Payment
IM-2026042620,2026-04-28 15:00:00,CUST-6446,AGT-210,245,8.9,Resolved,4,Negative,Account Management
IM-2026042621,2026-04-28 15:45:00,CUST-5020,AGT-218,89,17.8,Resolved,4,Negative,Account Management
IM-2026042622,2026-04-28 16:45:00,CUST-6255,AGT-201,33,5.8,Resolved,4,Neutral,General Inquiry
IM-2026042623,2026-04-28 17:00:00,CUST-1116,AGT-201,212,16.8,Resolved,4,Positive,Technical Support
IM-2026042624,2026-04-28 17:00:00,CUST-4730,AGT-222,70,6.5,Resolved,5,Positive,Billing & Payment
IM-2026042625,2026-04-28 17:00:00,CUST-6972,AGT-219,63,8.6,Resolved,5,Neutral,Network Outage
IM-2026042626,2026-04-28 17:15:00,CUST-9221,AGT-204,154,11.5,Resolved,4,Positive,Account Management
IM-2026042627,2026-04-28 17:30:00,CUST-3879,AGT-213,23,15.6,Resolved,5,Neutral,Account Management
IM-2026042628,2026-04-28 17:30:00,CUST-3319,AGT-204,15,7.5,Resolved,3,Neutral,Technical Support
IM-2026042629,2026-04-28 18:30:00,CUST-2807,AGT-220,228,6.2,Resolved,4,Neutral,Billing & Payment
IM-2026042630,2026-04-28 18:45:00,CUST-7734,AGT-234,182,11.6,Resolved,4,Positive,Technical Support
IM-2026042631,2026-04-28 19:00:00,CUST-6599,AGT-208,95,11.1,Resolved,5,Neutral,General Inquiry
IM-2026042632,2026-04-28 19:00:00,CUST-2675,AGT-225,192,11.0,Resolved,5,Neutral,Billing & Payment
IM-2026042633,2026-04-28 19:15:00,CUST-7343,AGT-203,27,9.7,Resolved,4,Positive,General Inquiry
IM-2026042634,2026-04-28 19:30:00,CUST-6121,AGT-203,57,14.2,Resolved,4,Positive,Technical Support
IM-2026042635,2026-04-28 19:30:00,CUST-8824,AGT-216,30,10.1,Resolved,5,Positive,Billing & Payment
IM-2026042636,2026-04-28 19:45:00,CUST-6010,AGT-234,29,20.6,Resolved,5,Positive,Network Outage
IM-2026042637,2026-04-28 20:00:00,CUST-7118,AGT-227,243,15.6,Resolved,5,Positive,Account Management
IM-2026042638,2026-04-28 20:45:00,CUST-1163,AGT-216,55,11.3,Resolved,5,Positive,Network Outage
IM-2026042639,2026-04-28 21:00:00,CUST-1233,AGT-221,76,15.4,Resolved,5,Positive,Technical Support
IM-2026042640,2026-04-28 21:30:00,CUST-7417,AGT-216,22,12.3,Resolved,4,Positive,Network Outage
IM-2026042641,2026-04-28 21:30:00,CUST-2749,AGT-212,125,8.3,Resolved,4,Positive,Technical Support
IM-2026042642,2026-04-28 22:00:00,CUST-9585,AGT-227,185,9.7,Resolved,5,Negative,Network Outage
IM-2026042643,2026-04-28 22:30:00,CUST-3878,AGT-226,167,10.1,Unresolved,4,Positive,Billing & Payment
IM-2026042644,2026-04-28 22:45:00,CUST-7590,AGT-207,47,24.2,Resolved,4,Neutral,Account Management
IM-2026042645,2026-04-28 23:00:00,CUST-4591,AGT-207,72,12.8,Resolved,5,Negative,Technical Support
IM-2026042646,2026-04-28 23:30:00,CUST-1403,AGT-229,53,13.4,Resolved,4,Neutral,Account Management
IM-2026042647,2026-04-28 23:30:00,CUST-1805,AGT-222,104,19.0,Resolved,4,Neutral,Account Management
IM-2026042648,2026-04-29 00:00:00,CUST-4204,AGT-210,96,6.1,Resolved,4,Positive,Billing & Payment
IM-2026042649,2026-04-29 00:15:00,CUST-3078,AGT-206,91,11.2,Resolved,5,Positive,Account Management
IM-2026042650,2026-04-29 00:45:00,CUST-7339,AGT-232,67,10.9,Resolved,4,Neutral,Technical Support
IM-2026042651,2026-04-29 01:15:00,CUST-7392,AGT-207,116,15.9,Resolved,5,Neutral,Billing & Payment
IM-2026042652,2026-04-29 01:30:00,CUST-3226,AGT-216,151,9.9,Resolved,5,Negative,Technical Support
IM-2026042653,2026-04-29 02:00:00,CUST-1817,AGT-231,207,10.9,Resolved,4,Negative,Technical Support
IM-2026042654,2026-04-29 02:00:00,CUST-8884,AGT-204,39,8.5,Resolved,4,Positive,Technical Support
IM-2026042655,2026-04-29 02:15:00,CUST-9784,AGT-204,155,8.5,Resolved,5,Positive,Account Management
IM-2026042656,2026-04-29 02:15:00,CUST-9442,AGT-206,250,8.8,Resolved,5,Positive,Network Outage
IM-2026042657,2026-04-29 03:00:00,CUST-6294,AGT-229,157,18.4,Resolved,4,Positive,Technical Support
IM-2026042658,2026-04-29 03:30:00,CUST-5225,AGT-201,75,11.1,Resolved,4,Positive,Billing & Payment
IM-2026042659,2026-04-29 03:30:00,CUST-8163,AGT-218,16,12.2,Resolved,4,Positive,Technical Support
IM-2026042660,2026-04-29 03:45:00,CUST-1547,AGT-213,236,11.3,Resolved,4,Neutral,Network Outage
IM-2026042661,2026-04-29 03:45:00,CUST-2924,AGT-212,52,3.8,Resolved,4,Neutral,Billing & Payment
IM-2026042662,2026-04-29 04:00:00,CUST-8901,AGT-209,68,5.4,Resolved,5,Positive,Billing & Payment
IM-2026042663,2026-04-29 04:00:00,CUST-9226,AGT-222,68,4.7,Resolved,4,Positive,Technical Support
IM-2026042664,2026-04-29 04:30:00,CUST-4229,AGT-234,97,11.6,Unresolved,3,Neutral,Billing & Payment
IM-2026042665,2026-04-29 04:30:00,CUST-2216,AGT-220,267,12.7,Resolved,5,Positive,Network Outage
IM-2026042666,2026-04-29 06:00:00,CUST-5681,AGT-202,124,10.6,Resolved,5,Positive,Technical Support
IM-2026042667,2026-04-29 06:00:00,CUST-3168,AGT-229,21,20.1,Resolved,5,Positive,Billing & Payment
IM-2026042668,2026-04-29 06:15:00,CUST-9438,AGT-201,95,11.7,Resolved,4,Positive,Billing & Payment
IM-2026042669,2026-04-29 07:00:00,CUST-1944,AGT-216,67,16.8,Resolved,4,Negative,Account Management
IM-2026042670,2026-04-29 07:30:00,CUST-5477,AGT-230,212,9.8,Resolved,4,Neutral,Account Management
IM-2026042671,2026-04-29 08:00:00,CUST-1198,AGT-208,31,7.1,Resolved,5,Positive,General Inquiry
IM-2026042672,2026-04-29 08:45:00,CUST-3567,AGT-234,81,7.3,Resolved,5,Positive,Account Management
IM-2026042673,2026-04-29 08:45:00,CUST-1149,AGT-208,94,19.3,Unresolved,4,Positive,Technical Support
IM-2026042674,2026-04-29 09:00:00,CUST-9120,AGT-207,290,15.1,Resolved,5,Positive,Technical Support
IM-2026042675,2026-04-29 09:15:00,CUST-9268,AGT-208,20,9.4,Resolved,5,Positive,Account Management
IM-2026042676,2026-04-29 09:30:00,CUST-6209,AGT-201,20,8.9,Resolved,5,Positive,Technical Support
IM-2026042677,2026-04-29 10:00:00,CUST-1797,AGT-213,16,14.3,Resolved,4,Positive,General Inquiry
IM-2026042678,2026-04-29 10:00:00,CUST-6036,AGT-223,17,16.1,Resolved,5,Negative,Account Management
IM-2026042679,2026-04-29 10:15:00,CUST-9963,AGT-232,26,11.8,Resolved,5,Positive,Network Outage
IM-2026042680,2026-04-29 11:15:00,CUST-3374,AGT-216,22,9.1,Resolved,5,Negative,General Inquiry
IM-2026042681,2026-04-29 11:30:00,CUST-1111,AGT-215,147,13.2,Resolved,5,Positive,General Inquiry
IM-2026042682,2026-04-29 11:30:00,CUST-5857,AGT-231,37,12.8,Resolved,4,Neutral,Account Management
IM-2026042683,2026-04-29 12:00:00,CUST-1984,AGT-220,50,9.6,Unresolved,5,Positive,General Inquiry
IM-2026042684,2026-04-29 13:15:00,CUST-4474,AGT-229,95,9.6,Resolved,5,Neutral,Technical Support
IM-2026042685,2026-04-29 14:30:00,CUST-7178,AGT-204,28,16.6,Resolved,4,Positive,Billing & Payment
IM-2026042686,2026-04-29 14:45:00,CUST-2107,AGT-223,97,13.6,Unresolved,4,Positive,Account Management
IM-2026042687,2026-04-29 14:45:00,CUST-4475,AGT-218,135,13.6,Resolved,4,Positive,Technical Support
IM-2026042688,2026-04-29 15:00:00,CUST-5819,AGT-232,349,15.3,Resolved,1,Neutral,Billing & Payment
IM-2026042689,2026-04-29 15:00:00,CUST-5697,AGT-205,29,14.0,Resolved,4,Positive,Account Management
IM-2026042690,2026-04-29 15:15:00,CUST-9069,AGT-234,30,10.5,Resolved,5,Positive,Account Management
IM-2026042691,2026-04-29 15:15:00,CUST-3214,AGT-220,364,19.0,Unresolved,1,Neutral,General Inquiry
IM-2026042692,2026-04-29 15:30:00,CUST-2761,AGT-208,246,10.2,Resolved,5,Neutral,Account Management
IM-2026042693,2026-04-29 15:30:00,CUST-6891,AGT-220,58,4.9,Resolved,4,Positive,Account Management
IM-2026042694,2026-04-29 16:15:00,CUST-2339,AGT-207,63,23.4,Unresolved,5,Positive,Account Management
IM-2026042695,2026-04-29 16:15:00,CUST-4098,AGT-201,524,11.4,Resolved,1,Neutral,Network Outage
IM-2026042696,2026-04-29 16:30:00,CUST-3824,AGT-222,59,14.3,Transferred,5,Positive,Account Management
IM-2026042697,2026-04-29 16:45:00,CUST-7472,AGT-223,136,8.2,Resolved,5,Positive,Account Management
IM-2026042698,2026-04-29 16:45:00,CUST-4672,AGT-227,145,9.8,Resolved,4,Positive,Account Management
IM-2026042699,2026-04-29 17:00:00,CUST-5408,AGT-211,303,16.1,Resolved,2,Negative,Account Management
IM-2026042700,2026-04-29 17:00:00,CUST-5094,AGT-233,39,12.8,Resolved,5,Positive,Account Management
IM-2026042701,2026-04-29 17:15:00,CUST-1663,AGT-220,26,10.5,Resolved,4,Positive,Network Outage
IM-2026042702,2026-04-29 17:30:00,CUST-2673,AGT-221,290,7.7,Unresolved,4,Negative,Billing & Payment
IM-2026042703,2026-04-29 17:30:00,CUST-6331,AGT-216,103,10.9,Resolved,5,Positive,General Inquiry
IM-2026042704,2026-04-29 17:45:00,CUST-8889,AGT-211,101,15.2,Resolved,4,Positive,Network Outage
IM-2026042705,2026-04-29 18:45:00,CUST-5671,AGT-212,50,21.3,Unresolved,4,Positive,General Inquiry
IM-2026042706,2026-04-29 18:45:00,CUST-2067,AGT-234,157,10.9,Resolved,4,Positive,General Inquiry
IM-2026042707,2026-04-29 18:45:00,CUST-6715,AGT-210,41,9.1,Resolved,5,Negative,Network Outage
IM-2026042708,2026-04-29 19:00:00,CUST-8669,AGT-212,274,12.8,Resolved,4,Neutral,Network Outage
IM-2026042709,2026-04-29 19:00:00,CUST-9266,AGT-206,43,2.0,Resolved,5,Positive,Technical Support
IM-2026042710,2026-04-29 19:15:00,CUST-5133,AGT-229,108,4.3,Resolved,4,Positive,Account Management
IM-2026042711,2026-04-29 19:45:00,CUST-1082,AGT-221,97,12.3,Resolved,5,Neutral,Account Management
IM-2026042712,2026-04-29 19:45:00,CUST-8555,AGT-231,53,8.5,Resolved,5,Neutral,Account Management
IM-2026042713,2026-04-29 20:00:00,CUST-4876,AGT-205,24,8.6,Resolved,4,Positive,Technical Support
IM-2026042714,2026-04-29 20:15:00,CUST-8432,AGT-205,254,5.7,Resolved,5,Neutral,Technical Support
IM-2026042715,2026-04-29 20:15:00,CUST-8555,AGT-211,134,6.2,Resolved,4,Positive,Billing & Payment
IM-2026042716,2026-04-29 20:30:00,CUST-2609,AGT-206,181,17.0,Resolved,4,Positive,Account Management
IM-2026042717,2026-04-29 21:30:00,CUST-1488,AGT-221,58,20.7,Resolved,4,Neutral,Account Management
IM-2026042718,2026-04-29 21:30:00,CUST-1655,AGT-232,51,25.0,Resolved,4,Positive,General Inquiry
IM-2026042719,2026-04-29 22:00:00,CUST-2665,AGT-212,19,7.3,Unresolved,4,Negative,Technical Support
IM-2026042720,2026-04-29 22:15:00,CUST-2749,AGT-218,26,18.1,Resolved,4,Negative,Network Outage
IM-2026042721,2026-04-29 22:15:00,CUST-7068,AGT-218,111,22.7,Resolved,4,Neutral,Billing & Payment
IM-2026042722,2026-04-29 22:15:00,CUST-8826,AGT-214,154,12.9,Resolved,4,Neutral,Technical Support
IM-2026042723,2026-04-29 22:30:00,CUST-9831,AGT-218,22,16.1,Resolved,5,Negative,Billing & Payment
IM-2026042724,2026-04-29 23:15:00,CUST-9457,AGT-207,45,15.9,Resolved,5,Positive,General Inquiry
IM-2026042725,2026-04-29 23:30:00,CUST-9431,AGT-228,15,25.8,Resolved,5,Positive,Billing & Payment
IM-2026042726,2026-04-29 23:30:00,CUST-6237,AGT-223,83,21.5,Resolved,5,Positive,Billing & Payment
IM-2026042727,2026-04-29 23:45:00,CUST-3155,AGT-231,233,11.7,Resolved,5,Positive,Billing & Payment
IM-2026042728,2026-04-30 00:00:00,CUST-2310,AGT-232,15,11.6,Resolved,4,Neutral,Technical Support
IM-2026042729,2026-04-30 00:00:00,CUST-9929,AGT-205,173,17.4,Resolved,4,Positive,Billing & Payment
IM-2026042730,2026-04-30 00:30:00,CUST-8410,AGT-215,222,11.8,Resolved,5,Neutral,General Inquiry
IM-2026042731,2026-04-30 00:45:00,CUST-4033,AGT-206,90,10.4,Resolved,5,Negative,Network Outage
IM-2026042732,2026-04-30 00:45:00,CUST-2927,AGT-230,129,7.5,Resolved,5,Positive,Billing & Payment
IM-2026042733,2026-04-30 01:15:00,CUST-9450,AGT-220,191,7.3,Resolved,5,Neutral,Technical Support
IM-2026042734,2026-04-30 01:30:00,CUST-3092,AGT-229,274,6.3,Unresolved,4,Positive,Billing & Payment
IM-2026042735,2026-04-30 01:30:00,CUST-5930,AGT-231,277,14.3,Resolved,5,Neutral,Technical Support
IM-2026042736,2026-04-30 02:00:00,CUST-8375,AGT-229,22,8.7,Resolved,4,Positive,Network Outage
IM-2026042737,2026-04-30 02:30:00,CUST-2427,AGT-233,94,6.5,Resolved,4,Positive,Account Management
IM-2026042738,2026-04-30 03:00:00,CUST-7039,AGT-228,43,13.6,Resolved,5,Neutral,Billing & Payment
IM-2026042739,2026-04-30 03:00:00,CUST-8738,AGT-218,164,11.2,Resolved,5,Neutral,Technical Support
IM-2026042740,2026-04-30 03:15:00,CUST-6252,AGT-206,46,5.8,Resolved,5,Positive,Account Management
IM-2026042741,2026-04-30 03:15:00,CUST-3944,AGT-204,35,10.6,Resolved,5,Negative,Account Management
IM-2026042742,2026-04-30 04:00:00,CUST-5937,AGT-224,325,10.5,Unresolved,2,Neutral,Billing & Payment
IM-2026042743,2026-04-30 04:15:00,CUST-3125,AGT-223,194,17.4,Resolved,4,Positive,Billing & Payment
IM-2026042744,2026-04-30 04:30:00,CUST-7874,AGT-206,48,18.5,Resolved,5,Neutral,Technical Support
IM-2026042745,2026-04-30 04:45:00,CUST-4305,AGT-209,50,10.2,Resolved,5,Positive,Account Management
IM-2026042746,2026-04-30 05:15:00,CUST-2282,AGT-220,57,15.4,Resolved,3,Positive,Account Management
IM-2026042747,2026-04-30 05:15:00,CUST-6306,AGT-213,149,11.4,Resolved,4,Negative,Account Management
IM-2026042748,2026-04-30 05:15:00,CUST-4862,AGT-201,32,17.4,Resolved,4,Positive,Account Management
IM-2026042749,2026-04-30 05:30:00,CUST-4223,AGT-213,78,17.2,Resolved,5,Neutral,Billing & Payment
IM-2026042750,2026-04-30 05:30:00,CUST-4411,AGT-212,76,14.7,Resolved,3,Positive,Technical Support
IM-2026042751,2026-04-30 06:00:00,CUST-3394,AGT-209,156,17.9,Unresolved,4,Positive,Account Management
IM-2026042752,2026-04-30 06:15:00,CUST-5146,AGT-208,506,11.5,Resolved,2,Negative,Technical Support
IM-2026042753,2026-04-30 06:30:00,CUST-7233,AGT-203,83,8.2,Resolved,5,Positive,Billing & Payment
IM-2026042754,2026-04-30 06:45:00,CUST-9650,AGT-221,89,9.2,Resolved,3,Neutral,Technical Support
IM-2026042755,2026-04-30 06:45:00,CUST-2968,AGT-220,29,20.2,Resolved,5,Neutral,Billing & Payment
IM-2026042756,2026-04-30 07:00:00,CUST-6965,AGT-203,20,18.2,Resolved,5,Positive,Billing & Payment
IM-2026042757,2026-04-30 08:15:00,CUST-4252,AGT-222,28,9.8,Resolved,5,Positive,Billing & Payment
IM-2026042758,2026-04-30 08:30:00,CUST-5449,AGT-205,150,6.3,Resolved,3,Positive,Technical Support
IM-2026042759,2026-04-30 09:00:00,CUST-4990,AGT-214,108,13.7,Resolved,3,Negative,Technical Support
IM-2026042760,2026-04-30 09:45:00,CUST-9555,AGT-224,21,11.5,Resolved,4,Positive,Technical Support
IM-2026042761,2026-04-30 09:45:00,CUST-5827,AGT-214,124,9.8,Resolved,4,Negative,Technical Support
IM-2026042762,2026-04-30 10:45:00,CUST-5617,AGT-217,95,13.6,Resolved,5,Neutral,Account Management
IM-2026042763,2026-04-30 10:45:00,CUST-9844,AGT-201,81,8.7,Resolved,4,Neutral,Network Outage
IM-2026042764,2026-04-30 11:45:00,CUST-4970,AGT-230,195,9.9,Resolved,5,Negative,Billing & Payment
IM-2026042765,2026-04-30 12:00:00,CUST-9346,AGT-205,153,15.8,Resolved,4,Positive,Account Management
IM-2026042766,2026-04-30 12:15:00,CUST-4351,AGT-213,99,10.0,Resolved,3,Positive,Account Management
IM-2026042767,2026-04-30 12:30:00,CUST-1706,AGT-209,42,10.8,Resolved,4,Neutral,Technical Support
IM-2026042768,2026-04-30 12:30:00,CUST-9428,AGT-215,109,12.7,Resolved,5,Positive,Network Outage
IM-2026042769,2026-04-30 12:45:00,CUST-3254,AGT-229,224,22.8,Resolved,5,Positive,General Inquiry
IM-2026042770,2026-04-30 13:00:00,CUST-7538,AGT-210,106,18.6,Resolved,5,Neutral,Account Management
IM-2026042771,2026-04-30 13:00:00,CUST-6733,AGT-221,90,14.7,Unresolved,5,Positive,Billing & Payment
IM-2026042772,2026-04-30 13:00:00,CUST-6064,AGT-223,102,15.6,Unresolved,4,Positive,Billing & Payment
IM-2026042773,2026-04-30 13:30:00,CUST-6621,AGT-207,39,13.7,Resolved,5,Positive,Account Management
IM-2026042774,2026-04-30 13:45:00,CUST-7156,AGT-234,48,16.8,Resolved,4,Neutral,Network Outage
IM-2026042775,2026-04-30 13:45:00,CUST-6244,AGT-217,39,13.8,Resolved,5,Positive,Technical Support
IM-2026042776,2026-04-30 13:45:00,CUST-6951,AGT-219,22,6.6,Resolved,5,Neutral,Account Management
IM-2026042777,2026-04-30 14:00:00,CUST-4366,AGT-232,27,9.0,Transferred,5,Positive,Billing & Payment
IM-2026042778,2026-04-30 14:15:00,CUST-7310,AGT-231,74,7.8,Transferred,4,Neutral,Network Outage
IM-2026042779,2026-04-30 14:15:00,CUST-2954,AGT-213,118,18.8,Resolved,4,Positive,General Inquiry
IM-2026042780,2026-04-30 14:30:00,CUST-1869,AGT-215,141,15.2,Resolved,5,Positive,Billing & Payment
IM-2026042781,2026-04-30 14:45:00,CUST-2941,AGT-213,59,14.0,Resolved,4,Positive,Account Management
IM-2026042782,2026-04-30 15:00:00,CUST-4065,AGT-225,21,10.8,Resolved,5,Positive,Technical Support
IM-2026042783,2026-04-30 15:15:00,CUST-8430,AGT-204,121,3.3,Resolved,5,Positive,General Inquiry
IM-2026042784,2026-04-30 16:15:00,CUST-3026,AGT-229,84,16.2,Resolved,5,Positive,Network Outage
IM-2026042785,2026-04-30 16:30:00,CUST-2088,AGT-217,242,13.0,Resolved,5,Negative,Account Management
IM-2026042786,2026-04-30 17:00:00,CUST-4569,AGT-221,39,7.4,Resolved,4,Positive,Billing & Payment
IM-2026042787,2026-04-30 17:15:00,CUST-9214,AGT-208,226,7.1,Resolved,5,Positive,Billing & Payment
IM-2026042788,2026-04-30 17:15:00,CUST-7067,AGT-207,422,10.4,Unresolved,1,Positive,Account Management
IM-2026042789,2026-04-30 17:30:00,CUST-6048,AGT-220,42,9.3,Resolved,3,Positive,Billing & Payment
IM-2026042790,2026-04-30 17:45:00,CUST-6675,AGT-218,57,18.2,Resolved,4,Negative,Technical Support
IM-2026042791,2026-04-30 18:00:00,CUST-8735,AGT-228,26,10.2,Resolved,5,Positive,Network Outage
IM-2026042792,2026-04-30 18:00:00,CUST-4391,AGT-226,467,14.2,Resolved,1,Positive,Technical Support
IM-2026042793,2026-04-30 18:45:00,CUST-6516,AGT-203,108,8.1,Resolved,4,Positive,Billing & Payment
IM-2026042794,2026-04-30 18:45:00,CUST-4665,AGT-213,216,15.0,Resolved,3,Positive,Billing & Payment
IM-2026042795,2026-04-30 18:45:00,CUST-1011,AGT-224,25,12.5,Resolved,5,Neutral,Billing & Payment
IM-2026042796,2026-04-30 18:45:00,CUST-6934,AGT-231,72,11.6,Resolved,5,Negative,Billing & Payment
IM-2026042797,2026-04-30 19:00:00,CUST-2854,AGT-211,38,24.0,Resolved,5,Negative,Network Outage
IM-2026042798,2026-04-30 19:15:00,CUST-7798,AGT-206,38,11.9,Resolved,4,Neutral,Account Management
IM-2026042799,2026-04-30 19:15:00,CUST-4436,AGT-219,28,11.5,Resolved,5,Positive,Network Outage
IM-2026042800,2026-04-30 19:30:00,CUST-7537,AGT-225,146,5.4,Resolved,5,Positive,Technical Support
